,Open,High,Low,Close,Volume,net_sentiment,sentiment_imputed
0,28.299999237060547,28.71333312988281,28.11400032043457,28.68400001525879,142981500,0.8995163273066282,0
1,29.36666679382324,30.26666641235352,29.12800025939941,29.53400039672852,266677500,0.973885630548466,0
2,29.36466789245605,30.10400009155273,29.33333206176757,30.1026668548584,151995000,-0.1854369342327118,0
3,30.76000022888184,31.441999435424805,30.224000930786133,31.270666122436523,268231500,-0.355640135705471,0
4,31.57999992370605,33.232666015625,31.21533393859864,32.80933380126953,467164500,-0.4206540882587433,0
5,33.13999938964844,33.25333404541016,31.524667739868164,32.089332580566406,426606000,0.9411232015118004,0
6,32.11933135986328,32.3293342590332,31.57999992370605,31.87666702270508,194392500,-0.8241082245949656,0
7,32.900001525878906,35.04199981689453,32.79999923706055,34.990665435791016,397764000,0.0004843515343964,0
8,36.28400039672852,36.49399948120117,34.99333190917969,35.861331939697266,434943000,-0.9958078029594616,0
9,35.31733322143555,35.85599899291992,34.452667236328125,34.56666564941406,260532000,-0.0105639547109603,0
10,32.91666793823242,34.297332763671875,32.81133270263672,34.232666015625,326050500,-0.2359459996223449,0
11,33.840667724609375,34.37799835205078,33.54399871826172,34.03333282470703,204436500,-0.9087063185870649,0
12,35.349998474121094,36.571998596191406,35.227333068847656,36.47999954223633,267052500,0.8528209483483806,0
13,38.1259994506836,39.633331298828125,37.27333450317383,37.97066879272461,470535000,-0.5971885472536087,0
14,37.61666870117188,38.79999923706055,37.040000915527344,38.14666748046875,294765000,-0.9975293236784636,0
15,38.04199981689453,38.25733184814453,36.95066833496094,37.654666900634766,215304000,0.9779861369170249,0
16,36.13266754150391,37.62933349609375,35.95199966430664,37.20133209228516,204121500,-0.2386998829169897,0
17,37.89933395385742,38.45399856567383,37.2053337097168,37.79333114624024,176827500,0.2302889748243615,0
18,38.37933349609375,39.31999969482422,37.82866668701172,38.732666015625,267022500,-0.7654487313702703,0
19,42.16133117675781,43.391998291015625,41.20000076293945,42.72066879272461,435085500,-0.5775005420437083,0
20,42.66666793823242,43.53333282470703,42.167999267578125,43.37133407592773,235789500,-0.0899842549115419,0
21,44.91266632080078,52.40933227539063,44.90133285522461,52.0,705975000,0.3469086736440658,0
22,58.86399841308594,64.59933471679688,55.59199905395508,59.137332916259766,914082000,-0.7191187278367579,0
23,54.88399887084961,56.39866638183594,46.94066619873047,48.97999954223633,726357000,-0.9992795618309174,0
24,46.66133117675781,53.05533218383789,45.79999923706055,49.93066787719727,598212000,-0.0366311301477253,0
25,48.70333480834961,51.31666564941406,48.66666793823242,49.87133407592773,255952500,-0.1381616024300456,0
26,53.33333206176758,54.66600036621094,50.15999984741211,51.41866683959961,370338000,0.3903328606393188,0
27,51.25266647338867,52.23400115966797,50.53333282470703,51.62533187866211,175462500,-0.9982013750413898,0
28,51.858001708984375,52.650001525878906,50.891334533691406,51.15266799926758,180337500,-0.9819208271801472,0
29,49.45600128173828,54.53333282470703,49.0,53.59999847412109,394339500,-0.4846015333508451,0
30,52.4813346862793,54.198001861572266,52.36666870117188,53.33533477783203,235405500,-0.9963479657890276,0
31,56.106666564941406,57.33333206176758,55.490665435791016,57.22666549682617,245725500,-0.99510782136349,0
32,61.56666564941406,62.98533248901367,60.06800079345703,61.16133117675781,381345000,-0.4428008794784546,0
33,60.79666519165039,60.79999923706055,57.3293342590332,59.96066665649414,264523500,0.0376772114541381,0
34,60.46533203125,60.87066650390625,58.6966667175293,60.06666564941406,214722000,-0.9983722210163252,0
35,55.93333435058594,57.56666564941406,54.81333160400391,55.58599853515625,227883000,-0.0615690378472209,0
36,56.59999847412109,57.106666564941406,52.46666717529297,53.32733154296875,259357500,-0.2569178640842438,0
37,52.16666793823242,54.22066879272461,51.740665435791016,51.91999816894531,211282500,-0.9954967079684138,0
38,48.66666793823242,49.31800079345703,44.59999847412109,45.26666641235352,364158000,-0.0560478512197732,0
39,41.97999954223633,46.03466796875,40.76800155639648,44.53266525268555,363343500,-0.4214632799848914,0
40,47.41733169555664,49.5793342590332,45.77799987792969,49.574668884277344,302925000,0.6170515322592109,0
41,53.66666793823242,53.79866790771485,47.740665435791016,49.70066833496094,386760000,0.0523301213979721,0
42,50.93066787719727,51.10133361816406,48.31533432006836,49.96666717529297,225735000,-0.8866070865187794,0
43,48.2513313293457,49.71666717529297,47.87133407592773,48.30266571044922,162790500,-0.9489112719893456,0
44,46.0,47.133331298828125,45.61800003051758,46.89866638183594,189943500,0.8545389634091407,0
45,40.35933303833008,44.20000076293945,40.33333206176758,40.53333282470703,256105500,-0.2026009000837803,0
46,43.96200180053711,44.53333282470703,40.53333282470703,43.02199935913086,233916000,-0.8156959861516953,0
47,42.68000030517578,43.571998596191406,40.86666870117188,42.28200149536133,199837500,-0.0167953968048095,0
48,38.72600173950195,39.633331298828125,36.41666793823242,37.369998931884766,283636500,-0.4000654220581054,0
49,39.66666793823242,40.50466537475586,33.46666717529297,36.44133377075195,339604500,0.0090067130513489,0
50,31.299999237060547,32.9913330078125,29.47800064086914,29.67133331298828,307342500,-0.9964705629390664,0
51,29.333999633789062,31.456666946411133,26.39999961853028,28.68000030517578,359919000,-0.8052766099572182,0
52,25.933332443237305,26.99066734313965,23.367332458496094,24.08133316040039,356793000,-0.2519103717058897,0
53,24.979999542236328,30.13333320617676,23.8973331451416,28.50933265686035,452932500,-0.995469710760517,0
54,29.21333312988281,31.799999237060547,28.38599967956543,28.50200080871582,424282500,-0.0027793766930699,0
55,28.906667709350582,29.46666717529297,27.36666679382324,28.952667236328125,246817500,-0.6496085431426764,0
56,31.81999969482422,34.24599838256836,31.600000381469727,33.66666793823242,343428000,-0.9146201396360992,0
57,36.34999847412109,37.133331298828125,34.07400131225586,35.95000076293945,318340500,0.5793318506912328,0
58,36.49266815185547,37.33333206176758,34.150001525878906,35.21066665649414,260710500,-0.5349418257828802,0
59,33.66666793823242,35.0533332824707,32.935333251953125,34.29066848754883,215661000,-0.523902126122266,0
60,34.017333984375,34.44333267211914,32.7486686706543,33.47533416748047,179971500,-0.0786331654526293,0
61,33.41666793823242,36.19733428955078,33.133331298828125,34.93333435058594,266572500,-0.0104611776769161,0
62,33.599998474121094,34.26333236694336,31.67333221435547,32.104000091552734,200298000,-0.9863004840444772,0
63,32.06866836547852,32.95066833496094,29.76000022888184,30.29800033569336,297876000,-0.7203388507477939,0
64,33.96666717529297,34.36600112915039,31.22599983215332,32.000667572021484,338431500,-0.3497470282018184,0
65,34.08000183105469,34.733333587646484,33.19733428955078,34.41600036621094,223527000,0.4140416327863931,0
66,36.33333206176758,37.66666793823242,35.48933410644531,36.36333465576172,268797000,-0.8635727744549513,0
67,36.9466667175293,37.14733123779297,35.55533218383789,36.589332580566406,189840000,0.2809927274356596,0
68,37.4726676940918,38.345333099365234,37.14066696166992,38.20000076293945,204750000,-0.5293751549130926,0
69,39.34400177001953,43.46666717529297,38.70199966430664,43.39666748046875,337131000,0.4322013985365629,0
70,46.59799957275391,49.45866775512695,46.1619987487793,47.32600021362305,458647500,-0.5612956881523132,0
71,49.46666717529297,50.20866775512695,47.33333206176758,48.65533447265625,353655000,-0.996896342607215,0
72,47.79600143432617,50.630001068115234,47.11466598510742,49.68066787719727,309868500,-0.3152236235328018,0
73,51.48533248901367,51.663333892822266,49.84400177001953,50.25933456420898,196923000,-0.9182404465973376,0
74,48.8466682434082,51.03799819946289,47.48066711425781,49.75733184814453,221199000,-0.6142873573407996,0
75,48.67466735839844,50.22200012207031,44.91933441162109,45.78133392333984,303136500,-0.709521982294973,0
76,46.93199920654297,48.93333435058594,45.91400146484375,48.80733489990234,212482500,0.3779405591388543,0
77,48.50666809082031,48.93333435058594,46.87533187866211,47.04199981689453,198550500,-0.3791562765836715,0
78,47.387332916259766,48.71533203125,46.54533386230469,48.34333419799805,198180000,0.0025292923673987,0
79,49.17399978637695,53.29933166503906,49.0,53.25,310221000,-0.1981615859549492,0
80,53.042667388916016,53.66666793823242,50.44599914550781,51.27466583251953,228330000,0.0228904604446142,0
81,52.678001403808594,53.54666519165039,52.21066665649414,53.367332458496094,243240000,-0.0632317857816815,0
82,57.01266860961914,57.98799896240234,50.900001525878906,52.12533187866211,427078500,0.0340001950971782,0
83,50.33333206176758,51.51800155639648,45.5359992980957,46.75466537475586,487977000,-0.0022515533491969,0
84,46.73333358764648,50.79999923706055,46.53333282470703,50.74599838256836,288556500,0.1482514068484306,0
85,52.65266799926758,53.26133346557617,50.8120002746582,51.2140007019043,254875500,-0.8761205449700356,0
86,51.76666641235352,52.6533317565918,50.740665435791016,52.172000885009766,166848000,0.2004755362868309,0
87,51.81399917602539,53.09333419799805,51.4900016784668,52.00266647338867,172915500,-0.4066525399684906,0
88,52.917999267578125,54.93333435058594,52.46733474731445,54.62799835205078,241297500,-0.0940714012831449,0
89,52.70066833496094,54.93333435058594,52.33333206176758,54.08599853515625,247794000,0.9519526585936546,0
90,55.133331298828125,56.21933364868164,53.86666870117188,53.96066665649414,238603500,-0.9863134189508856,0
91,54.72200012207031,55.06666564941406,50.88666534423828,52.73066711425781,285982500,-0.5020136721432209,0
92,52.0,53.55733489990234,50.93333435058594,53.55533218383789,205233000,-0.4895942360162735,0
93,52.68999862670898,53.66999816894531,52.436668395996094,53.27799987792969,157776000,-0.9905936238355936,0
94,55.185333251953125,55.64799880981445,53.59199905395508,54.242000579833984,174987000,0.0156239159405231,0
95,54.34466552734375,54.80466842651367,53.73866653442383,53.867332458496094,144547500,-0.8242870979011059,0
96,54.70000076293945,55.06666564941406,54.119998931884766,54.37066650390625,109639500,-0.5233494164422154,0
97,54.400001525878906,55.5,53.06666564941406,55.17333221435547,183819000,-0.4624702930450439,0
98,54.81133270263672,55.45199966430664,54.133331298828125,54.45866775512695,149812500,-0.3119199194285708,0
99,55.633331298828125,55.63999938964844,54.38066864013672,54.5913314819336,121345500,-0.1601732149720192,0
100,54.7239990234375,55.18066787719727,52.33333206176758,54.68199920654297,173242500,0.3954200458247214,0
101,54.23400115966797,54.98333358764648,53.44599914550781,53.72066879272461,108834000,0.4784560054540634,0
102,53.91666793823242,55.66666793823242,53.61399841308594,55.66666793823242,176467500,-0.0345170418731868,0
103,57.20000076293945,59.93333435058594,56.93999862670898,59.87333297729492,224092500,-0.999025574652478,0
104,59.64666748046875,60.57733154296875,58.06666564941406,58.77066802978516,203484000,-0.3463018932379782,0
105,59.20800018310547,59.86266708374024,58.67333221435547,58.86399841308594,119242500,0.9405846868176012,0
106,59.32533264160156,59.71666717529297,57.22933197021485,57.62533187866211,133315500,0.7208414413034916,0
107,58.52266693115234,59.10133361816406,57.74666595458984,59.04399871826172,117178500,0.0801661610603332,0
108,61.26666641235352,63.33333206176758,60.61066818237305,63.32799911499024,212620500,-0.0145145636051893,0
109,62.66733169555664,63.62933349609375,61.595333099365234,62.711334228515625,170823000,-0.4987038283143192,0
110,66.12533569335938,68.49866485595703,65.5,68.336669921875,278451000,0.3370086848735809,0
111,66.01333618164062,67.9306640625,64.80000305175781,64.85600280761719,238747500,-0.1066175252199173,0
112,65.33333587646484,65.8653335571289,60.84000015258789,62.35200119018555,251451000,0.1324835941195488,0
113,61.18600082397461,66.5893325805664,60.56666564941406,66.05999755859375,235458000,-0.3401675224304199,0
114,67.4566650390625,67.52532958984375,64.15933227539062,65.47533416748047,210766500,0.062079828698188,0
115,65.84733581542969,67.0,65.50466918945312,66.11933135986328,148362000,-0.1236116960644722,0
116,66.86666870117188,67.94667053222656,66.2979965209961,66.9306640625,146278500,-0.0130675011314451,0
117,67.51866912841797,67.73133087158203,66.0893325805664,66.72666931152344,130195500,0.4897560519748367,0
118,66.663330078125,67.2586669921875,66.00133514404297,66.28800201416016,95436000,0.51099918410182,0
119,66.59200286865234,67.46666717529297,66.267333984375,66.78533172607422,95479500,-0.8106585778295994,0
120,66.27400207519531,66.72533416748047,63.542667388916016,64.0566635131836,164394000,-0.8186228713020682,0
121,63.61800003051758,65.73200225830078,62.47666549682617,65.73200225830078,138817500,0.5455566048622131,0
122,66.31866455078125,66.33333587646484,63.65800094604492,63.982666015625,132823500,0.0794625766575336,0
123,64.60066986083984,67.33333587646484,63.23466873168945,67.29000091552734,135396000,0.0102002220228314,0
124,67.0999984741211,72.51266479492188,66.91533660888672,71.98733520507812,253777500,0.831930186599493,0
125,72.19999694824219,75.68866729736328,72.03333282470703,74.64199829101562,199903500,0.2303893659263849,0
126,81.43199920654297,81.86666870117188,79.04000091552734,80.57733154296875,258751500,0.0022336272522807,0
127,85.11266326904297,91.85266876220705,84.40266418457031,91.43866729736328,308548500,0.9026007615029812,0
128,93.6673355102539,95.3000030517578,89.11399841308594,92.65733337402344,322345500,-0.6873143914854154,0
129,93.66666412353516,94.48400115966795,87.42266845703125,91.05867004394533,244669500,0.3976330927107483,0
130,93.1326675415039,93.90399932861328,90.08533477783205,92.9520034790039,175764000,-0.2789356620050967,0
131,93.06666564941406,103.2613296508789,91.73400115966795,102.97666931152344,350064000,-0.6280711740255356,0
132,110.5999984741211,119.66600036621094,98.0739974975586,99.8040008544922,584781000,0.2883826848119497,0
133,103.73332977294922,106.0,95.4000015258789,101.12000274658205,351271500,0.9041135720908642,0
134,102.86666870117188,103.33333587646484,97.13333129882812,103.06732940673828,245517000,0.9514885153621436,0
135,98.47733306884766,102.11399841308594,97.73332977294922,100.04266357421876,214512000,-0.6041503373999149,0
136,100.89666748046876,102.50066375732422,99.33333587646484,100.05599975585938,139950000,0.5809476226568222,0
137,101.267333984375,110.0,99.1999969482422,109.53333282470705,256821000,0.0676790103316307,0
138,109.32866668701172,111.66666412353516,103.86666870117188,104.55733489990234,241608000,0.7136185131967068,0
139,106.5999984741211,108.4280014038086,104.13333129882812,106.15533447265624,212416500,-0.0754876810824498,0
140,111.93000030517578,112.5999984741211,98.71800231933594,100.87133026123048,364927500,-0.54582903906703,0
141,94.40066528320312,97.66666412353516,91.10266876220705,94.46666717529295,290949000,-0.9684773094340926,0
142,95.66666412353516,103.1959991455078,94.1999969482422,102.63999938964844,240730500,0.0937459059059619,0
143,100.26667022705078,104.3133316040039,98.29467010498048,98.43267059326172,237130500,-0.4976303414441645,0
144,100.06666564941406,102.32066345214844,99.13333129882812,99.94066619873048,141403500,0.6893902122974396,0
145,99.1999969482422,100.8826675415039,98.06666564941406,99.16600036621094,114315000,-0.0503367390483617,0
146,101.0,101.13666534423828,94.73200225830078,95.38400268554688,183123000,-0.9972885222523472,0
147,96.61333465576172,100.65399932861328,96.29199981689452,99.0,132139500,-0.1146641913801431,0
148,99.6673355102539,101.82733154296876,97.46666717529295,99.13333129882812,126225000,-0.1643627260345965,0
149,99.5326690673828,99.98933410644533,97.88733673095705,99.00133514404295,74217000,-0.2307315819586316,0
150,99.38866424560548,101.15399932861328,98.48400115966795,99.30533599853516,89884500,0.2225458924658596,0
151,99.96932983398438,99.98332977294922,94.33399963378906,96.84733581542967,133446000,-0.2623338503763079,0
152,96.53333282470705,97.16666412353516,92.38933563232422,94.5713348388672,112834500,-0.907748213969171,0
153,93.06666564941406,94.66666412353516,91.0,91.6259994506836,129387000,-0.4368967376067303,0
154,98.0,105.66666412353516,95.66666412353516,103.65066528320312,327441000,-0.2886026240885257,0
155,107.4000015258789,110.07866668701172,104.48400115966795,108.06666564941406,306379500,0.8747654557228088,0
156,110.99933624267578,111.25333404541016,108.44266510009766,110.04733276367188,188664000,-0.9679835932329296,0
157,111.8000030517578,123.05733489990234,111.52200317382812,122.3759994506836,303634500,0.1849505004453628,0
158,126.59933471679688,128.25999450683594,123.00733184814452,125.80599975585938,247117500,0.3705947219859808,0
159,124.33333587646484,127.4000015258789,122.74732971191406,125.23533630371094,183079500,-0.0480537399416789,0
160,124.04533386230467,134.79933166503906,123.8040008544922,133.45533752441406,309177000,0.0433790236711502,0
161,136.3173370361328,139.69932556152344,135.00332641601562,136.6653289794922,322344000,-0.3521626302972436,0
162,141.7519989013672,141.93333435058594,128.50132751464844,134.27999877929688,300954000,0.7214962393045425,0
163,131.65933227539062,135.19667053222656,131.1999969482422,134.8893280029297,159883500,-0.9986289781227242,0
164,137.3333282470703,144.39999389648438,136.90866088867188,143.54466247558594,213591000,0.8627095930278301,0
165,145.36399841308594,153.0399932861328,142.8333282470703,149.25,355395000,0.9745664126239716,0
166,153.00799560546875,154.5659942626953,145.76800537109375,147.55999755859375,301218000,0.1707580983638763,0
167,148.20333862304688,166.7133331298828,146.70333862304688,166.10667419433594,355123200,0.6196413318781803,0
168,167.3800048828125,167.49667358398438,156.836669921875,158.35000610351562,269523300,-0.1303503215312957,0
169,159.663330078125,159.67999267578125,135.0399932861328,149.1233367919922,288528300,-0.9340099524706602,0
170,135.7433319091797,143.93333435058594,134.0,135.6666717529297,262788300,-0.9993500404380028,0
171,134.27000427246094,142.6666717529297,124.00666809082033,139.44000244140625,330965700,-0.6670698150992393,0
172,118.66666412353516,122.913330078125,109.95999908447266,110.06999969482422,346397100,-0.4873405480757355,0
173,118.86666870117188,123.0,113.836669921875,122.09333038330078,238397400,-0.0390332490205764,0
174,128.73666381835938,132.99667358398438,120.1866683959961,123.77999877929688,254791800,-0.9516176339238882,0
175,127.3133316040039,127.5,120.16666412353516,124.23999786376952,182152500,0.0174290686845779,0
176,126.98332977294922,140.0,124.43333435058594,139.8733367919922,249061800,0.1019432805478572,0
177,145.52000427246094,153.97999572753906,143.56666564941406,149.9199981689453,291894600,0.1750817329933246,0
178,146.6233367919922,152.59666442871094,145.10333251953125,147.25332641601562,216837900,-0.354334958596155,0
179,138.53334045410156,145.92999267578125,136.0,141.14332580566406,230337600,-0.4755595102906227,0
180,149.31333923339844,150.3333282470703,142.93333435058594,147.38333129882812,259220400,0.1464894860982895,0
181,151.0433349609375,151.89332580566406,135.69000244140625,149.79666137695312,328430400,-0.8326594568789005,0
182,143.1999969482422,145.9199981689453,139.1999969482422,141.41000366210938,238742400,-0.3721347226528451,0
183,135.05332946777344,137.38333129882812,125.2933349609375,126.7866668701172,285222600,-0.175554736983031,0
184,121.26667022705078,133.1666717529297,117.0999984741211,129.26333618164062,289683300,-0.8540567588061094,0
185,131.1566619873047,136.2433319091797,130.43333435058594,135.77999877929688,201625500,-0.0597503972239792,0
186,141.5399932861328,142.69332885742188,138.51666259765625,140.39999389648438,149158800,-0.9990237624151632,0
187,138.6666717529297,142.8333282470703,137.1999969482422,139.69000244140625,150657900,-0.160087201744318,0
188,140.44000244140625,144.64332580566406,140.1566619873047,143.00332641601562,144436800,0.044706399552524,0
189,146.9199981689453,149.6266632080078,144.80667114257812,149.3866729736328,152224500,0.8346837423741817,0
190,140.4633331298828,146.3766632080078,138.3333282470703,138.3633270263672,214290000,-0.845671609044075,0
191,141.11666870117188,144.54666137695312,139.77667236328125,141.89332580566406,134168400,-0.0910512744449079,0
192,141.26333618164062,142.92666625976562,135.35000610351562,137.9933319091797,147438900,-0.4597445882391184,0
193,139.9566650390625,143.3000030517578,137.9499969482422,141.76666259765625,129383100,-0.0823894329369068,0
194,146.14666748046875,146.3333282470703,141.76666259765625,141.97332763671875,121263300,-0.6138646947219968,0
195,143.3766632080078,144.8633270263672,142.15333557128906,144.6666717529297,86777100,0.1958603855067243,0
196,147.3333282470703,149.5800018310547,146.19332885742188,147.43333435058594,116373300,-0.994607771281153,0
197,147.78334045410156,149.6300048828125,145.53334045410156,148.88333129882812,103391100,0.6697712764143944,0
198,149.92666625976562,155.3000030517578,149.11666870117188,153.76666259765625,143639100,-0.0017589721828699,0
199,150.10333251953125,152.19000244140625,147.5,149.6266632080078,107017200,-0.4752136248280294,0
200,151.47999572753906,151.98333740234375,146.28334045410156,146.55667114257812,98327700,-0.2413131296634674,0
201,148.74667358398438,149.0,142.9566650390625,143.61000061035156,108863400,0.66468246281147,0
202,143.9166717529297,143.9166717529297,139.68333435058594,140.64666748046875,94968900,-0.2463490983936935,0
203,140.89999389648438,144.31666564941406,140.4166717529297,140.8800048828125,97111500,0.1651844502484891,0
204,147.30667114257812,148.41000366210938,141.50332641601562,141.92999267578125,119979600,0.3831493185134604,0
205,140.6133270263672,140.9633331298828,135.7933349609375,140.2100067138672,101151000,0.1381666958332061,0
206,137.2100067138672,141.9199981689453,136.6666717529297,140.0933380126953,84717600,-0.4816587611567229,0
207,141.25332641601562,143.5,140.03334045410156,141.55999755859375,68059500,-0.7974735845346004,0
208,138.82666015625,139.53334045410156,135.3333282470703,135.33999633789062,76354200,0.9657956605078653,0
209,136.65333557128906,139.35333251953125,135.48666381835938,136.94332885742188,67965900,0.0175520777702331,0
210,135.63333129882812,135.8633270263672,126.37000274658205,129.34666442871094,127533900,-0.673401715233922,0
211,131.3333282470703,135.66000366210938,130.76666259765625,133.50332641601562,87063300,0.1797397434565937,0
212,136.57666015625,142.58999633789062,135.56333923339844,141.3000030517578,103055100,0.9171841852366924,0
213,143.5399932861328,145.13333129882812,139.03334045410156,140.32666015625,96429300,-0.3780836947262287,0
214,142.76666259765625,146.6666717529297,141.3333282470703,146.02999877929688,85243500,0.1781388192127148,0
215,145.36666870117188,145.52333068847656,141.42666625976562,143.31666564941406,65118000,-0.2118904627859592,0
216,146.5,150.8333282470703,140.3333282470703,140.4199981689453,104499000,-0.9904199727170636,0
217,140.02999877929688,140.02999877929688,132.00999450683594,136.7866668701172,90852600,-0.9487328893737867,0
218,138.81666564941406,139.56666564941406,136.86000061035156,139.0433349609375,52073100,-0.7785643002280267,0
219,138.35000610351562,141.0,136.5066680908203,137.25332641601562,59565300,-0.6988406516611576,0
220,136.9499969482422,137.50999450683594,133.8866729736328,136.1666717529297,59313300,-0.7063486129045486,0
221,136.30999755859375,137.48333740234375,134.69667053222656,136.02999877929688,80515800,0.3645263761281967,0
222,153.38999938964844,154.0,144.336669921875,147.20333862304688,183564900,-0.3557189297037742,0
223,149.4499969482422,165.3333282470703,147.8333282470703,162.2133331298828,234132000,0.8630361193208955,0
224,164.0,169.5366668701172,162.52333068847656,166.42333984375,187425900,0.1602084189653396,0
225,165.99667358398438,167.5,163.02000427246094,163.20333862304688,98735700,-0.738517845980823,0
226,167.8333282470703,175.3333282470703,167.26333618164062,173.9499969482422,150780900,0.9464082708582282,0
227,180.13333129882812,186.663330078125,175.39999389648438,185.1266632080078,160945500,0.5035931020975113,0
228,183.35333251953125,191.3333282470703,181.7899932861328,191.3333282470703,146790600,-0.0567995086312294,0
229,193.72000122070312,199.5933380126953,192.8166656494141,195.2533264160156,112683300,-0.3454933132355411,0
230,200.73666381835932,202.6000061035156,184.836669921875,189.1999969482422,189009300,-0.7761390020605177,0
231,199.19667053222656,199.2833404541016,190.683334350586,194.9199981689453,120310500,-0.1008141236379742,0
232,185.47999572753903,190.51333618164065,180.40333557128903,189.606674194336,143327100,-0.5127155380323529,0
233,196.67333984375,199.6566619873047,194.1433258056641,197.7933349609375,127656000,0.1525611896067857,0
234,197.0033264160156,199.67999267578125,195.1666717529297,199.67999267578125,88203900,0.9209977686405182,0
235,201.63999938964844,216.26333618164065,201.01666259765625,213.9199981689453,168929100,0.5163806229829788,0
236,208.5033264160156,217.0933380126953,206.1666717529297,216.6266632080078,192795000,-0.9975668133702128,0
237,217.89666748046875,218.106674194336,196.0,201.4933319091797,213873600,-0.9895491846837104,0
238,191.4566650390625,209.25,188.77999877929688,209.02333068847656,201249600,-0.9586144983768464,0
239,205.0033264160156,208.0,198.933334350586,203.3300018310547,139425000,-0.6276061292737722,0
240,206.3333282470703,214.25,203.3999938964844,213.27667236328125,156121800,-0.8478948436677456,0
241,214.4266662597656,215.63333129882807,207.933334350586,211.0833282470703,135214500,-0.9687605333747342,0
242,209.41000366210932,210.8333282470703,201.6666717529297,207.58999633789065,126287400,-0.8024533726274967,0
243,209.39666748046875,219.606674194336,206.5,218.63333129882807,168810300,-0.9886325038969516,0
244,222.96665954589844,231.6666717529297,209.51333618164065,231.6666717529297,666378600,-0.1496509220451116,0
245,222.0800018310547,222.8333282470703,215.356674194336,216.6199951171875,174135900,-0.9666285468265414,0
246,216.0,216.6266632080078,204.7433319091797,213.44667053222656,155148000,0.3253056835383177,0
247,210.7333374023437,217.1666717529297,207.52333068847656,215.32666015625,99519000,0.4967623855918646,0
248,214.3300018310547,222.02999877929688,213.6666717529297,220.58999633789065,68596800,-0.4404334550102551,0
249,224.836669921875,227.13333129882807,220.26666259765625,221.22999572753903,96835800,0.1825244347564876,0
250,220.3333282470703,223.3000030517578,218.3333282470703,221.9966735839844,68732400,0.2979790866374969,0
251,224.0,232.1999969482422,222.7866668701172,231.5933380126953,128538000,-0.9992423165822402,0
252,233.3300018310547,239.5733337402344,230.3733367919922,235.22332763671875,148949700,-0.6374133449862711,0
253,239.82000732421875,248.163330078125,239.06333923339844,243.2566680908203,145914600,0.2802739143371582,0
254,241.22000122070312,246.94667053222656,239.7333374023437,245.0366668701172,96735600,0.0215309490449726,0
255,252.8300018310547,258.0,249.6999969482422,251.9933319091797,134100000,-0.1061603277921676,0
256,259.2099914550781,272.3299865722656,258.3999938964844,272.0133361816406,154496700,-0.962159335031174,0
257,285.3333435058594,294.8299865722656,279.4633178710937,293.3399963378906,225166500,0.0927724629873409,0
258,283.1333312988281,284.8099975585937,267.8733215332031,270.39666748046875,177904800,0.1117866933345794,0
259,277.0,289.3333435058594,275.7799987792969,283.14666748046875,138812100,-0.3565695896395482,0
260,284.2533264160156,286.8233337402344,277.3333435058594,284.8033447265625,99937500,-0.9045640900731088,0
261,281.1300048828125,287.6666564941406,279.5833435058594,281.6666564941406,93798900,-0.9508526166900992,0
262,284.0,286.6333312988281,273.0333251953125,275.3866577148437,116332800,-0.5669839807475606,0
263,279.26666259765625,283.3333435058594,277.6666564941406,281.51666259765625,76101000,-0.3935621411947068,0
264,286.2466735839844,286.5,279.09332275390625,283.4833374023437,76997700,-0.9960028369678184,0
265,285.0,285.239990234375,280.47332763671875,281.663330078125,61563300,0.3170076254755258,0
266,278.10333251953125,282.6666564941406,276.2066650390625,282.2133178710937,60199500,-0.0636068396270275,0
267,285.0,300.1333312988281,279.6066589355469,293.6000061035156,123520200,-0.89718096726574,0
268,297.1266784667969,298.6333312988281,290.5333251953125,294.36334228515625,69394800,-0.3492505182512104,0
269,290.1166687011719,297.1666564941406,286.2200012207031,288.0533447265625,82002000,-0.4886191340629011,0
270,273.3333435058594,282.6666564941406,267.0,278.4766540527344,79134000,-0.0069855358451604,0
271,276.6666564941406,280.8033447265625,260.0333251953125,264.510009765625,104972400,-0.8485883381217718,0
272,271.42999267578125,280.6666564941406,265.1866760253906,279.9366760253906,76174200,0.1769939516671002,0
273,281.5599975585937,293.5,280.7333374023437,290.92999267578125,73038600,0.0465843984857201,0
274,292.3399963378906,292.6933288574219,284.35333251953125,284.89666748046875,55030500,-0.7132200673222542,0
275,285.0,285.5,277.8066711425781,283.3299865722656,47438100,0.2476296019740402,0
276,281.6666564941406,288.25665283203125,279.6566772460937,284.07666015625,55699800,0.857590464875102,0
277,289.8900146484375,292.5899963378906,284.9166564941406,287.8066711425781,60485100,-0.9024357702583076,0
278,285.0400085449219,286.6000061035156,280.5833435058594,283.1533203125,45473100,-0.0574247725307941,0
279,281.2133178710937,281.6066589355469,266.67333984375,268.2733459472656,108648300,-0.6184364557266235,0
280,270.8133239746094,276.6266784667969,267.24334716796875,270.5533447265625,64868400,-0.4402546947094379,0
281,267.086669921875,272.4433288574219,261.77667236328125,272.0400085449219,71304900,-0.9985776365501806,0
282,272.6666564941406,273.6666564941406,264.14666748046875,265.4066772460937,59406900,0.2338862372562289,0
283,259.6966552734375,266.61334228515625,254.0033264160156,266.04998779296875,77989500,-0.9910784461535512,0
284,260.29998779296875,264.89666748046875,258.75665283203125,262.4599914550781,53871300,0.9667964269174264,0
285,265.0,265.5966796875,259.1233215332031,260.4333190917969,56874900,-0.4000958316028118,0
286,254.2133331298828,256.1666564941406,236.7333374023437,238.1666717529297,111809100,-0.1160929882898926,0
287,220.7100067138672,237.8699951171875,206.3333282470703,232.94667053222656,199820700,-0.9229876033223264,0
288,237.2833404541016,248.3333282470703,231.38999938964844,247.33999633789065,110301000,0.7486290484666824,0
289,242.0500030517578,245.73666381835932,223.52667236328125,227.4066619873047,117071700,0.1507402053102851,0
290,233.3333282470703,235.5666656494141,219.836669921875,225.1666717529297,123267600,-0.2996889147907495,0
291,230.0366668701172,239.6666717529297,228.3500061035156,239.47666931152344,81408600,-0.794508807361126,0
292,239.4266662597656,240.3699951171875,228.3333282470703,228.81333923339844,71196600,-0.9639349098142702,0
293,229.3300018310547,233.5666656494141,217.23666381835932,217.7333374023437,90624000,0.4935177705920068,0
294,218.6000061035156,222.8166656494141,200.0,207.14666748046875,197758500,-0.6030268426984549,0
295,208.6866607666016,209.27999877929688,179.8300018310547,199.3166656494141,268189500,0.4896428269858006,0
296,200.183334350586,206.7100067138672,186.26333618164065,187.6666717529297,155361000,0.1260923608206212,0
297,202.72666931152344,226.02999877929688,198.40333557128903,224.52667236328125,202569900,-0.9922198746353388,0
298,233.433334350586,239.2833404541016,218.35333251953125,222.6866607666016,181817100,-0.9653620715253056,0
299,233.13333129882807,234.1666717529297,225.72666931152344,233.1999969482422,108761700,-0.0233582678095748,0
300,223.3333282470703,231.6266632080078,222.04666137695312,231.2433319091797,100751400,0.9142886498011648,0
301,231.3633270263672,237.72666931152344,228.01333618164065,235.97999572753903,88006800,0.3935691006481647,0
302,234.4499969482422,235.97332763671875,223.6666717529297,225.6266632080078,96587100,-0.0486087395111098,0
303,218.9566650390625,234.57666015625,217.0033264160156,233.9366607666016,121117500,-0.6450095345207956,0
304,228.0966644287109,229.7433319091797,217.3333282470703,217.72000122070312,99674400,-0.1572367832413874,0
305,215.5333404541016,219.07666015625,208.2066650390625,218.2899932861328,128682000,0.3553597860979304,0
306,228.19667053222656,233.2066650390625,222.9166717529297,223.3333282470703,118536600,-0.4928308853413909,0
307,225.2566680908203,225.933334350586,219.1699981689453,220.72000122070312,91475700,-0.3837740384042263,0
308,222.6366729736328,222.67333984375,210.0366668701172,210.08999633789065,101385600,-0.2379393577575683,0
309,204.3333282470703,215.1666717529297,203.1666717529297,213.4633331298828,117674700,-0.604749254649505,0
310,213.9566650390625,214.606674194336,199.9633331298828,206.23666381835932,101558400,-0.2089465707540512,0
311,205.2133331298828,205.4933319091797,198.67333984375,203.76333618164065,85911000,0.5395637089386582,0
312,200.5833282470703,212.55332946777344,197.0033264160156,211.8733367919922,118297200,-0.2036779448390007,0
313,215.5399932861328,224.0,213.70333862304688,222.6433258056641,100011900,0.0495048011653125,0
314,229.4566650390625,230.80667114257807,219.80667114257807,220.5833282470703,105895200,-0.8705712843220681,0
315,235.90333557128903,236.05332946777344,228.2333374023437,230.3500061035156,125528400,0.1998314901720732,0
316,230.1000061035156,232.183334350586,227.1233367919922,230.5399932861328,84815400,0.3607892915606498,0
317,229.0,230.4600067138672,222.6133270263672,223.6566619873047,78928200,0.921691520139575,0
318,225.7933349609375,229.8500061035156,223.88333129882807,227.933334350586,71772900,-0.9961540314834564,0
319,225.92333984375,226.9900054931641,223.1433258056641,225.67333984375,64311300,-0.440389389055781,0
320,228.5666656494141,234.933334350586,227.3633270263672,233.9933319091797,87407100,-0.1977757586515508,0
321,237.5666656494141,254.3333282470703,236.8866729736328,254.106674194336,133958400,-0.4587485999800265,0
322,256.8999938964844,260.2633361816406,242.6766662597656,244.07666015625,147052200,-0.6821125721908174,0
323,247.6999969482422,247.89666748046875,240.4366607666016,246.2833404541016,83546700,0.0389038394059753,0
324,242.88333129882807,249.80332946777344,241.5333404541016,246.5933380126953,83938500,-0.2406964476685971,0
325,239.86666870117188,241.8000030517578,230.6000061035156,238.2100067138672,119058600,0.5989359114319086,0
326,239.13999938964844,245.75,236.89666748046875,239.663330078125,106827000,0.0345205126795917,0
327,234.92333984375,248.27999877929688,232.6666717529297,248.0399932861328,93646500,-0.4476564414799213,0
328,247.1666717529297,251.2566680908203,239.3466644287109,239.89666748046875,106770900,0.0130439294443931,0
329,239.933334350586,245.7866668701172,238.48666381835932,243.13333129882807,85110000,-0.5211566607067653,0
330,247.0,249.76666259765625,244.20333862304688,246.0666656494141,93115500,-0.3064962364733219,0
331,239.32000732421875,241.3333282470703,234.4499969482422,234.913330078125,88311000,-0.0120839305222034,0
332,232.1366729736328,236.1666717529297,231.1999969482422,231.46665954589844,66813000,-0.2238699461643894,0
333,233.1699981689453,234.0833282470703,222.8333282470703,225.6666717529297,86536200,-0.990760233718902,0
334,222.52999877929688,238.4900054931641,222.04666137695312,236.47999572753903,122276100,0.9342716136015952,0
335,234.6000061035156,235.3333282470703,226.8333282470703,228.3000030517578,81129300,0.0038271723315119,0
336,226.31333923339844,227.8166656494141,219.2333374023437,224.5333404541016,89217900,-0.6685418889392167,0
337,227.0200042724609,228.433334350586,222.44667053222656,223.64666748046875,65705700,0.0912492300085432,0
338,226.9199981689453,227.0066680908203,216.6666717529297,221.17999267578125,83353800,-0.0360162016004323,0
339,221.933334350586,230.0,220.0733337402344,224.1233367919922,70407600,-0.0303969644010067,0
340,221.63333129882807,221.683334350586,209.20333862304688,209.67999267578125,94177200,-0.825972855091095,0
341,199.7466735839844,209.0333404541016,198.5333404541016,205.7333374023437,139511700,-0.1121705546975135,0
342,200.8300018310547,206.80332946777344,195.58999633789065,196.6300048828125,101470800,-0.9965092226630076,0
343,200.51333618164065,202.15333557128903,186.5500030517578,190.56333923339844,132554700,-0.9202389800921082,0
344,194.47000122070312,197.6233367919922,190.15333557128903,196.5800018310547,100112700,0.7972613610327244,0
345,191.8500061035156,196.57666015625,187.0666656494141,192.27667236328125,97171200,-0.3601114965664844,0
346,189.3333282470703,198.75,187.7933349609375,192.6233367919922,110491800,-0.0234370715916156,0
347,184.183334350586,188.73666381835932,182.32666015625,187.82000732421875,118735200,-0.9953754434827716,0
348,191.6666717529297,196.2833404541016,190.356674194336,195.5933380126953,92463300,-0.9972555904241744,0
349,198.70333862304688,198.8933258056641,193.3333282470703,193.6266632080078,78091800,-0.5623969586546688,0
350,193.86666870117188,204.82666015625,191.21665954589844,202.14666748046875,103674300,-0.2327280690893531,0
351,202.4366607666016,204.663330078125,198.57000732421875,201.56333923339844,84017700,-0.4791410502220969,0
352,202.5200042724609,208.72332763671875,200.5,206.3766632080078,85917900,-0.3617514572106302,0
353,206.7466735839844,210.3766632080078,205.40333557128903,210.2833404541016,79111800,0.9634231270756572,0
354,209.5,211.8633270263672,207.4600067138672,208.4066619873047,68211000,-0.1814828672486328,0
355,209.26666259765625,211.26666259765625,206.8500061035156,207.96665954589844,54254700,0.1320010833442211,0
356,206.7100067138672,207.7866668701172,199.7133331298828,201.7066650390625,69908400,-0.2693691933527589,0
357,200.6000061035156,201.51666259765625,190.4066619873047,190.94667053222656,90335700,-0.1618380342648985,0
358,193.23666381835932,200.20333862304688,192.3999938964844,199.683334350586,72110700,-0.9991725996660534,0
359,197.27667236328125,203.3333282470703,194.2933349609375,201.7100067138672,67631100,-0.8141967463307083,0
360,207.6699981689453,207.69667053222656,198.5,201.19667053222656,78160200,-0.9147012867033482,0
361,200.72332763671875,203.92999267578125,199.2100067138672,199.5933380126953,49753800,-0.3003303483128547,0
362,201.2933349609375,205.52999877929688,200.1666717529297,203.3733367919922,71758800,-0.4743726681917906,0
363,203.41000366210932,204.1866607666016,200.5066680908203,203.29666137695312,48615900,-0.904258063994348,0
364,204.07666015625,208.4966735839844,203.0599975585937,205.89666748046875,61272000,-0.5268624268937856,0
365,205.56333923339844,205.5966644287109,199.41000366210932,199.7866668701172,53292300,0.0598358662100508,0
366,199.17999267578125,202.8333282470703,197.8333282470703,201.6233367919922,66432300,-0.0734644321491941,0
367,200.6300048828125,207.1566619873047,200.44667053222656,205.5333404541016,68104200,-0.9973617000068772,0
368,204.4566650390625,209.4499969482422,203.933334350586,207.7700042724609,73682700,0.0217342488467693,0
369,208.16000366210932,210.4633331298828,202.9600067138672,206.94332885742188,74438100,0.2264422536827623,0
370,206.0833282470703,209.52333068847656,205.1666717529297,207.90333557128903,57476700,-0.3051345686544664,0
371,210.6666717529297,219.0666656494141,210.01333618164065,218.856674194336,93297600,0.551027639536187,0
372,224.9966735839844,232.5399932861328,222.5366668701172,226.606674194336,137947200,-0.4429082862722377,0
373,229.8600006103516,231.2700042724609,222.8999938964844,223.9566650390625,97490100,-0.9415905220375862,0
374,223.8800048828125,231.5666656494141,223.44000244140625,229.5733337402344,64884600,-0.5491222108248621,0
375,228.21665954589844,229.1699981689453,225.29666137695312,226.9199981689453,52143900,-0.1425009993836283,0
376,226.58999633789065,230.9366607666016,226.04666137695312,226.5666656494141,56774700,-0.9851113494951278,0
377,227.97332763671875,229.3300018310547,224.26666259765625,225.97332763671875,55903500,0.4350534453988075,0
378,226.32666015625,233.3333282470703,224.4199981689453,226.3000030517578,81163500,-0.2297901250422001,0
379,227.23666381835932,228.0,217.13333129882807,219.8600006103516,69853500,0.3509682191070169,0
380,221.42333984375,221.8999938964844,212.77333068847656,214.88333129882807,56376000,-0.1425388659117743,0
381,209.4566650390625,218.1433258056641,206.82000732421875,217.60333251953125,68319900,-0.3121716997120529,0
382,217.72666931152344,219.6366729736328,214.89666748046875,218.9833374023437,54421500,0.2179095284081995,0
383,220.7333374023437,229.0800018310547,220.72000122070312,228.5666656494141,77781000,0.002103307750076,0
384,228.77333068847656,231.0933380126953,222.1000061035156,222.8466644287109,62898300,-0.2060270626097917,0
385,223.5833282470703,226.20333862304688,217.6133270263672,217.7933349609375,64923600,-0.9800107083283364,0
386,219.4633331298828,222.04666137695312,212.6266632080078,216.86666870117188,60628800,0.8483231086283922,0
387,218.22666931152344,218.8999938964844,214.0666656494141,214.7400054931641,49113000,-0.0694042039103806,0
388,209.9633331298828,215.7333374023437,207.0966644287109,215.4066619873047,63891300,0.4379351106472313,0
389,217.3300018310547,220.79666137695312,213.5,220.1666717529297,46461300,0.1374641358852386,0
390,219.8699951171875,221.6199951171875,216.76333618164065,218.42999267578125,41859900,0.4183126569259912,0
391,218.81333923339844,220.72332763671875,214.86666870117188,216.4199981689453,45317100,-0.192008605847756,0
392,215.45333862304688,216.26666259765625,212.433334350586,214.4600067138672,43814700,-0.7124438832979649,0
393,216.9900054931641,222.7333374023437,215.70333862304688,219.2066650390625,76009800,-0.3763579577207565,0
394,221.13333129882807,222.1666717529297,209.0800018310547,214.9266662597656,98439900,-0.3927876082598232,0
395,215.6666717529297,218.3233337402344,213.13333129882807,215.66000366210932,48019800,-0.0609255954623222,0
396,216.5966644287109,227.89666748046875,216.26666259765625,225.7833404541016,91183800,-0.6473636785522103,0
397,223.9199981689453,232.509994506836,223.0,229.0666656494141,88969200,-0.293440593057312,0
398,233.3333282470703,242.31333923339844,232.8000030517578,236.55667114257807,100847400,-0.5050742219512662,0
399,239.6666717529297,240.88333129882807,233.6699981689453,236.5800018310547,64860900,-0.7651653814828023,0
400,237.0,241.63333129882807,236.3099975585937,236.97332763671875,51007800,-0.1587719703529728,0
401,238.6666717529297,240.3166656494141,237.1366729736328,238.2100067138672,38758800,-0.9986215319222538,0
402,237.3000030517578,238.77667236328125,232.5433349609375,233.0333404541016,46869000,0.2175358533859253,0
403,236.72332763671875,239.6766662597656,235.0433349609375,237.9199981689453,44145900,-0.6256942159185807,0
404,237.9966735839844,238.8633270263672,233.9600067138672,236.663330078125,40296900,-0.446812366382801,0
405,237.57000732421875,238.3933258056641,234.73666381835932,235.94000244140625,29401800,-0.6856758115209232,0
406,235.44667053222656,240.933334350586,233.13333129882807,240.75,52377300,-0.1501410838391166,0
407,241.23666381835932,243.3000030517578,238.1133270263672,239.05667114257807,50194500,-0.9384857736440608,0
408,235.02333068847656,236.5,225.46665954589844,228.72332763671875,68032200,-0.2040940256168445,0
409,224.22000122070312,224.8600006103516,216.27999877929688,221.90333557128903,71163900,-0.9988547867687884,0
410,223.25,231.92333984375,223.11666870117188,229.663330078125,61048200,-0.3845909908413887,0
411,226.07000732421875,228.8500061035156,222.52999877929688,224.4900054931641,42940500,0.031876266002655,0
412,227.61666870117188,230.7100067138672,224.5666656494141,226.7533264160156,44525700,-0.4194384014699608,0
413,228.47999572753903,237.3766632080078,226.9166717529297,235.433334350586,60794700,-0.4068000065162778,0
414,236.8933258056641,238.4066619873047,234.2133331298828,236.163330078125,39249300,-0.9890958562027664,0
415,235.6766662597656,238.9900054931641,234.6666717529297,237.0666656494141,37936800,-0.4512692969292402,0
416,236.10333251953125,238.46665954589844,232.5399932861328,233.72000122070312,39642900,0.2840635478496551,0
417,235.0,238.3333282470703,234.0333404541016,237.30667114257807,41501400,-0.3669571711313135,0
418,238.2400054931641,243.6666717529297,237.57666015625,243.6366729736328,55812600,-0.7389294123277068,0
419,244.3333282470703,246.79666137695312,242.14666748046875,245.2400054931641,62566200,-0.1746220886707306,0
420,244.69332885742188,247.3300018310547,243.7566680908203,244.69667053222656,39612900,-0.4825880251446506,0
421,244.8333282470703,246.9900054931641,243.51333618164065,244.1300048828125,38331900,-0.8237489133753115,0
422,244.0833282470703,244.6666717529297,241.3999938964844,244.52333068847656,45738300,-0.9973926408274564,0
423,246.6666717529297,253.3999938964844,246.4199981689453,250.97332763671875,60119400,-0.2888512986246496,0
424,253.8600006103516,254.8166656494141,246.92333984375,251.2899932861328,56379000,-0.9937411386199528,0
425,251.1366729736328,254.0333404541016,250.5433349609375,251.6199951171875,42233100,-0.4236941542476415,0
426,253.1999969482422,254.20333862304688,244.83999633789065,245.42333984375,45552600,0.6526591584552079,0
427,246.73666381835932,248.259994506836,236.2833404541016,247.6666717529297,68857500,-0.9646784206852316,0
428,247.52333068847656,251.4900054931641,245.46665954589844,248.163330078125,55574700,0.8330940227024257,0
429,248.3333282470703,252.2866668701172,246.1199951171875,251.94332885742188,46073100,-0.7195145823061466,0
430,250.94332885742188,252.97000122070312,249.20333862304688,252.3300018310547,41770200,-0.8847475225338712,0
431,252.38333129882807,253.67999267578125,250.0,253.163330078125,84612600,0.3775373613461852,0
432,244.85333251953125,247.3333282470703,239.5399932861328,243.38999938964844,74273100,-0.0630728627244631,0
433,244.92999267578125,248.2466735839844,243.47999572753903,246.4600067138672,48992100,-0.9587981458753349,0
434,247.8433380126953,251.22332763671875,246.3733367919922,250.64666748046875,45378900,-0.700598569586873,0
435,251.6666717529297,252.7333374023437,249.30667114257807,251.2133331298828,35842500,-0.4247626871801913,0
436,248.6300048828125,258.26666259765625,248.1866607666016,258.1300048828125,64119000,0.134850786998868,0
437,257.7066650390625,266.3333435058594,256.4366760253906,263.78668212890625,84212100,-0.3488993931561708,0
438,262.3999938964844,265.2133178710937,255.3933258056641,259.1866760253906,76144200,-0.7366131022572517,0
439,259.9333190917969,264.5,256.8933410644531,260.4366760253906,62828700,-0.3597690403694287,0
440,260.3333435058594,263.0433349609375,258.3333435058594,258.49334716796875,53868000,-0.7429819572716951,0
441,259.4666748046875,260.260009765625,254.52999877929688,258.4066772460937,51094200,-0.1157129105413332,0
442,265.5,268.989990234375,258.7066650390625,260.510009765625,91449900,-0.3788461200892925,0
443,261.6000061035156,265.7699890136719,258.0666809082031,260.1966552734375,55297800,-0.9964540659238992,0
444,258.7333374023437,262.2200012207031,257.739990234375,260.9166564941406,43898400,-0.2100191297358833,0
445,261.82000732421875,268.3333435058594,261.1266784667969,264.53668212890625,57587400,0.0687430948019027,0
446,265.4033203125,265.4599914550781,260.3033447265625,261.8299865722656,50215800,-0.3066184932055573,0
447,262.54998779296875,267.0799865722656,261.8333435058594,263.9800109863281,42600900,-0.7485728412866592,0
448,266.9766540527344,270.7733459472656,265.5233459472656,268.5733337402344,66060000,-0.2964454467097918,0
449,270.1566772460937,271.8033447265625,268.59332275390625,270.3599853515625,42360300,-0.4646100773243233,0
450,271.8299865722656,273.4166564941406,271.1166687011719,272.7733459472656,36741600,-0.9924795848783106,0
451,274.5799865722656,281.07000732421875,274.1166687011719,281.010009765625,56773800,-0.9993498759431532,0
452,283.92999267578125,291.7533264160156,283.8233337402344,290.03668212890625,72621600,-0.9916188730858266,0
453,292.510009765625,292.6499938964844,287.5033264160156,288.0899963378906,52143300,-0.8343048468232155,0
454,288.45001220703125,289.8299865722656,285.7933349609375,288.6000061035156,42096300,-0.9026086833328008,0
455,285.3333435058594,300.0,285.1666564941406,298.0,94444500,-0.6941590178757906,0
456,298.5,303.3333435058594,296.9866638183594,303.2266540527344,68642400,-0.0528427218087017,0
457,316.84332275390625,348.3399963378906,314.7333374023437,341.6199951171875,188556300,-0.976881000213325,0
458,341.5633239746094,364.9800109863281,333.8133239746094,339.4766540527344,187245000,0.21993148047477,0
459,346.5533447265625,356.9599914550781,343.59332275390625,345.9533386230469,115579500,-0.9688922399654984,0
460,356.10333251953125,360.3333435058594,351.3999938964844,359.0133361816406,81639600,-0.0379132777452468,0
461,360.6199951171875,371.7366638183594,357.7366638183594,371.3333435058594,89755200,-0.2893626891600434,0
462,381.6666564941406,403.25,372.88665771484375,402.86334228515625,168146100,-0.0297319647894861,0
463,386.4533386230469,402.86334228515625,382.0,390.6666564941406,128213400,-0.4915722141286096,0
464,392.4433288574219,405.1300048828125,384.2066650390625,404.6199951171875,103885500,0.3935019695200026,0
465,411.4700012207031,414.4966735839844,405.6666564941406,409.9700012207031,76192200,-0.5122327300487086,0
466,409.3333435058594,413.2900085449219,402.6666564941406,407.36334228515625,64886400,0.1329683777876198,0
467,383.2633361816406,399.0,377.6666564941406,387.6466674804688,100337100,0.6580293289152905,0
468,391.2000122070313,391.5,337.17333984375,341.1666564941406,177317400,-0.8961765816784464,0
469,336.8033447265625,359.3666687011719,329.10333251953125,355.9833374023437,128408100,-0.6607248410582542,0
470,367.5899963378906,368.3233337402344,351.5599975585937,354.5033264160156,67189800,-0.8318456851411611,0
471,349.1666564941406,351.5,339.7333374023437,344.47332763671875,76719300,-0.4660168657646863,0
472,339.2099914550781,343.99334716796875,326.20001220703125,337.7966613769531,104326800,0.6949732881039381,0
473,334.4366760253906,352.3999938964844,334.0599975585937,351.57666015625,79627200,-0.9662822826066986,0
474,354.5033264160156,373.21331787109375,351.8333435058594,363.0033264160156,94336200,-0.7696422189474106,0
475,368.8500061035156,370.6666564941406,358.3399963378906,365.4599914550781,62696700,0.9402453019283712,0
476,366.2900085449219,379.5733337402344,364.23333740234375,379.0199890136719,64926900,-0.6298541501164436,0
477,387.4433288574219,400.6499938964844,377.4766540527344,385.6233215332031,99217500,-0.6948700286448002,0
478,389.1700134277344,393.5,354.2333374023437,369.6766662597656,108515100,-0.0157683491706848,0
479,360.1300048828125,377.5899963378906,354.0,372.0,67680600,-0.9901138010900468,0
480,366.489990234375,369.5933227539063,360.3333435058594,360.6400146484375,35042700,-0.1983696334064006,0
481,366.9966735839844,380.8900146484375,366.7300109863281,378.9966735839844,58393500,-0.3831803016364574,0
482,381.4566650390625,389.3333435058594,372.6666564941406,381.586669921875,81276000,0.0604965177675088,0
483,386.8999938964844,390.9466552734375,363.586669921875,365.0,68450400,-0.3325319178402424,0
484,366.3533325195313,371.0,352.2166748046875,361.5333251953125,73114800,0.1699961274862289,0
485,361.5966796875,363.5266723632813,333.4033203125,338.3233337402344,92322000,-0.0931464226159732,0
486,333.836669921875,340.5466613769531,316.8333435058594,336.336669921875,81663000,-0.2820844917247693,0
487,348.0666809082031,352.5566711425781,342.2699890136719,350.5833435058594,56084700,-0.2087693028151989,0
488,350.9033203125,357.4599914550781,344.3333435058594,356.32000732421875,41906400,-0.1587188187986612,0
489,353.5466613769531,354.163330078125,334.1199951171875,334.6000061035156,59438400,0.5008101463317871,0
490,336.25,340.32666015625,327.510009765625,339.010009765625,59664300,-0.9988323340076022,0
491,333.6966552734375,335.0,317.1400146484375,322.1366577148437,78595500,0.4170281942933798,0
492,315.0,322.1366577148437,310.0,319.5033264160156,70806300,0.0686311405152082,0
493,317.7366638183594,326.25,309.4166564941406,325.3299865722656,75169200,-0.9317248985171318,0
494,331.5,331.6600036621094,307.2833251953125,308.97332763671875,82771500,-0.3324713036417961,0
495,304.92333984375,320.2200012207031,303.0133361816406,310.8566589355469,100437300,-0.0100454352796077,0
496,303.5666809082031,307.2300109863281,297.7966613769531,299.9800109863281,56480100,-0.4100537654012441,0
497,305.6233215332031,313.1666564941406,295.3733215332031,312.84332275390625,71517900,0.2416169624775648,0
498,321.8866577148437,338.5533447265625,319.01666259765625,336.2900085449219,93634200,0.0140068237669765,0
499,335.6000061035156,357.6600036621094,332.5199890136719,355.6666564941406,92713200,0.5178353637456894,0
500,357.8900146484375,372.3333435058594,356.9066772460937,364.6466674804688,71145900,-0.2720296382904053,0
501,369.8299865722656,373.0,359.47332763671875,362.8233337402344,60324000,-0.9997634063111036,0
502,366.21331787109375,368.0,354.7133178710937,362.0633239746094,56154000,0.8903035633265972,0
503,353.77667236328125,365.1833190917969,351.04998779296875,356.7799987792969,47040900,-0.1450669529585866,0
504,357.8133239746094,360.6666564941406,351.5299987792969,352.260009765625,40733700,-0.046340674161911,0
505,382.5833435058594,400.3566589355469,378.6799926757813,399.9266662597656,103931400,-0.9885254516266286,0
506,396.51666259765625,402.6666564941406,374.3500061035156,383.1966552734375,100248300,-0.1593625124078244,0
507,382.2166748046875,390.11334228515625,360.336669921875,362.7066650390625,80119800,0.2431254088878631,0
508,359.0,362.6666564941406,340.1666564941406,354.8999938964844,90336600,-0.9795669752638788,0
509,360.1233215332031,360.30999755859375,336.6666564941406,342.32000732421875,84164700,-0.1569053760031238,0
510,333.3333435058594,353.0333251953125,326.6666564941406,352.7066650390625,91815000,-0.2366396933794021,0
511,351.22332763671875,358.6166687011719,346.2733459472656,354.79998779296875,66063300,-0.982490344438702,0
512,359.6166687011719,371.61334228515625,357.5299987792969,368.739990234375,83739000,-0.5450243055820465,0
513,369.6900024414063,371.8666687011719,342.17999267578125,343.85333251953125,97209900,-0.7247094160605533,0
514,339.9599914550781,350.6666564941406,337.7933349609375,349.8699951171875,72924300,0.8032673336565495,0
515,342.2033386230469,356.92999267578125,338.6866760253906,343.5033264160156,66743400,0.3468216136097908,0
516,347.2366638183594,351.5566711425781,331.6666564941406,331.8833312988281,75442500,-0.9975677410839126,0
517,336.57666015625,347.2200012207031,331.3333435058594,332.0899963378906,70488600,-0.4995288755744695,0
518,332.11334228515625,334.8500061035156,313.5,314.6333312988281,103416000,-0.1853855605259013,0
519,301.586669921875,311.1700134277344,283.8233337402344,310.0,151565700,-0.0705326213501393,0
520,304.7333374023437,317.086669921875,301.07000732421875,306.1333312988281,86595900,-0.00442386236197,0
521,317.4766540527344,329.2300109863281,302.0,312.4700012207031,104867400,-0.4591235853367834,0
522,311.1199951171875,311.7966613769531,276.3333435058594,276.3666687011719,147109500,-0.426197656430304,0
523,277.1866760253906,285.8333435058594,264.0033264160156,282.1166687011719,134789100,-0.8653153430204839,0
524,290.9033203125,312.663330078125,287.3500061035156,312.239990234375,104436000,-0.9950849124870728,0
525,311.7366638183594,314.5666809082031,301.6666564941406,310.4166564941406,73138200,-0.8990670591592789,0
526,309.3933410644531,310.5,296.4700012207031,301.8866577148437,66792900,-0.9922671330277808,0
527,294.0,312.3333435058594,293.50665283203125,297.0466613769531,78855600,-0.3002766966819763,0
528,299.0733337402344,312.1666564941406,293.72332763671875,307.7733459472656,73625400,-0.8908180724829435,0
529,307.92999267578125,315.92333984375,300.9033203125,302.4466552734375,60994500,-0.9878044910728933,0
530,301.84332275390625,308.7633361816406,298.26666259765625,307.3333435058594,50729100,-0.7627719887532294,0
531,311.6666564941406,315.42333984375,306.6666564941406,310.6666564941406,52259400,0.1856085717057188,0
532,302.7900085449219,314.60333251953125,298.8999938964844,301.51666259765625,66126900,-0.7415099875919017,0
533,303.2099914550781,305.32000732421875,283.5666809082031,286.6666564941406,79645800,-0.9993489690314163,0
534,287.19000244140625,299.6266784667969,284.3833312988281,291.9200134277344,67756500,-0.9939444112436224,0
535,300.0,307.6666564941406,297.7933349609375,307.4766540527344,57286200,0.1436572540551424,0
536,304.6833190917969,308.8099975585937,300.4033203125,307.7966613769531,51294300,-0.9993607380311004,0
537,304.4200134277344,306.1666564941406,291.3666687011719,292.1166687011719,55178400,0.5923861833289266,0
538,295.3333435058594,295.6233215332031,279.2033386230469,285.6600036621094,68501700,-0.2739265784621238,0
539,278.0433349609375,285.57666015625,267.0333251953125,273.84332275390625,83288100,-0.7086702375891036,0
540,276.8099975585937,278.4333190917969,253.5200042724609,254.67999267578125,95256900,-0.9625217970460652,0
541,233.4633331298828,267.49334716796875,233.3333282470703,266.92333984375,135322200,-0.9171574036590756,0
542,269.74334716796875,273.1666564941406,260.79998779296875,269.9566650390625,76067700,-0.998750957835,0
543,271.6700134277344,292.28668212890625,271.57000732421875,290.1433410644531,99006900,-0.6538232587772654,0
544,289.8933410644531,296.6266784667969,284.59332275390625,288.1233215332031,74766900,0.0151321066077798,0
545,290.7099914550781,295.49334716796875,281.42333984375,293.2966613769531,74643300,-0.4952355126151815,0
546,292.92333984375,295.4800109863281,277.5333251953125,279.7633361816406,61623600,0.6994200795888901,0
547,283.0333251953125,285.2166748046875,275.0533447265625,279.42999267578125,66999600,-0.981699716707226,0
548,285.4333190917969,288.7133178710937,268.19000244140625,268.1933288574219,72494100,0.266117766033858,0
549,265.1766662597656,283.3299865722656,260.72332763671875,274.79998779296875,80399100,-0.258130076341331,0
550,279.82666015625,286.85333251953125,277.336669921875,286.3233337402344,59184000,-0.2075450532138347,0
551,283.8166809082031,284.8166809082031,270.1199951171875,279.4333190917969,58648500,-0.7026068977041481,0
552,280.0666809082031,281.26666259765625,264.5899963378906,265.1166687011719,67037100,-0.9993230908512488,0
553,260.2033386230469,266.8999938964844,252.01333618164065,255.4566650390625,71152200,-0.9825078325811774,0
554,258.42333984375,268.5233459472656,252.19000244140625,267.2966613769531,66841200,-0.7042491985412198,0
555,269.6666564941406,280.6666564941406,267.4200134277344,280.07666015625,84028800,-0.8782354644499719,0
556,276.9966735839844,291.6666564941406,275.239990234375,290.5333251953125,66582900,-0.3060837077597777,0
557,291.4966735839844,302.6166687011719,289.1300048828125,301.7966613769531,100414200,-0.9910015151835978,0
558,304.99334716796875,314.2833251953125,302.36334228515625,307.0533447265625,81981600,-0.5768543456633779,0
559,310.0,332.6199951171875,307.25,331.32666015625,105868500,-0.8031556122004986,0
560,326.64666748046875,346.8999938964844,325.4666748046875,333.03668212890625,120676200,-0.9775335803860798,0
561,336.57666015625,341.4966735839844,329.6000061035156,337.97332763671875,68920800,-0.2468029813608154,0
562,336.0,340.6000061035156,332.44000244140625,336.8800048828125,62031600,-0.99350078221687,0
563,355.0333251953125,365.9599914550781,351.20001220703125,363.9466552734375,102506100,-0.999307060337742,0
564,369.3299865722656,371.5899963378906,357.7033386230469,366.5233459472656,73614900,-0.9843538739369252,0
565,363.7233276367188,371.3166809082031,361.3333435058594,364.663330078125,59865000,-0.9861417682441244,0
566,364.8566589355469,367.71331787109375,358.8800048828125,359.20001220703125,48992700,-0.1229283192651564,0
567,360.3833312988281,364.9166564941406,355.5466613769531,361.5299987792969,54263100,-0.9995334972263664,0
568,363.1266784667969,383.3033447265625,357.510009765625,381.8166809082031,82035900,-0.9990873620845376,0
569,378.76666259765625,384.2900085449219,362.4333190917969,363.7533264160156,80075100,-0.4259317014366388,0
570,357.8233337402344,359.6666564941406,342.5666809082031,348.586669921875,89348400,-0.3341915683959087,0
571,350.7966613769531,358.86334228515625,340.5133361816406,352.4200134277344,79447200,-0.9682368969079108,0
572,347.7366638183594,349.4800109863281,340.8133239746094,341.8299865722656,55013700,0.0049788665201049,0
573,326.79998779296875,336.1566772460937,324.8800048828125,325.3099975585937,59357100,-0.660560667514801,0
574,332.5466613769531,340.39666748046875,325.5333251953125,328.9833374023437,65976000,-0.9600744983181356,0
575,327.02667236328125,342.0799865722656,324.3666687011719,340.7900085449219,55121100,-0.4911111466062721,0
576,333.0966796875,337.57000732421875,327.39666748046875,328.3333435058594,58422300,-0.3578166749794036,0
577,329.6766662597656,338.3066711425781,324.4700012207031,334.7633361816406,51715200,-0.9877079383149976,0
578,335.0199890136719,344.9800109863281,331.77667236328125,342.7166748046875,49847700,0.3313698703423142,0
579,343.3333435058594,344.6666564941406,325.0833435058594,325.7333374023437,70711200,0.0216884547844529,0
580,358.24334716796875,364.0733337402344,332.1400146484375,336.260009765625,105416400,-0.4241397865116596,0
581,338.3033447265625,344.95001220703125,331.3333435058594,335.01666259765625,69696600,-0.3452355953195365,0
582,326.3233337402344,336.2066650390625,325.1000061035156,332.67333984375,68341200,-0.021011141128838,0
583,331.8099975585937,333.3333435058594,291.6666564941406,292.1400146484375,136133700,-0.9644022276625036,0
584,299.52667236328125,306.0,292.4533386230469,293.836669921875,76956300,-0.3611773997545242,0
585,299.99334716796875,300.0,273.8999938964844,292.5033264160156,124948500,0.6277416283264756,0
586,300.75,311.4666748046875,290.0,290.2533264160156,88133100,0.166991583071649,0
587,286.92333984375,302.1199951171875,282.6766662597656,300.9800109863281,75781500,0.7026746571063995,0
588,301.0599975585937,308.02667236328125,296.1966552734375,303.0833435058594,63709500,0.2914884504862129,0
589,301.3133239746094,318.5,295.09332275390625,317.5400085449219,81643800,0.0045388908668731,0
590,313.00665283203125,315.20001220703125,285.8999938964844,291.09332275390625,92519100,-0.0721366590199371,0
591,295.6666564941406,296.0,281.03668212890625,288.54998779296875,72903000,-0.1723174275830388,0
592,278.8166809082031,281.8766784667969,260.3833312988281,262.3699951171875,90810300,-0.9902973144780844,0
593,273.10333251953125,275.1199951171875,258.0833435058594,266.67999267578125,84401700,0.6422143536619842,0
594,265.0,269.92333984375,242.3999938964844,244.6666717529297,97224600,0.3872364931739867,0
595,233.6666717529297,253.22000122070312,226.6666717529297,242.6666717529297,140313000,-0.9923716567573138,0
596,257.82666015625,262.45001220703125,250.52333068847656,256.5299987792969,92150700,-0.5973785156093072,0
597,255.72000122070312,256.586669921875,239.69667053222656,241.4566650390625,86098500,-0.9475681327021448,0
598,249.1199951171875,254.82666015625,242.9499969482422,253.8699951171875,80236200,0.0195040601538494,0
599,248.17333984375,253.5,233.60333251953125,236.60333251953125,87811800,0.4288331989664584,0
600,235.6666717529297,244.6666717529297,231.3699951171875,236.47332763671875,90296700,-0.9996232659905218,0
601,237.9966735839844,240.52667236328125,211.0,221.3000030517578,144973200,-0.8445510324090719,0
602,218.33999633789065,226.65333557128903,212.6866607666016,224.96665954589844,88903500,0.2453245222568512,0
603,217.8433380126953,217.97332763671875,206.856674194336,209.3866729736328,89092500,-0.7997615989297628,0
604,207.9499969482422,223.106674194336,207.6699981689453,219.6000061035156,92139300,-0.5583991464227438,0
605,220.47332763671875,239.55667114257807,217.8866729736328,235.91000366210932,106003200,0.9573324207449332,0
606,241.0833282470703,253.26666259765625,240.1766662597656,253.2100067138672,89295000,-0.811906922608614,0
607,257.9466552734375,259.6000061035156,244.7433319091797,252.7533264160156,101914500,-0.8222004445269704,0
608,251.72000122070312,257.32666015625,243.63999938964844,246.7899932861328,77247900,-0.1140490000834688,0
609,244.1566619873047,264.2099914550781,242.0666656494141,258.3333435058594,93473100,0.5257446188479662,0
610,243.22666931152344,247.79666137695312,233.4166717529297,234.51666259765625,112393800,-0.2947303758119233,0
611,244.35333251953125,244.86666870117188,234.3500061035156,238.27999877929688,84204600,0.0145997491393548,0
612,234.0,239.9966735839844,230.0933380126953,238.8866729736328,72808500,-0.5723489141091704,0
613,240.086669921875,249.9633331298828,239.1766662597656,241.86666870117188,76210500,-0.0484549979446455,0
614,249.33999633789065,255.54666137695312,239.32666015625,239.7066650390625,96491400,0.1538866460323333,0
615,235.1566619873047,239.5,227.913330078125,232.22999572753903,97536600,0.446589475730434,0
616,223.1666717529297,226.63333129882807,214.683334350586,215.73666381835932,102767400,-0.8266283778939396,0
617,218.2866668701172,226.3300018310547,211.73666381835932,220.88999938964844,97988700,-0.1785421371459961,0
618,220.9166717529297,235.663330078125,218.1499938964844,233.0,119131800,-0.4360821633599698,0
619,222.73666381835932,225.1666717529297,208.69332885742188,213.1000061035156,107390700,-0.6434050085372292,0
620,213.433334350586,220.97000122070312,213.19667053222656,216.759994506836,92641800,0.7924544778652489,0
621,224.60333251953125,243.57666015625,224.3333282470703,237.0366668701172,122793000,-0.852766515687108,0
622,234.5033264160156,246.8333282470703,233.82666015625,236.086669921875,101107500,-0.3073222786188125,0
623,237.9066619873047,239.3166656494141,228.6366729736328,235.07000732421875,104202600,0.7691848278045654,0
624,237.47000122070312,246.0666656494141,236.086669921875,245.7066650390625,95770800,-0.7689312808215618,0
625,249.36666870117188,252.07000732421875,242.5666656494141,244.9199981689453,89178300,0.2197226285934448,0
626,244.4833374023437,249.97000122070312,232.3433380126953,232.663330078125,90391200,0.212169728212757,0
627,230.5,231.17333984375,222.27333068847656,228.4900054931641,82897200,-0.4697332698851824,0
628,224.509994506836,229.4566650390625,218.8633270263672,224.47332763671875,94600500,-0.2501645153776432,0
629,227.0,230.22999572753903,222.1199951171875,227.26333618164065,74460300,0.0153672266751527,0
630,223.0,233.14666748046875,216.1666717529297,233.0666656494141,84581100,-0.0584214702248573,0
631,230.77999877929688,234.56333923339844,227.1866607666016,231.7333374023437,71853600,0.0204456578940153,0
632,233.9199981689453,245.3633270263672,232.2100067138672,244.5433349609375,81930600,0.8841799576766789,0
633,242.3333282470703,254.97999572753903,241.16000366210932,250.76333618164065,101854200,-0.5138694926475486,0
634,252.10333251953125,253.06333923339844,233.6266632080078,234.3433380126953,99241200,-0.8735990799032152,0
635,236.8466644287109,239.77333068847656,228.3699951171875,233.07000732421875,87930900,-0.096825273707509,0
636,225.5,242.0599975585937,225.0333404541016,237.0399932861328,97954500,0.3228192833485082,0
637,234.89666748046875,238.65333557128903,229.3333282470703,238.31333923339844,78557400,0.3928358356934041,0
638,240.0,243.6233367919922,236.88999938964844,240.0666656494141,69683100,0.0031318147666752,0
639,244.9366607666016,250.51666259765625,239.60333251953125,240.54666137695312,82537500,-0.9739845674484968,0
640,245.0,247.13999938964844,236.97666931152344,245.52999877929688,80890200,0.0413751557935029,0
641,246.7833404541016,250.663330078125,243.4833374023437,247.5,88864200,-0.9383372105658054,0
642,255.106674194336,273.26666259765625,254.86666870117188,271.7066650390625,142032300,0.6791897788643837,0
643,276.2200012207031,280.78668212890625,270.7133178710937,272.24334716796875,103472700,0.4842734253033995,0
644,272.2166748046875,274.14666748046875,267.3999938964844,268.4333190917969,64073400,-0.2452661139250267,0
645,266.5133361816406,267.3099975585937,256.2633361816406,258.8599853515625,66820800,-0.9266849420964718,0
646,263.8099975585937,275.9266662597656,261.7900085449219,274.82000732421875,88110000,0.0415921285748481,0
647,280.0666809082031,283.29998779296875,272.79998779296875,280.8999938964844,84723000,0.0018682926893234,0
648,280.70001220703125,298.32000732421875,279.1000061035156,297.1499938964844,95313000,0.6952507868409157,0
649,301.27667236328125,311.8766784667969,295.0,297.27667236328125,117042900,-0.8831914067268372,0
650,294.0033264160156,307.8333435058594,292.6666564941406,300.586669921875,95577600,0.8537080008536577,0
651,305.0,309.54998779296875,301.1499938964844,307.39666748046875,80091000,-0.5815921127796173,0
652,311.0,313.6066589355469,305.0,308.6333312988281,72256200,-0.9749817627016456,0
653,302.6700134277344,304.6066589355469,285.5433349609375,288.1700134277344,113172900,-0.521746814250946,0
654,295.0,305.20001220703125,289.086669921875,290.42333984375,98994000,0.8414917141199112,0
655,290.2933349609375,292.39666748046875,279.35333251953125,283.3333435058594,86244600,0.2008391693234443,0
656,297.0666809082031,297.510009765625,283.3699951171875,294.3566589355469,94918800,-0.860812034457922,0
657,296.5133361816406,298.2366638183594,285.8333435058594,286.6300048828125,70155000,0.0398341943509876,0
658,289.4166564941406,300.1600036621094,285.0333251953125,300.0299987792969,79657200,-0.9815360405482352,0
659,301.78668212890625,313.1333312988281,301.2300109863281,309.32000732421875,89359200,0.3477060943841934,0
660,311.6666564941406,314.6666564941406,302.8833312988281,306.5633239746094,88136400,-0.6939368918538094,0
661,303.39666748046875,309.6566772460937,300.0333251953125,303.9966735839844,68766000,-0.0173319801688194,0
662,306.0,306.5,301.85333251953125,302.8699951171875,47500500,-0.4075653674080968,0
663,299.0,300.3599853515625,292.5,296.6666564941406,61395300,-0.987941169878468,0
664,291.913330078125,292.3999938964844,286.2966613769531,289.913330078125,55843200,0.6127112256363034,0
665,291.4533386230469,298.82666015625,287.92333984375,296.4533386230469,63984900,-0.993690338335,0
666,297.5633239746094,303.64666748046875,296.5,297.0966796875,57259800,0.4599679871462285,0
667,302.3599853515625,302.9599914550781,291.6000061035156,296.07000732421875,53230000,-0.9588285591453314,0
668,297.42999267578125,302.0,287.4700012207031,288.0899963378906,57163900,-0.9886774234473704,0
669,282.8299865722656,287.739990234375,280.70001220703125,284.82000732421875,41864700,-0.9865254561882466,0
670,287.8699951171875,288.4800109863281,272.6499938964844,277.70001220703125,50541800,0.0206825220957398,0
671,280.6199951171875,281.25,271.8099975585937,275.6099853515625,52107300,-0.3865391314029693,0
672,272.5799865722656,277.5799865722656,266.1499938964844,277.1600036621094,54287000,-0.9868581326445564,0
673,281.07000732421875,282.3500061035156,269.0799865722656,270.2099914550781,50890100,-0.7971249594411347,0
674,272.67999267578125,275.989990234375,265.739990234375,274.4200134277344,55860000,0.2554303318029269,0
675,273.1000061035156,283.8399963378906,272.2699890136719,283.70001220703125,50028900,-0.6732058301568031,0
676,281.29998779296875,289.5,279.760009765625,289.260009765625,53713100,-0.0872597836423665,0
677,291.6700134277344,299.8500061035156,291.25,299.67999267578125,54338100,0.0179107934236526,0
678,300.7200012207031,305.489990234375,300.3999938964844,304.4200134277344,48674600,0.0954246595501899,0
679,292.8999938964844,297.3999938964844,290.3999938964844,292.1300048828125,68229600,-0.2620902173221111,0
680,292.239990234375,306.0,291.6400146484375,302.6099853515625,72628700,-0.9975840738625266,0
681,301.8299865722656,309.1199951171875,300.7200012207031,303.75,64795500,-0.4249790941830724,0
682,299.6099853515625,303.7099914550781,295.6000061035156,303.3500061035156,87087800,0.0005106729804538,0
683,300.0899963378906,309.8399963378906,297.79998779296875,309.07000732421875,60231200,0.1786740240640938,0
684,306.9100036621094,313.3299865722656,305.5799865722656,308.7300109863281,61642800,-0.3553926341701299,0
685,308.2900085449219,313.79998779296875,300.6300048828125,300.79998779296875,62555700,-0.9709333973005414,0
686,299.8599853515625,301.2900085449219,285.82000732421875,288.5899963378906,70545400,-0.6161471049611768,0
687,283.0899963378906,284.5,272.82000732421875,275.3299865722656,63748400,-0.608088286438336,0
688,271.8299865722656,284.0899963378906,270.3099975585937,276.010009765625,58076900,-0.7480694353580475,0
689,283.8399963378906,288.6700134277344,277.510009765625,282.94000244140625,61925200,-0.2493671253323555,0
690,283.0799865722656,289.0,277.57000732421875,287.8099975585937,54664800,0.103687971830368,0
691,282.760009765625,283.6499938964844,265.7799987792969,268.2099914550781,77620600,-0.8712302446365356,0
692,266.1499938964844,275.57000732421875,262.4700012207031,265.25,67726600,-0.5968099879100919,0
693,254.5,255.16000366210932,241.009994506836,242.3999938964844,98363500,-0.800134772202,0
694,250.5200042724609,257.5,242.009994506836,249.44000244140625,109578500,0.0340876840054988,0
695,245.009994506836,246.6699981689453,233.2700042724609,240.8099975585937,86982700,-0.7708917558193207,0
696,239.44000244140625,244.5800018310547,235.3500061035156,238.1300048828125,69298400,-0.4371894504777932,0
697,233.94000244140625,234.57000732421875,222.0200042724609,223.07000732421875,83916800,-0.6257489060808439,0
698,223.92999267578125,226.9900054931641,218.3600006103516,222.9600067138672,67925000,-0.9965547936299116,0
699,220.9499969482422,225.75,215.0,216.5,77013200,0.0157768875360488,0
700,215.3300018310547,219.3000030517578,211.509994506836,217.2400054931641,66860700,-0.9119286574423312,0
701,208.3000030517578,222.9900054931641,206.22000122070312,221.72000122070312,91483000,0.7168937046080828,0
702,224.009994506836,226.259994506836,204.16000366210932,204.9900054931641,94124500,0.1723695239052176,0
703,210.0399932861328,221.8600006103516,209.4499969482422,219.3500061035156,79428800,0.0843887031078338,0
704,229.5,229.82000732421875,217.25,220.19000244140625,75891900,0.039171778364107,0
705,219.8000030517578,222.92999267578125,217.77999877929688,222.0399932861328,66571500,0.7276482433080673,0
706,208.27999877929688,215.5500030517578,202.0,207.27999877929688,117798100,-0.0360514596104621,0
707,206.4199981689453,214.66000366210932,203.8000030517578,214.44000244140625,75713800,-0.9563426273671212,0
708,205.82000732421875,213.5,198.58999633789065,211.25,100446800,-0.2242601215839386,0
709,210.1000061035156,224.3500061035156,210.0,222.4199981689453,96507900,0.0244726575911045,0
710,219.3999938964844,230.6000061035156,218.1999969482422,224.63999938964844,85012500,-0.7497561033815145,0
711,229.7700042724609,233.8099975585937,222.8500061035156,225.08999633789065,61638800,0.0174597087316215,0
712,225.3999938964844,228.8600006103516,216.3500061035156,228.5200042724609,69152400,-0.0763980876654386,0
713,226.19000244140625,229.8500061035156,221.94000244140625,227.5399932861328,61554300,-0.4179660181204478,0
714,234.0500030517578,237.3999938964844,227.27999877929688,227.82000732421875,62688800,0.3256299355998635,0
715,226.0399932861328,227.8699951171875,214.82000732421875,214.97999572753903,63070300,0.3404304715339094,0
716,211.3600006103516,221.1999969482422,210.13999938964844,215.3099975585937,56538800,-0.588278904867669,0
717,222.6000061035156,223.8000030517578,203.0800018310547,207.47000122070312,98622200,-0.190781682729721,0
718,208.6499938964844,208.8999938964844,196.66000366210932,197.0800018310547,93916500,-0.4585547939059324,0
719,194.0200042724609,195.1999969482422,186.75,191.3000030517578,128803400,0.6342057287693024,0
720,190.77999877929688,195.88999938964844,177.1199951171875,177.58999633789062,127062700,-0.9316067232430214,0
721,189.8999938964844,191.0,180.02999877929688,190.72000122070312,132703000,0.0228610038757324,0
722,186.0,196.5200042724609,182.58999633789065,195.97000122070312,114403600,-0.9200103525072336,0
723,192.7700042724609,195.72999572753903,186.33999633789065,190.9499969482422,92226600,-0.6503386159117023,0
724,195.8800048828125,200.82000732421875,192.0599975585937,194.4199981689453,91293800,-0.64978052303195,0
725,191.509994506836,192.57000732421875,185.66000366210932,186.9199981689453,66567600,0.7463533920235932,0
726,183.9600067138672,186.16000366210932,180.8999938964844,183.1699981689453,64336000,-0.1966793239116668,0
727,185.0500030517578,185.19000244140625,176.5500030517578,180.19000244140625,76048900,0.1400397028774023,0
728,175.85000610351562,176.77000427246094,167.5399932861328,167.8699951171875,92882700,-0.4522167509421706,0
729,168.6300048828125,170.9199981689453,166.19000244140625,169.91000366210938,78452300,-0.4472360405488871,0
730,173.57000732421875,183.6199951171875,172.5,183.1999969482422,109536700,-0.0649924951139837,0
731,185.0599975585937,185.1999969482422,180.6300048828125,182.8600006103516,50672700,-0.0027863988652825,0
732,179.9600067138672,188.5,179.0,182.9199981689453,92905200,-0.3806982338428497,0
733,184.9900054931641,186.3800048828125,178.75,180.8300018310547,83357100,-0.9963645139941946,0
734,182.42999267578125,194.759994506836,180.6300048828125,194.6999969482422,109186400,0.0421990583345177,0
735,197.0800018310547,198.9199981689453,191.8000030517578,194.6999969482422,80046200,-0.5928545165807009,0
736,191.77999877929688,196.25,191.1100006103516,194.8600006103516,73645900,-0.9959971429780126,0
737,189.44000244140625,191.2700042724609,180.5500030517578,182.4499969482422,93122700,-0.4777638143859803,0
738,181.22000122070312,183.6499938964844,175.3300018310547,179.82000732421875,92150800,-0.0221371352672576,0
739,175.02999877929688,179.3800048828125,172.22000122070312,174.0399932861328,84213300,-0.2211706689558923,0
740,172.1999969482422,175.1999969482422,169.05999755859375,173.44000244140625,97624500,-0.8046485967934132,0
741,173.83999633789062,182.5,173.36000061035156,179.0500030517578,104872300,-0.2102150845457799,0
742,176.10000610351562,177.3699951171875,167.52000427246094,167.82000732421875,109794500,-0.6482109215964252,0
743,174.8699951171875,175.0500030517578,156.91000366210938,160.9499969482422,175862700,0.9851725115440786,0
744,159.25,161.6199951171875,155.30999755859375,156.8000030517578,140682300,-0.5911341682076454,0
745,153.44000244140625,160.92999267578125,153.27999877929688,157.6699981689453,122334500,-0.6809654608368874,0
746,159.63999938964844,160.99000549316406,150.0399932861328,150.22999572753906,139032200,-0.9554936527274548,0
747,154.0,155.25,145.82000732421875,149.8699951171875,139390600,-0.0572549942880868,0
748,146.0500030517578,148.47000122070312,137.66000366210938,137.8000030517578,159563300,-0.2608412170375231,0
749,139.33999633789062,141.25999450683594,135.88999938964844,137.57000732421875,145417400,0.1294511314481496,0
750,136.0,136.6300048828125,122.26000213623048,125.3499984741211,210090300,-0.9631006680428982,0
751,126.37000274658205,128.6199951171875,121.0199966430664,123.1500015258789,166989700,0.9872040003538132,0
752,117.5,119.66999816894533,108.76000213623048,109.0999984741211,208643400,0.8331483080983162,0
753,110.3499984741211,116.2699966430664,108.23999786376952,112.70999908447266,221070500,-0.5736778487140933,0
754,120.38999938964844,123.56999969482422,117.5,121.81999969482422,221923300,-0.8699619341641665,0
755,119.9499969482422,124.4800033569336,119.75,123.18000030517578,157777300,-0.9992695953696966,0
756,118.47000122070312,118.8000030517578,104.63999938964844,108.0999984741211,231402800,-0.1641238555312156,0
757,109.11000061035156,114.58999633789062,107.5199966430664,113.63999938964844,180389000,-0.9746839679864934,0
758,110.51000213623048,111.75,107.16000366210938,110.33999633789062,157986300,0.6673707882873714,0
759,103.0,114.38999938964844,101.80999755859376,113.05999755859376,220911100,-0.9961613080231472,0
760,118.95999908447266,123.5199966430664,117.11000061035156,119.7699966430664,190284000,0.333885071799159,0
761,121.06999969482422,122.76000213623048,114.91999816894533,118.8499984741211,167642500,0.7949698716402054,0
762,122.08999633789062,125.9499969482422,120.51000213623048,123.22000122070312,183810800,0.9061588570475578,0
763,122.55999755859376,124.12999725341795,117.0,123.55999755859376,169400900,-0.4627150406595319,0
764,116.5500030517578,122.62999725341795,115.5999984741211,122.4000015258789,180714100,0.8242527917027473,0
765,125.6999969482422,131.6999969482422,125.0199966430664,131.49000549316406,186477000,-0.9838811443187296,0
766,136.55999755859375,136.67999267578125,127.01000213623048,128.77999877929688,195680300,-0.9995640691922744,0
767,127.26000213623048,129.99000549316406,124.30999755859376,127.16999816894533,170291900,0.1751572266221046,0
768,128.67999267578125,133.50999450683594,127.3499984741211,133.4199981689453,138858100,-0.488155678162002,0
769,135.8699951171875,145.3800048828125,134.27000427246094,143.75,203119200,-0.5635653760982677,0
770,143.0,146.5,141.10000610351562,143.88999938964844,158699100,-0.0727224624715745,0
771,141.91000366210938,146.41000366210938,138.07000732421875,144.42999267578125,192734300,-0.0044958591461181,0
772,159.97000122070312,161.4199981689453,154.75999450683594,160.27000427246094,234815100,-0.6385105699300766,0
773,162.42999267578125,180.67999267578125,161.1699981689453,177.89999389648438,306590600,-0.8139168210327625,0
774,178.0500030517578,179.77000427246094,166.5,166.66000366210938,230878800,-0.987818258581683,0
775,164.57000732421875,174.3000030517578,162.77999877929688,173.22000122070312,196813500,-0.0651273801922798,0
776,173.88999938964844,183.8099975585937,169.92999267578125,181.41000366210932,213806300,0.2147985990159213,0
777,187.3300018310547,196.75,182.6100006103516,188.2700042724609,217448300,-0.5551704222646853,0
778,183.9499969482422,199.0,183.69000244140625,189.97999572753903,232662000,-0.9919541570125148,0
779,193.009994506836,198.1699981689453,189.9199981689453,194.759994506836,186188100,0.016590379178524,0
780,196.42999267578125,197.5,189.5500030517578,196.8099975585937,186010300,-0.1520542944199405,0
781,196.1000061035156,203.0,194.3099975585937,201.2899932861328,180673600,-0.2080362085253,0
782,207.77999877929688,214.0,204.7700042724609,207.32000732421875,215431400,-0.2707184106111526,0
783,202.22999572753903,206.1999969482422,192.88999938964844,196.88999938964844,204754100,-0.9273119643330574,0
784,194.4199981689453,196.3000030517578,187.6100006103516,194.63999938964844,172475500,-0.45420709712198,0
785,191.94000244140625,209.82000732421875,189.44000244140625,209.25,216455700,-0.873209968674928,0
786,211.759994506836,214.66000366210932,206.1100006103516,214.2400054931641,181006400,-0.986863877507858,0
787,210.77999877929688,217.6499938964844,201.83999633789065,202.0399932861328,229586500,-0.746786005795002,0
788,199.9900054931641,208.44000244140625,197.5,208.3099975585937,213738500,0.6913074310868979,0
789,204.9900054931641,209.7100067138672,197.22000122070312,197.3699951171875,180018600,-0.3129269890487194,0
790,197.92999267578125,201.9900054931641,191.77999877929688,200.8600006103516,191828500,-0.6293310523033142,0
791,203.91000366210932,205.13999938964844,196.3300018310547,202.07000732421875,146360000,-0.9994697752190403,0
792,196.3300018310547,197.6699981689453,192.8000030517578,196.8800048828125,142228100,-0.7651320863515139,0
793,202.02999877929688,209.4199981689453,201.259994506836,207.6300048828125,161028300,-0.0967805385589599,0
794,210.58999633789065,211.22999572753903,203.75,205.7100067138672,153144900,0.4016665872186422,0
795,206.2100067138672,207.1999969482422,198.5200042724609,202.7700042724609,156852800,-0.9995540178497322,0
796,186.7400054931641,193.75,186.009994506836,190.8999938964844,181500700,-0.9997008918217034,0
797,194.8000030517578,200.47999572753903,192.8800048828125,197.7899932861328,154193300,-0.4893351374194026,0
798,198.5399932861328,198.6000061035156,192.3000030517578,193.8099975585937,128100100,-0.3263720795512199,0
799,191.3800048828125,194.1999969482422,186.1000061035156,187.7100067138672,148125800,-0.8483900558203459,0
800,185.0399932861328,186.5,180.0,182.0,151897800,-0.9970153147587552,0
801,180.25,185.17999267578125,172.50999450683594,172.9199981689453,170023800,-0.4306251462548971,0
802,175.1300048828125,178.2899932861328,168.44000244140625,173.44000244140625,191488900,-0.5540399848287052,0
803,167.4600067138672,177.35000610351562,163.91000366210938,174.47999572753906,167790300,0.1821005139499902,0
804,177.30999755859375,183.8000030517578,177.13999938964844,183.259994506836,143717900,-0.0745035774695376,0
805,180.8000030517578,182.33999633789065,176.02999877929688,180.4499969482422,145995600,-0.6604805067181587,0
806,180.3699951171875,185.8099975585937,178.83999633789062,184.1300048828125,121136800,-0.455519150593318,0
807,184.5200042724609,186.22000122070312,177.3300018310547,180.1300048828125,133197100,0.177508202381432,0
808,178.0800018310547,186.44000244140625,176.35000610351562,183.25,129684400,-0.981900966959074,0
809,188.27999877929688,198.0,188.0399932861328,197.5800018310547,153391400,-0.6949361451891795,0
810,199.3000030517578,200.66000366210932,190.9499969482422,191.1499938964844,150376400,-0.822483666241169,0
811,195.259994506836,199.3099975585937,188.6499938964844,192.22000122070312,144193900,-0.2614316177205182,0
812,191.6499938964844,192.3600006103516,187.1499938964844,190.41000366210932,116312400,-0.3910297049442306,0
813,194.4199981689453,197.38999938964844,189.94000244140625,191.8099975585937,120851600,-0.0233541121706366,0
814,192.0,192.3500061035156,185.42999267578125,189.19000244140625,98654600,0.5726657862542197,0
815,193.1300048828125,195.2899932861328,189.44000244140625,193.8800048828125,123660000,-0.6021950016632521,0
816,195.5800018310547,197.3300018310547,194.4199981689453,195.27999877929688,110252200,0.0188519113580696,0
817,197.52999877929688,207.7899932861328,197.1999969482422,207.4600067138672,170222100,-0.9644195875152946,0
818,199.91000366210932,202.69000244140625,192.1999969482422,194.7700042724609,169545900,0.0127667649649083,0
819,197.32000732421875,198.7400054931641,190.32000732421875,192.5800018310547,126463800,-0.8963401056826115,0
820,190.5200042724609,190.67999267578125,183.759994506836,185.5200042724609,133882500,0.0779094214958604,0
821,183.0800018310547,186.38999938964844,179.74000549316406,185.0599975585937,123857900,-0.2149015590548515,0
822,179.94000244140625,185.1000061035156,176.11000061035156,184.509994506836,142154600,-0.1923001110553741,0
823,186.69000244140625,189.19000244140625,185.6499938964844,186.7899932861328,115770900,-0.5509636944625527,0
824,190.7400054931641,191.5800018310547,180.3099975585937,180.5399932861328,150256300,0.122556984424591,0
825,182.9600067138672,186.5,180.94000244140625,185.8999938964844,112933000,-0.9494262300431728,0
826,183.9499969482422,186.27999877929688,182.009994506836,185.0,96438700,-0.3684708848595619,0
827,186.32000732421875,189.69000244140625,182.69000244140625,187.0399932861328,116662200,-0.4895120952278375,0
828,187.1499938964844,187.69000244140625,183.5800018310547,184.3099975585937,92067000,-0.4209000766277313,0
829,179.10000610351562,183.5,177.64999389648438,180.58999633789065,125732700,-0.2347523928619921,0
830,166.1699981689453,169.6999969482422,160.55999755859375,162.99000549316406,210970800,-0.7887935815379024,0
831,164.8000030517578,166.0,161.32000732421875,165.0800018310547,123539000,-0.151333094225265,0
832,164.64999389648438,165.64999389648438,158.61000061035156,162.5500030517578,140006600,0.9507207944989204,0
833,159.82000732421875,163.47000122070312,158.75,160.6699981689453,121999300,-0.1633605733513832,0
834,160.2899932861328,160.6699981689453,153.13999938964844,153.75,153364100,-0.9057505382224916,0
835,152.63999938964844,160.47999572753906,152.3699951171875,160.19000244140625,127015200,0.5546032264828682,0
836,160.89999389648438,165.0,157.32000732421875,164.30999755859375,122515800,-0.0066161844879388,0
837,163.1699981689453,163.27999877929688,158.8300018310547,161.8300018310547,109015000,0.1860332465730607,0
838,161.8800048828125,165.49000549316406,158.92999267578125,160.30999755859375,128259700,-0.7549990080296993,0
839,160.00999450683594,165.0,159.91000366210938,160.61000061035156,119728000,-0.6580549981445074,0
840,162.7100067138672,162.9499969482422,159.64999389648438,161.1999969482422,95108500,-0.7666502455249429,0
841,163.97000122070312,170.7899932861328,163.50999450683594,170.05999755859375,107440900,-0.0915944278240203,0
842,173.72000122070312,173.8000030517578,169.19000244140625,171.7899932861328,112249400,-0.0097362995147705,0
843,168.9499969482422,169.82000732421875,166.55999755859375,169.14999389648438,88965000,-0.1364404074847698,0
844,172.5500030517578,174.42999267578125,166.67999267578125,168.5399932861328,119840700,-0.6507085631135852,0
845,168.6999969482422,173.57000732421875,166.7899932861328,172.0800018310547,103889900,-0.1807451697199472,0
846,176.07000732421875,177.3800048828125,167.22999572753906,167.97999572753906,157577100,0.0089070688312252,0
847,167.66000366210938,169.75999450683594,164.5500030517578,166.35000610351562,105592500,-0.9997999078223074,0
848,165.64999389648438,169.52000427246094,164.35000610351562,166.52000427246094,98288800,0.208685964345932,0
849,168.41000366210938,174.5,167.19000244140625,173.86000061035156,125473600,-0.9973117551999168,0
850,174.22000122070312,177.05999755859375,172.4499969482422,176.88999938964844,109520300,-0.1997188958048354,0
851,177.1699981689453,181.9499969482422,176.30999755859375,180.13999938964844,136024200,-0.4902150630950928,0
852,180.6999969482422,189.32000732421875,180.11000061035156,188.8699951171875,132001400,0.0,1
853,186.1999969482422,192.9600067138672,185.259994506836,185.7700042724609,156952100,0.0,1
854,182.22999572753903,184.22000122070312,178.22000122070312,182.8999938964844,137605100,0.0,1
855,186.5399932861328,186.77999877929688,180.5800018310547,184.47000122070312,96870700,0.0,1
856,184.6199951171875,198.6000061035156,184.52999877929688,193.1699981689453,162061500,0.0,1
857,200.1000061035156,204.47999572753903,197.52999877929688,201.16000366210932,128818700,0.0,1
858,199.77999877929688,203.9499969482422,195.1199951171875,203.92999267578125,150711700,0.0,1
859,202.58999633789065,209.8000030517578,199.3699951171875,207.5200042724609,148029900,0.0,1
860,210.1499938964844,217.25,209.75,213.97000122070312,164129000,0.0,1
861,217.8000030517578,221.2899932861328,214.5200042724609,217.6100006103516,151143100,0.0,1
862,216.13999938964844,221.91000366210932,212.52999877929688,221.3099975585937,146911600,0.0,1
863,228.0,230.8300018310547,223.1999969482422,224.57000732421875,185710800,0.0,1
864,224.22000122070312,235.22999572753903,223.009994506836,234.8600006103516,164489700,0.0,1
865,249.07000732421875,252.4199981689453,242.0200042724609,244.3999938964844,199882300,0.0,1
866,247.94000244140625,250.97000122070312,244.58999633789065,249.8300018310547,150337900,0.0,1
867,253.509994506836,259.67999267578125,251.33999633789065,258.7099914550781,162384300,0.0,1
868,260.1700134277344,261.57000732421875,250.5,256.7900085449219,170575500,0.0,1
869,248.3999938964844,258.95001220703125,247.2899932861328,255.8999938964844,160171200,0.0,1
870,258.9200134277344,263.6000061035156,257.2099914550781,260.5400085449219,167563700,0.0,1
871,261.5,274.75,261.1199951171875,274.45001220703125,165611200,0.0,1
872,275.1300048828125,276.989990234375,257.7799987792969,259.4599914550781,211797100,0.0,1
873,250.7700042724609,265.0,248.25,264.6099853515625,166875900,0.0,1
874,259.2900085449219,262.45001220703125,252.8000030517578,256.6000061035156,176584100,0.0,1
875,250.07000732421875,258.3699951171875,240.6999969482422,241.0500030517578,179990600,0.0,1
876,243.2400054931641,250.38999938964844,240.8500061035156,250.2100067138672,164968200,0.0,1
877,249.6999969482422,259.8800048828125,248.88999938964844,256.239990234375,159770800,0.0,1
878,258.0299987792969,260.739990234375,253.6100006103516,257.5,131283400,0.0,1
879,260.6000061035156,264.45001220703125,259.8900146484375,261.7699890136719,112267600,0.0,1
880,276.489990234375,284.25,275.1099853515625,279.82000732421875,119685900,0.0,1
881,278.82000732421875,283.8500061035156,277.6000061035156,282.4800109863281,131530900,0.0,1
882,278.0899963378906,279.9700012207031,272.8800048828125,276.5400085449219,120332100,0.0,1
883,278.42999267578125,280.7799987792969,273.7699890136719,274.42999267578125,113602000,0.0,1
884,276.4700012207031,277.5199890136719,265.1000061035156,269.6099853515625,119425400,0.0,1
885,268.6499938964844,270.8999938964844,266.3699951171875,269.7900085449219,91972400,0.0,1
886,276.3299865722656,276.5199890136719,271.4599914550781,271.989990234375,95672100,0.0,1
887,274.5899963378906,279.45001220703125,270.6000061035156,277.8999938964844,112681500,0.0,1
888,277.010009765625,285.29998779296875,276.3099975585937,281.3800048828125,119771100,0.0,1
889,286.6300048828125,292.2300109863281,283.57000732421875,290.3800048828125,131569600,0.0,1
890,290.1499938964844,295.260009765625,286.010009765625,293.3399963378906,112434700,0.0,1
891,296.0400085449219,299.2900085449219,289.5199890136719,291.260009765625,142355400,0.0,1
892,279.5599975585937,280.92999267578125,261.20001220703125,262.8999938964844,175158300,0.0,1
893,268.0,268.0,255.8000030517578,260.0199890136719,161050100,0.0,1
894,255.8500061035156,269.8500061035156,254.1199951171875,269.0599975585937,136508500,0.0,1
895,272.3800048828125,272.8999938964844,265.0,265.2799987792969,112757300,0.0,1
896,263.25,268.0400085449219,261.75,264.3500061035156,95856200,0.0,1
897,268.3099975585937,269.1300048828125,255.3000030517578,255.7100067138672,103697300,0.0,1
898,259.8599853515625,267.25,258.2300109863281,266.44000244140625,111446000,0.0,1
899,267.4800109863281,269.0799865722656,263.7799987792969,267.42999267578125,84582200,0.0,1
900,266.260009765625,266.4700012207031,260.25,261.07000732421875,83166000,0.0,1
901,255.57000732421875,259.5199890136719,250.4900054931641,254.1100006103516,101752900,0.0,1
902,252.0399932861328,260.489990234375,252.0,259.32000732421875,97569100,0.0,1
903,260.9700012207031,264.7699890136719,253.1100006103516,253.8600006103516,99242600,0.0,1
904,251.4499969482422,253.6499938964844,242.759994506836,251.4499969482422,111097900,0.0,1
905,247.4499969482422,250.9199981689453,245.009994506836,249.6999969482422,96642200,0.0,1
906,250.8699951171875,251.1000061035156,241.8999938964844,242.19000244140625,101596300,0.0,1
907,245.3999938964844,251.8000030517578,243.0,245.33999633789065,109498600,0.0,1
908,241.7700042724609,243.7899932861328,238.0200042724609,242.6499938964844,98866600,0.0,1
909,235.6999969482422,240.66000366210932,233.75,239.759994506836,98595300,0.0,1
910,238.72999572753903,240.5,232.6100006103516,232.9600067138672,88197600,0.0,1
911,228.0200042724609,233.97000122070312,225.3800048828125,225.6000061035156,112484500,0.0,1
912,226.0599975585937,226.7400054931641,218.8300018310547,219.22000122070312,120718400,0.0,1
913,214.1199951171875,217.5800018310547,212.3600006103516,215.4900054931641,135813700,0.0,1
914,221.5500030517578,232.1300048828125,220.5800018310547,231.27999877929688,135702700,0.0,1
915,240.25,240.82000732421875,229.5500030517578,233.19000244140625,130597900,0.0,1
916,229.33999633789065,238.97999572753903,229.2899932861328,236.8600006103516,101077600,0.0,1
917,238.66000366210932,238.9199981689453,228.17999267578125,230.0399932861328,99777400,0.0,1
918,231.3099975585937,239.0,230.3500061035156,238.58999633789065,106612200,0.0,1
919,242.5800018310547,244.3800048828125,235.3500061035156,238.82000732421875,107673700,0.0,1
920,238.5800018310547,257.4800109863281,237.7700042724609,257.17999267578125,134047600,0.0,1
921,254.1999969482422,260.510009765625,250.58999633789065,256.8999938964844,121988400,0.0,1
922,255.97999572753903,261.17999267578125,255.0500030517578,258.0799865722656,108861700,0.0,1
923,257.260009765625,259.0799865722656,242.009994506836,245.009994506836,132272500,0.0,1
924,245.0,258.0,244.8600006103516,256.489990234375,129469600,0.0,1
925,255.13999938964844,255.38999938964844,245.0599975585937,251.9199981689453,116959800,0.0,1
926,245.07000732421875,252.8099975585937,243.2700042724609,251.4900054931641,115312900,0.0,1
927,251.22000122070312,256.5199890136719,246.6699981689453,248.5,118367700,0.0,1
928,264.2699890136719,274.8500061035156,260.6099853515625,273.5799865722656,174667900,0.0,1
929,270.760009765625,278.3900146484375,266.6000061035156,267.4800109863281,135999900,0.0,1
930,270.07000732421875,274.9800109863281,268.1000061035156,271.29998779296875,111673700,0.0,1
931,271.32000732421875,276.7099914550781,270.4200134277344,276.0400085449219,107709800,0.0,1
932,277.54998779296875,278.9800109863281,271.0,274.3900146484375,133422800,0.0,1
933,271.1600036621094,271.44000244140625,263.760009765625,265.2799987792969,101543300,0.0,1
934,264.3500061035156,267.8500061035156,261.20001220703125,266.5,103704000,0.0,1
935,267.0400085449219,273.92999267578125,262.4599914550781,262.5899963378906,122514600,0.0,1
936,257.8500061035156,260.8599853515625,254.2100067138672,255.6999969482422,119531000,0.0,1
937,257.3999938964844,257.7900085449219,244.47999572753903,244.8800048828125,127524100,0.0,1
938,243.3800048828125,247.1000061035156,238.3099975585937,246.9900054931641,104636600,0.0,1
939,242.97999572753903,249.5500030517578,241.66000366210932,244.1199951171875,101993600,0.0,1
940,244.259994506836,245.3300018310547,234.5800018310547,240.5,136597200,0.0,1
941,240.0200042724609,247.5500030517578,238.6499938964844,246.3800048828125,117058900,0.0,1
942,250.0,254.7700042724609,246.3500061035156,250.22000122070312,128346200,0.0,1
943,244.8099975585937,254.27999877929688,242.6199951171875,251.6000061035156,123810400,0.0,1
944,248.6100006103516,250.0200042724609,244.4499969482422,246.52999877929688,101985300,0.0,1
945,248.13999938964844,261.8599853515625,247.6000061035156,261.1600036621094,129721600,0.0,1
946,260.0,263.6000061035156,256.25,260.04998779296875,119159200,0.0,1
947,253.97999572753903,261.6499938964844,250.6499938964844,260.5299987792969,117947000,0.0,1
948,255.3099975585937,261.3599853515625,252.0500030517578,259.6700134277344,101377900,0.0,1
949,257.75,268.94000244140625,257.6499938964844,263.6199951171875,122656000,0.0,1
950,266.20001220703125,268.6000061035156,260.8999938964844,262.989990234375,103706300,0.0,1
951,262.9200134277344,265.4100036621094,256.6300048828125,258.8699951171875,111508100,0.0,1
952,258.8999938964844,259.6000061035156,250.22000122070312,251.1199951171875,102073800,0.0,1
953,250.0500030517578,255.3999938964844,248.47999572753903,253.9199981689453,88917200,0.0,1
954,250.1000061035156,257.17999267578125,247.0800018310547,254.8500061035156,93562900,0.0,1
955,252.6999969482422,254.6300048828125,242.0800018310547,242.67999267578125,125147800,0.0,1
956,225.9499969482422,230.6100006103516,216.77999877929688,220.1100006103516,170772700,0.0,1
957,217.009994506836,218.8600006103516,210.4199981689453,211.9900054931641,137734000,0.0,1
958,210.0,216.97999572753903,202.509994506836,212.0800018310547,150683400,0.0,1
959,216.5,222.0500030517578,214.1100006103516,216.5200042724609,118231100,0.0,1
960,215.8800048828125,220.1000061035156,212.1999969482422,212.4199981689453,107065100,0.0,1
961,211.32000732421875,214.8000030517578,204.8800048828125,205.759994506836,115112600,0.0,1
962,210.6000061035156,212.41000366210932,205.7700042724609,207.3000030517578,94881200,0.0,1
963,209.27999877929688,210.8800048828125,194.6699981689453,197.3600006103516,136448200,0.0,1
964,196.1199951171875,202.8000030517578,194.07000732421875,200.83999633789065,118068300,0.0,1
965,204.0399932861328,205.9900054931641,197.8500061035156,205.66000366210932,121661700,0.0,1
966,212.97000122070312,219.1999969482422,211.4499969482422,218.509994506836,125987600,0.0,1
967,221.1499938964844,226.3699951171875,218.3999938964844,219.9600067138672,119281000,0.0,1
968,223.97999572753903,226.32000732421875,215.0,219.2700042724609,117335800,0.0,1
969,219.97999572753903,223.1199951171875,215.72000122070312,222.17999267578125,116900100,0.0,1
970,223.1499938964844,224.1499938964844,217.63999938964844,222.1100006103516,106584800,0.0,1
971,219.75,220.8000030517578,206.67999267578125,209.97999572753903,142110500,0.0,1
972,210.02999877929688,215.3800048828125,205.69000244140625,214.6499938964844,130994000,0.0,1
973,215.6000061035156,225.3999938964844,211.6100006103516,223.7100067138672,140447600,0.0,1
974,235.02999877929688,238.13999938964844,230.72000122070312,237.41000366210932,149771600,0.0,1
975,239.2899932861328,246.6999969482422,236.4499969482422,242.83999633789065,150354000,0.0,1
976,239.4900054931641,240.8800048828125,230.9600067138672,233.58999633789065,136816800,0.0,1
977,232.0,237.38999938964844,226.5399932861328,234.3000030517578,142532800,0.0,1
978,234.0399932861328,237.1000061035156,231.0200042724609,235.6000061035156,116320100,0.0,1
979,235.0399932861328,243.6199951171875,233.33999633789065,241.1999969482422,122288000,0.0,1
980,242.0399932861328,244.009994506836,231.3999938964844,234.2100067138672,117950600,0.0,1
981,233.75,238.75,232.3300018310547,235.4499969482422,65125200,0.0,1
982,236.88999938964844,238.3300018310547,232.1000061035156,236.0800018310547,112031800,0.0,1
983,236.67999267578125,247.0,234.009994506836,246.72000122070312,148549900,0.0,1
984,249.2100067138672,252.75,242.759994506836,244.13999938964844,135401300,0.0,1
985,245.13999938964844,245.22000122070312,236.91000366210932,240.0800018310547,132353200,0.0,1
986,233.13999938964844,240.19000244140625,231.8999938964844,238.8300018310547,121173500,0.0,1
987,235.75,239.3699951171875,233.2899932861328,235.5800018310547,104099800,0.0,1
988,233.8699951171875,246.66000366210932,233.6999969482422,238.72000122070312,137971100,0.0,1
989,242.9199981689453,246.57000732421875,239.1699981689453,239.3699951171875,126436200,0.0,1
990,241.5500030517578,244.0800018310547,236.97999572753903,242.63999938964844,107142300,0.0,1
991,240.2700042724609,245.2700042724609,239.2700042724609,243.83999633789065,102980100,0.0,1
992,242.7400054931641,243.44000244140625,237.4499969482422,239.7400054931641,97913900,0.0,1
993,238.5500030517578,238.9900054931641,233.8699951171875,237.009994506836,95328300,0.0,1
994,234.19000244140625,240.3000030517578,228.1999969482422,239.2899932861328,146286300,0.0,1
995,241.22000122070312,253.8800048828125,240.7899932861328,251.0500030517578,160829200,0.0,1
996,251.2100067138672,254.1300048828125,248.3000030517578,253.5,135720800,0.0,1
997,253.77999877929688,258.739990234375,251.3600006103516,252.0800018310547,116416500,0.0,1
998,253.47999572753903,258.3399963378906,253.009994506836,257.2200012207031,106737400,0.0,1
999,256.4100036621094,259.8399963378906,247.0,247.13999938964844,125097000,0.0,1
1000,251.8999938964844,254.8000030517578,248.5500030517578,254.5,109594200,0.0,1
1001,256.760009765625,258.2200012207031,251.3699951171875,252.5399932861328,93249800,0.0,1
1002,254.4900054931641,257.9700012207031,252.91000366210932,256.6099853515625,86892400,0.0,1
1003,258.3500061035156,263.3399963378906,257.5199890136719,261.44000244140625,106494400,0.0,1
1004,263.6600036621094,265.1300048828125,252.7100067138672,253.17999267578125,113619900,0.0,1
1005,255.1000061035156,255.19000244140625,247.42999267578125,248.47999572753903,100615300,0.0,1
1006,250.0800018310547,251.25,244.41000366210932,248.4199981689453,104654200,0.0,1
1007,244.97999572753903,245.67999267578125,236.32000732421875,238.4499969482422,121082600,0.0,1
1008,239.25,242.6999969482422,237.72999572753903,237.92999267578125,102629300,0.0,1
1009,236.8600006103516,240.1199951171875,234.8999938964844,237.4900054931641,92379400,0.0,1
1010,236.13999938964844,241.25,235.3000030517578,240.4499969482422,85166600,0.0,1
1011,238.1100006103516,238.9600067138672,232.0399932861328,234.9600067138672,96705700,0.0,1
1012,235.1000061035156,235.5,231.2899932861328,233.94000244140625,91628500,0.0,1
1013,230.57000732421875,230.92999267578125,225.3699951171875,227.22000122070312,105873600,0.0,1
1014,220.0800018310547,225.33999633789065,217.1499938964844,218.88999938964844,122889000,0.0,1
1015,215.1000061035156,223.4900054931641,212.17999267578125,219.91000366210932,115355000,0.0,1
1016,214.8600006103516,215.6699981689453,212.009994506836,215.5500030517578,103164400,0.0,1
1017,216.8800048828125,217.4499969482422,208.7400054931641,211.8800048828125,108595400,0.0,1
1018,209.9900054931641,213.19000244140625,207.5599975585937,212.19000244140625,102095800,0.0,1
1019,212.259994506836,217.8000030517578,206.2700042724609,208.8000030517578,117952500,0.0,1
1020,211.3000030517578,215.6499938964844,207.75,209.13999938964844,106605900,0.0,1
1021,211.8800048828125,212.72999572753903,206.7700042724609,207.8300018310547,123369900,0.0,1
1022,189.6999969482422,193.0,180.05999755859375,182.6300048828125,198076800,0.0,1
1023,185.5,186.77999877929688,182.1000061035156,183.25,107343200,0.0,1
1024,185.6300048828125,191.47999572753903,183.6699981689453,190.92999267578125,125013100,0.0,1
1025,195.3300018310547,196.3600006103516,190.6100006103516,191.58999633789065,109982300,0.0,1
1026,187.0,193.97000122070312,185.8500061035156,187.2899932861328,103221400,0.0,1
1027,188.5,189.8800048828125,184.27999877929688,188.8600006103516,91843300,0.0,1
1028,185.0399932861328,188.69000244140625,182.0,187.91000366210932,110505100,0.0,1
1029,184.259994506836,184.67999267578125,175.00999450683594,181.0599975585937,134294400,0.0,1
1030,177.2100067138672,186.4900054931641,177.11000061035156,185.1000061035156,122676000,0.0,1
1031,188.17999267578125,189.7899932861328,182.67999267578125,187.5800018310547,111535200,0.0,1
1032,189.0,191.6199951171875,185.5800018310547,189.5599975585937,83034000,0.0,1
1033,190.17999267578125,194.1199951171875,189.47999572753903,193.57000732421875,84476300,0.0,1
1034,192.1100006103516,194.72999572753903,187.27999877929688,188.1300048828125,95498600,0.0,1
1035,183.9900054931641,187.259994506836,182.1100006103516,184.0200042724609,86759500,0.0,1
1036,185.3000030517578,188.88999938964844,183.3500061035156,188.7100067138672,81203000,0.0,1
1037,189.16000366210932,200.8800048828125,188.8600006103516,200.4499969482422,120831800,0.0,1
1038,202.0599975585937,203.1699981689453,197.3999938964844,199.9499969482422,111173600,0.0,1
1039,196.1300048828125,198.6000061035156,189.1300048828125,193.759994506836,104545800,0.0,1
1040,193.3600006103516,199.44000244140625,191.9499969482422,194.7700042724609,103844000,0.0,1
1041,194.0,198.32000732421875,191.3600006103516,197.41000366210932,92739500,0.0,1
1042,195.3099975585937,197.57000732421875,191.5,191.97000122070312,78841900,0.0,1
1043,192.2899932861328,201.77999877929688,192.0,199.3999938964844,111747100,0.0,1
1044,204.0399932861328,205.6000061035156,198.259994506836,199.72999572753903,108645400,0.0,1
1045,200.4199981689453,205.3000030517578,198.44000244140625,202.0399932861328,99806200,0.0,1
1046,204.17999267578125,205.27999877929688,198.4499969482422,201.8800048828125,85907000,0.0,1
1047,200.5200042724609,204.5200042724609,198.5,202.63999938964844,82099200,0.0,1
1048,198.72999572753903,199.75,186.72000122070312,188.13999938964844,134334900,0.0,1
1049,183.0500030517578,184.58999633789065,177.57000732421875,180.7400054931641,119660800,0.0,1
1050,179.99000549316406,181.5800018310547,173.6999969482422,176.5399932861328,107920900,0.0,1
1051,174.35000610351562,180.0399932861328,173.6999969482422,178.64999389648438,102129000,0.0,1
1052,181.5,182.72999572753903,174.6999969482422,175.33999633789062,85315300,0.0,1
1053,175.4499969482422,182.8699951171875,174.8000030517578,177.77000427246094,85391500,0.0,1
1054,177.77000427246094,179.42999267578125,172.41000366210938,177.5399932861328,87391700,0.0,1
1055,173.0500030517578,176.0500030517578,169.14999389648438,169.47999572753906,106524500,0.0,1
1056,167.77000427246094,171.1699981689453,160.50999450683594,162.5,126325700,0.0,1
1057,163.16000366210938,165.17999267578125,160.75999450683594,163.57000732421875,96971900,0.0,1
1058,170.02000427246094,174.72000122070312,165.89999389648438,173.8000030517578,108214400,0.0,1
1059,172.36000061035156,172.82000732421875,167.4199981689453,171.32000732421875,77271400,0.0,1
1060,173.0,176.25,170.82000732421875,175.66000366210938,83846700,0.0,1
1061,176.38999938964844,178.17999267578125,171.8000030517578,172.82000732421875,73178000,0.0,1
1062,166.69000244140625,171.1999969482422,166.3000030517578,170.8300018310547,75454700,0.0,1
1063,168.75999450683594,175.24000549316406,168.72999572753906,172.6300048828125,74228600,0.0,1
1064,178.5800018310547,184.25,177.3800048828125,177.6699981689453,113186200,0.0,1
1065,181.41000366210932,181.91000366210932,176.0,179.8300018310547,81804000,0.0,1
1066,177.4499969482422,179.57000732421875,175.3000030517578,175.7899932861328,77654800,0.0,1
1067,176.1699981689453,176.75,170.2100067138672,175.22000122070312,81562100,0.0,1
1068,164.75,167.69000244140625,163.42999267578125,166.6300048828125,116650600,0.0,1
1069,164.02000427246094,168.82000732421875,163.27999877929688,168.3800048828125,82950100,0.0,1
1070,170.07000732421875,177.19000244140625,168.00999450683594,171.11000061035156,123162000,0.0,1
1071,169.0800018310547,170.86000061035156,160.50999450683594,164.89999389648438,141250700,0.0,1
1072,169.33999633789062,174.5,167.7899932861328,172.97999572753906,104423300,0.0,1
1073,172.91000366210938,179.22000122070312,171.9199981689453,176.8800048828125,103232700,0.0,1
1074,173.0399932861328,174.92999267578125,170.00999450683594,171.75999450683594,84532400,0.0,1
1075,172.5500030517578,175.8800048828125,168.50999450683594,174.60000610351562,94516000,0.0,1
1076,172.33999633789062,173.80999755859375,170.36000061035156,171.0500030517578,64506600,0.0,1
1077,170.24000549316406,170.69000244140625,161.3800048828125,161.47999572753906,100245300,0.0,1
1078,156.74000549316406,158.19000244140625,153.75,157.11000061035156,97000000,0.0,1
1079,157.63999938964844,158.3300018310547,153.77999877929688,155.4499969482422,82439700,0.0,1
1080,151.25,152.1999969482422,148.6999969482422,149.92999267578125,96098800,0.0,1
1081,148.97000122070312,150.94000244140625,146.22000122070312,147.0500030517578,86005100,0.0,1
1082,140.55999755859375,144.44000244140625,138.8000030517578,142.0500030517578,107097600,0.0,1
1083,143.3300018310547,147.25999450683594,141.11000061035156,144.67999267578125,124545100,0.0,1
1084,162.83999633789062,167.97000122070312,157.50999450683594,162.1300048828125,181178000,0.0,1
1085,158.9600067138672,170.8800048828125,158.36000061035156,170.17999267578125,126427500,0.0,1
1086,168.85000610351562,172.1199951171875,166.3699951171875,168.2899932861328,109815700,0.0,1
1087,188.4199981689453,198.8699951171875,184.5399932861328,194.0500030517578,243869700,0.0,1
1088,186.97999572753903,190.9499969482422,182.83999633789065,183.27999877929688,127031800,0.0,1
1089,182.0,185.8600006103516,179.00999450683594,179.99000549316406,92829700,0.0,1
1090,182.8600006103516,184.6000061035156,176.02000427246094,180.00999450683594,89148000,0.0,1
1091,182.1000061035156,184.77999877929688,178.4199981689453,181.19000244140625,75491500,0.0,1
1092,183.8000030517578,187.5599975585937,182.1999969482422,184.759994506836,84390300,0.0,1
1093,182.3999938964844,183.259994506836,177.39999389648438,177.80999755859375,75045900,0.0,1
1094,171.58999633789062,176.05999755859375,170.14999389648438,174.72000122070312,79969500,0.0,1
1095,175.00999450683594,175.6199951171875,171.3699951171875,171.97000122070312,65950300,0.0,1
1096,173.0500030517578,173.05999755859375,167.75,168.47000122070312,72627200,0.0,1
1097,170.0,175.39999389648438,169.0,171.88999938964844,67018900,0.0,1
1098,174.5,179.49000549316406,174.07000732421875,177.5500030517578,86407400,0.0,1
1099,179.89999389648438,180.0,173.11000061035156,173.99000549316406,79663000,0.0,1
1100,174.10000610351562,175.7899932861328,171.42999267578125,174.83999633789062,59812200,0.0,1
1101,173.5500030517578,179.6300048828125,172.75,177.4600067138672,77445800,0.0,1
1102,177.55999755859375,177.75,173.52000427246094,174.9499969482422,61727400,0.0,1
1103,175.50999450683594,186.8800048828125,174.7100067138672,186.6000061035156,115266500,0.0,1
1104,182.8500061035156,183.8000030517578,178.1199951171875,180.11000061035156,88313500,0.0,1
1105,181.8000030517578,181.8999938964844,173.25999450683594,173.74000549316406,71975500,0.0,1
1106,174.83999633789062,180.0800018310547,173.72999572753906,179.24000549316406,65479700,0.0,1
1107,176.39999389648438,178.25,173.16000366210938,176.75,59736600,0.0,1
1108,174.19000244140625,178.14999389648438,173.92999267578125,176.19000244140625,54782600,0.0,1
1109,178.5800018310547,182.6699981689453,175.3800048828125,178.7899932861328,77784800,0.0,1
1110,178.5,180.32000732421875,173.82000732421875,178.0800018310547,67314600,0.0,1
1111,178.1300048828125,182.63999938964844,174.49000549316406,176.2899932861328,68568900,0.0,1
1112,174.77999877929688,177.75999450683594,174.0,174.77000427246094,60056300,0.0,1
1113,175.35000610351562,176.14999389648438,172.1300048828125,175.0,57953800,0.0,1
1114,174.60000610351562,179.72999572753906,172.72999572753906,177.94000244140625,69887000,0.0,1
1115,176.1300048828125,179.35000610351562,175.5800018310547,177.47999572753906,56244900,0.0,1
1116,176.05999755859375,178.57000732421875,173.1699981689453,173.7899932861328,50869700,0.0,1
1117,173.9199981689453,174.75,167.41000366210938,170.66000366210938,64761900,0.0,1
1118,171.1199951171875,180.5500030517578,169.8000030517578,177.2899932861328,90389400,0.0,1
1119,188.38999938964844,191.0800018310547,181.22999572753903,182.47000122070312,118984100,0.0,1
1120,185.8000030517578,186.0,176.9199981689453,178.00999450683594,82038200,0.0,1
1121,177.9199981689453,188.8099975585937,177.0,187.44000244140625,109786100,0.0,1
1122,186.5599975585937,187.1999969482422,182.3699951171875,184.8600006103516,68982300,0.0,1
1123,184.67999267578125,185.2100067138672,179.66000366210938,181.57000732421875,55893100,0.0,1
1124,182.3000030517578,183.9499969482422,180.69000244140625,183.009994506836,63029500,0.0,1
1125,184.97000122070312,188.8000030517578,182.5500030517578,182.5800018310547,61992100,0.0,1
1126,184.3999938964844,187.97000122070312,182.009994506836,187.3500061035156,63678300,0.0,1
1127,186.5399932861328,197.759994506836,186.3600006103516,196.3699951171875,95737100,0.0,1
1128,195.1699981689453,198.72000122070312,194.0500030517578,197.4199981689453,72746500,0.0,1
1129,199.5500030517578,203.1999969482422,195.259994506836,197.8800048828125,95438100,0.0,1
