Date,Open,High,Low,Close,Volume
2018-11-01 00:00:00-04:00,39.08822054056645,39.366195871385116,38.67125598493953,39.03099060058594,16494500
2018-11-02 00:00:00-04:00,39.09640478932973,39.243568420410156,38.78572566607121,39.243568420410156,17584900
2018-11-05 00:00:00-05:00,39.24356454912181,39.88127147502958,39.17815711118342,39.80768966674805,16543500
2018-11-06 00:00:00-05:00,39.774982476971715,40.167417683191566,39.73410127563395,40.151065826416016,14373400
2018-11-07 00:00:00-05:00,40.37998024206364,40.510791960165996,40.085653096634,40.36362838745117,12239700
2018-11-08 00:00:00-05:00,40.15923968263536,40.363633211523286,40.1428878260686,40.3309326171875,9762800
2018-11-09 00:00:00-05:00,40.37999862563896,40.78878582066474,40.35547239195303,40.617095947265625,12398100
2018-11-12 00:00:00-05:00,40.559854879610434,41.074927477521705,40.50262493748673,40.772422790527344,13918300
2018-11-13 00:00:00-05:00,40.72336599939772,40.87870395164684,40.535324335475856,40.764244079589844,13872900
2018-11-14 00:00:00-05:00,40.75607310611532,40.829654909740405,40.54350518386402,40.682491302490234,12106800
2018-11-15 00:00:00-05:00,40.60072646078049,40.67430824869586,40.28187308607971,40.666133880615234,12080100
2018-11-16 00:00:00-05:00,40.60073490820639,41.08310381405871,40.576208680064134,41.017696380615234,13405800
2018-11-19 00:00:00-05:00,41.1321648174669,41.5000707633467,41.08310923591029,41.295677185058594,13575800
2018-11-20 00:00:00-05:00,41.54912830076981,41.565480162058414,40.232833095623874,40.371822357177734,16255300
2018-11-21 00:00:00-05:00,40.249176340011516,40.42086616858707,39.72592936599195,39.840389251708984,13559200
2018-11-23 00:00:00-05:00,39.856738742032384,40.24917394923666,39.69322329266449,40.077484130859375,4792500
2018-11-26 00:00:00-05:00,40.069309129184006,40.24917644652848,39.79133378365072,39.95484924316406,9341900
2018-11-27 00:00:00-05:00,39.96301886523656,40.396332096676105,39.840381515041756,40.36362838745117,9180700
2018-11-28 00:00:00-05:00,40.23282968017258,40.649794310638484,40.23282968017258,40.64161682128906,11368700
2018-11-29 00:00:00-05:00,40.60864987709242,40.73225701175828,40.353199742524325,40.3614387512207,11564300
2018-11-30 00:00:00-05:00,40.377925604020206,41.60574554122424,40.369686594162395,41.53158187866211,25538200
2018-12-03 00:00:00-05:00,41.09483763545397,41.16900129571025,40.287279525696874,40.946510314941406,14877200
2018-12-04 00:00:00-05:00,41.17724411167708,41.62222293691804,40.78994464149695,40.85586929321289,19059900
2018-12-06 00:00:00-05:00,40.798181951934815,40.89706892538996,40.09774984565909,40.69105911254883,17674900
2018-12-07 00:00:00-05:00,40.84761816596549,40.938262970430415,40.2790323154033,40.45207977294922,15565700
2018-12-10 00:00:00-05:00,40.748742530110974,40.748742530110974,39.94118442272782,40.5756950378418,12331100
2018-12-11 00:00:00-05:00,40.86410782925528,41.21020281637085,40.5262518517785,40.822906494140625,18083600
2018-12-12 00:00:00-05:00,41.160771602861395,41.218454113510475,40.53449985372703,40.55922317504883,12316900
2018-12-13 00:00:00-05:00,40.14719499270464,40.88058945379551,40.023587842503986,40.76522445678711,13766200
2018-12-14 00:00:00-05:00,40.567455300123505,40.806427457081526,40.394407797551374,40.65810012817383,13835900
2018-12-17 00:00:00-05:00,40.658091444835875,40.81465775037372,39.570360027459635,39.82581329345703,18482700
2018-12-18 00:00:00-05:00,40.05653799253849,40.23782758613753,39.43026656562879,39.81756591796875,14765700
2018-12-19 00:00:00-05:00,39.751654793915705,40.18015243757142,39.24074819574264,39.47148132324219,17903800
2018-12-20 00:00:00-05:00,39.39731088265025,39.661003145716904,38.81224072697761,39.17481994628906,21130000
2018-12-21 00:00:00-05:00,38.944093515190985,40.17191337902631,38.919373343634255,39.199546813964844,32477700
2018-12-24 00:00:00-05:00,39.24075768517935,39.44676754745018,37.76572946035056,37.87285232543945,10733700
2018-12-26 00:00:00-05:00,37.8069138074662,38.69687437778179,37.62562420426171,38.68039321899414,14342600
2018-12-27 00:00:00-05:00,38.51559915655289,39.18306899318655,37.93052885098169,39.166587829589844,16966500
2018-12-28 00:00:00-05:00,39.46324314296902,39.56212698273137,38.75456881384089,38.894657135009766,13218200
2018-12-31 00:00:00-05:00,39.13362910233321,39.174830440075304,38.69688612057742,39.01826095581055,10576300
2019-01-02 00:00:00-05:00,38.680407742446995,38.91114090864853,38.36727503828766,38.67216873168945,11603700
2019-01-03 00:00:00-05:00,38.581512876349265,39.03473378162363,38.34254076764572,38.43318557739258,14714400
2019-01-04 00:00:00-05:00,38.52383488142522,39.199546813964844,38.433190061103524,39.199546813964844,13013700
2019-01-07 00:00:00-05:00,39.19954787712372,39.34787519740753,38.64744307431426,38.68864440917969,13135500
2019-01-08 00:00:00-05:00,38.93585662410376,39.19954894658911,38.76280912687158,39.12538528442383,15420700
2019-01-09 00:00:00-05:00,38.7957691296579,38.9605744637461,38.26014236349049,38.37550735473633,18032500
2019-01-10 00:00:00-05:00,38.449661665323184,38.80399870570171,38.185969422733514,38.78751754760742,15976600
2019-01-11 00:00:00-05:00,38.96881225141541,39.02649474057699,38.70511997425961,39.010013580322266,11088600
2019-01-14 00:00:00-05:00,38.93585726317527,39.05946441663304,38.72160842643703,38.85345458984375,11514300
2019-01-15 00:00:00-05:00,38.63919987330366,39.224266985521574,38.57327836799895,39.199546813964844,11342900
2019-01-16 00:00:00-05:00,39.059459121563236,39.11714161376771,38.61447720159154,38.663917541503906,16907800
2019-01-17 00:00:00-05:00,38.663917303748626,38.845206931539344,38.630958125163076,38.7792854309082,12044600
2019-01-18 00:00:00-05:00,38.93585876277855,39.29843494024644,38.82873276855326,39.232513427734375,12760700
2019-01-22 00:00:00-05:00,39.30667328706594,39.380836946122045,38.902892666991555,39.32315444946289,11700400
2019-01-23 00:00:00-05:00,39.40555274803931,39.7928521627665,39.26546759839073,39.776371002197266,12058300
2019-01-24 00:00:00-05:00,39.64452952221008,39.64452952221008,39.04298123627717,39.298431396484375,10272000
2019-01-25 00:00:00-05:00,39.45500224796783,39.578606255900965,38.927617603148086,39.03474044799805,12066500
2019-01-28 00:00:00-05:00,38.91113092623607,38.977052425767035,38.6803978192277,38.86992645263672,9966900
2019-01-29 00:00:00-05:00,38.89465881331802,39.24899599317176,38.836976309012584,39.05946731567383,11998600
2019-01-30 00:00:00-05:00,38.93585408488235,39.463238695459395,38.88641059884317,39.43851852416992,12952500
2019-01-31 00:00:00-05:00,39.430285195225444,40.196642111298495,39.11715247728447,39.66101837158203,32181500
2019-02-01 00:00:00-05:00,39.94941337275519,40.19662446281309,39.88349188235421,40.13070297241211,19130100
2019-02-04 00:00:00-05:00,40.13070626171019,40.748735609241265,39.998860126641944,40.583927154541016,15105700
2019-02-05 00:00:00-05:00,40.64984871265101,40.765213679158876,40.46031696086286,40.5921630859375,12651900
2019-02-06 00:00:00-05:00,40.55096176125035,40.67456887877139,40.39439547005533,40.5921630859375,8689100
2019-02-07 00:00:00-05:00,40.518015875877346,40.75698805681953,40.37793068643867,40.72402572631836,10047800
2019-02-08 00:00:00-05:00,40.68281771024575,40.78994369506836,40.468568884060865,40.78994369506836,9813300
2019-02-11 00:00:00-05:00,40.84761858314668,41.10307183984228,40.77345493723245,40.88058090209961,9369300
2019-02-12 00:00:00-05:00,40.94651506649133,41.037159899929954,40.75698638905635,40.92179489135742,10983300
2019-02-13 00:00:00-05:00,40.88059188828102,41.15252323407171,40.839390550247344,41.0289192199707,12748800
2019-02-14 00:00:00-05:00,38.48263140591044,38.69688021555196,37.49378373369247,37.56794738769531,58905400
2019-02-15 00:00:00-05:00,37.8233991119963,38.12005057231042,37.24657106504225,37.27953338623047,35701600
2019-02-19 00:00:00-05:00,37.3454622348105,37.567953231427744,36.89224123138747,36.94168472290039,25511300
2019-02-20 00:00:00-05:00,37.007606782636266,37.27954127479204,36.91696195191768,37.1641731262207,27464000
2019-02-21 00:00:00-05:00,37.08177659416247,37.83165239510597,37.04881426053698,37.79045104980469,23121200
2019-02-22 00:00:00-05:00,37.70803079243458,37.86460024553732,37.24657087203059,37.31249237060547,24728400
2019-02-25 00:00:00-05:00,37.444337688519646,37.55146365774258,36.949915457961275,37.032318115234375,23774400
2019-02-26 00:00:00-05:00,37.164157437100336,37.19711975134829,36.801581410750714,36.82630157470703,20463200
2019-02-27 00:00:00-05:00,36.752144679661995,37.09824275582076,36.603817381802514,37.032318115234375,17827500
2019-02-28 00:00:00-05:00,37.18065263787965,37.58443328128249,37.17241362793533,37.361942291259766,22533900
2019-03-01 00:00:00-05:00,37.46906875460978,37.609153929656344,37.246577761776535,37.39490509033203,16291600
2019-03-04 00:00:00-05:00,37.51850271444617,37.63386769624657,37.32897408099409,37.61738967895508,15973800
2019-03-05 00:00:00-05:00,37.61739542839272,37.65859676483864,37.411385602702644,37.57619094848633,13062300
2019-03-06 00:00:00-05:00,37.633865971328234,37.73275293130474,37.444337346563046,37.452579498291016,14232100
2019-03-07 00:00:00-05:00,37.48554298421691,37.51850216177438,37.18888838198009,37.31249237060547,12084000
2019-03-08 00:00:00-05:00,37.205370116233986,37.287772776588305,36.76038820601668,36.94991683959961,15579100
2019-03-11 00:00:00-04:00,37.19712157314053,38.103566398598204,37.164159257278186,38.05412292480469,22126900
2019-03-12 00:00:00-04:00,37.86460355929081,38.11181470163641,37.82340222614325,37.94700622558594,19348500
2019-03-13 00:00:00-04:00,38.0129220839755,38.18596952925906,37.83163248789206,38.08708572387695,16222500
2019-03-14 00:00:00-04:00,38.1037111026715,38.32814433578603,37.92915297832734,37.98733901977539,18504100
2019-03-15 00:00:00-04:00,38.00397717560942,38.153599382671075,37.521860470432415,37.65485763549805,47254500
2019-03-18 00:00:00-04:00,37.7629133391423,37.970721577561136,37.70472728605719,37.74628829956055,24006400
2019-03-19 00:00:00-04:00,37.86265376120736,37.979025846955416,37.688095632585274,37.870967864990234,14987000
2019-03-20 00:00:00-04:00,37.737980807574324,38.15359732232337,37.55510852639599,37.846038818359375,13376100
2019-03-21 00:00:00-04:00,37.84602795991233,38.03721112133602,37.771216881885536,37.829402923583984,20043000
2019-03-22 00:00:00-04:00,37.78784734941691,38.328150009589855,37.78784734941691,38.17852783203125,19055900
2019-03-25 00:00:00-04:00,38.120330610021924,38.40294984359391,38.06214457701307,38.26163864135742,11668200
2019-03-26 00:00:00-04:00,38.37801541525614,38.8933820149852,38.37801541525614,38.76869583129883,11434900
2019-03-27 00:00:00-04:00,38.77702068034918,38.99313986494033,38.5110263742821,38.743770599365234,11543600
2019-03-28 00:00:00-04:00,38.80194830761971,39.00144240879888,38.63570110936936,38.71882629394531,11121100
2019-03-29 00:00:00-04:00,38.7936399442956,38.993137245897444,38.63570682658308,38.951576232910156,16045600
2019-04-01 00:00:00-04:00,39.059634522085766,39.20925352362266,38.727140100910496,38.835201263427734,11522700
2019-04-02 00:00:00-04:00,38.86014006664129,39.009762249981804,38.71051788330078,38.71051788330078,8495000
2019-04-03 00:00:00-04:00,38.58582757490494,38.727138809006036,38.26996137331744,38.38633346557617,12854500
2019-04-04 00:00:00-04:00,38.51932814098655,38.68557533543508,38.328144977186255,38.63570022583008,7814900
2019-04-05 00:00:00-04:00,38.64401685280608,38.71882793664763,38.4029585636609,38.62739181518555,7677600
2019-04-08 00:00:00-04:00,38.68558631213954,38.710522288566665,38.46115301158821,38.69389724731445,9421300
2019-04-09 00:00:00-04:00,38.61077104448721,38.83520432081424,38.461148860269184,38.79364013671875,8641800
2019-04-10 00:00:00-04:00,38.934943019246866,39.067940135425026,38.70219885866043,38.76869583129883,8059900
2019-04-11 00:00:00-04:00,38.83520314301371,38.86013911599309,38.68558096333344,38.82688903808594,7352400
2019-04-12 00:00:00-04:00,38.793640305002896,39.00976264798959,38.710518278255435,38.851829528808594,10690000
2019-04-15 00:00:00-04:00,38.96819651981307,39.10119364769359,38.818574354584776,39.06794357299805,10261300
2019-04-16 00:00:00-04:00,39.10950828469542,39.15106929654997,38.81857803081164,39.02638626098633,10804600
2019-04-17 00:00:00-04:00,39.2341889072455,39.52511911972331,39.192627901306025,39.30068588256836,11849300
2019-04-18 00:00:00-04:00,39.34225498536911,39.5500632119872,39.29237986945609,39.46693801879883,12167000
2019-04-22 00:00:00-04:00,39.40043640136719,39.5749945301806,39.08456704620374,39.40043640136719,9834700
2019-04-23 00:00:00-04:00,39.973998646534135,40.49767637088944,39.52513202565816,40.07374572753906,25327800
2019-04-24 00:00:00-04:00,39.92412174764502,40.09036898920561,39.83268560624157,39.88256072998047,15997300
2019-04-25 00:00:00-04:00,39.683067537853205,39.807750593866366,39.45863423194656,39.76618957519531,11444400
2019-04-26 00:00:00-04:00,39.890876714112856,40.273243168072305,39.88256260764708,40.11530685424805,10154300
2019-04-29 00:00:00-04:00,40.040479018756315,40.273226339001134,39.990607084411955,40.248287200927734,9731500
2019-04-30 00:00:00-04:00,40.33972931359236,40.88003193603056,40.22335722159685,40.7802848815918,17912900
2019-05-01 00:00:00-04:00,40.688854668193336,40.79691584255098,40.3563602105862,40.389610290527344,10551200
2019-05-02 00:00:00-04:00,40.33973407472457,40.53923137804963,40.12361490278264,40.22336196899414,8724600
2019-05-03 00:00:00-04:00,40.397926596279234,40.69717101373209,40.3314295984578,40.497676849365234,7076900
2019-05-06 00:00:00-04:00,40.173476261764186,40.406220393509244,40.11528705792694,40.28984832763672,8657800
2019-05-07 00:00:00-04:00,40.09037222878912,40.14024735655828,39.70800576193354,39.89918899536133,12487500
2019-05-08 00:00:00-04:00,39.940749051515525,40.090371260305844,39.749565822706245,39.77450180053711,9281400
2019-05-09 00:00:00-04:00,39.73292762231156,39.88254978155206,39.126128052459094,39.40043640136719,11450500
2019-05-10 00:00:00-04:00,39.40875673144596,40.14855360026424,39.40044579657372,40.0571174621582,9653800
2019-05-13 00:00:00-04:00,39.824374190954316,40.00724647155653,39.67475199244384,39.94074630737305,11911500
2019-05-14 00:00:00-04:00,40.33973539434527,40.99641020776519,40.19011320468245,40.47273254394531,16844200
2019-05-15 00:00:00-04:00,40.45610483402212,41.046282619144904,40.39791878309342,40.880035400390625,11422500
2019-05-16 00:00:00-04:00,40.95484489120676,41.27902521112393,40.90496977625725,41.212528228759766,17771300
2019-05-17 00:00:00-04:00,40.95484590116594,41.18759010153282,40.87172070753354,40.89665985107422,11257000
2019-05-20 00:00:00-04:00,40.76365677948432,40.846778790117355,40.53090944208922,40.60572052001953,13850500
2019-05-21 00:00:00-04:00,40.73041313800618,40.75534911095307,40.27323566553548,40.397918701171875,10587400
2019-05-22 00:00:00-04:00,40.54753891670066,41.32058574963053,40.49766697322247,41.270713806152344,16050400
2019-05-23 00:00:00-04:00,41.14603185765891,41.478526312748315,41.112781777969545,41.43696212768555,12199400
2019-05-24 00:00:00-04:00,41.412023053735695,41.470209103385876,41.17096475038387,41.237464904785156,6887600
2019-05-28 00:00:00-04:00,41.229138668879685,41.28732470140936,40.75533630633751,40.81352233886719,18614000
2019-05-29 00:00:00-04:00,40.51429208909344,40.7553472151381,40.23998371582984,40.40623092651367,12534600
2019-05-30 00:00:00-04:00,40.49766854844694,40.98809609410316,40.45610436606268,40.9382209777832,9087200
2019-05-31 00:00:00-04:00,40.73041310615969,40.98809645304989,40.547540848953616,40.83847427368164,11368600
2019-06-03 00:00:00-04:00,40.86341031482542,41.545021057128906,40.74703821310072,41.545021057128906,14167200
2019-06-04 00:00:00-04:00,41.5616455078125,41.79438970796764,41.24577611410059,41.5616455078125,12010600
2019-06-05 00:00:00-04:00,41.569941956773256,42.509235705807754,41.30394777188042,42.209991455078125,15837600
2019-06-06 00:00:00-04:00,42.318074355051586,42.841752063245835,42.05208003331219,42.725379943847656,15190400
2019-06-07 00:00:00-04:00,42.783557304438126,43.38204282121149,42.76693226634695,42.8001823425293,15293600
2019-06-10 00:00:00-04:00,42.84174882929708,42.84174882929708,42.46769335167997,42.7087516784668,9737400
2019-06-11 00:00:00-04:00,42.76693762189404,42.88330973220333,42.54250433591089,42.66719055175781,9915600
2019-06-12 00:00:00-04:00,42.80849362596879,43.340482165626824,42.78355765407913,42.92486572265625,11088100
2019-06-13 00:00:00-04:00,43.10916443658815,43.31021908109172,42.539513338759086,42.83271789550781,10353600
2019-06-14 00:00:00-04:00,42.76569579885185,43.1678018657206,42.76569579885185,42.98350524902344,8694300
2019-06-17 00:00:00-04:00,42.93323764094677,43.125913250783675,42.397096257808485,42.61490249633789,12322400
2019-06-18 00:00:00-04:00,42.93324441663606,42.975129869618804,42.33008366758779,42.42223358154297,9221100
2019-06-19 00:00:00-04:00,42.33847511487146,42.92488121588516,42.27983482433571,42.8243522644043,9414100
2019-06-20 00:00:00-04:00,43.14267514249179,43.385615245202885,43.01701558711564,43.276710510253906,10656600
2019-06-21 00:00:00-04:00,43.167804048651206,43.46938441296697,43.06727832576433,43.1845588684082,21264400
2019-06-24 00:00:00-04:00,43.343723679365624,43.72907490788021,43.31021404323702,43.494510650634766,10780000
2019-06-25 00:00:00-04:00,43.56154357573195,43.64531449665373,43.25996314736427,43.36048889160156,11519900
2019-06-26 00:00:00-04:00,43.159442378028174,43.259968133852865,42.79922162436216,42.8243522644043,12405100
2019-06-27 00:00:00-04:00,42.96675716688095,43.05890708750522,42.69868641360425,42.790836334228516,12374900
2019-06-28 00:00:00-04:00,42.95000006958268,43.05890480597321,42.321708675695845,42.656795501708984,16339900
2019-07-01 00:00:00-04:00,42.78244893087818,43.25157425488857,42.53950885974844,43.2264404296875,14976400
2019-07-02 00:00:00-04:00,43.377239524584276,43.60342482401007,43.18456386855242,43.54478454589844,8569200
2019-07-03 00:00:00-04:00,43.5615309222591,43.83798063318008,43.5615309222591,43.645301818847656,7253700
2019-07-05 00:00:00-04:00,43.46939049069477,43.66206615135678,43.12592462679196,43.653690338134766,8916300
2019-07-08 00:00:00-04:00,43.72907988565203,43.83798461763945,43.46938496957591,43.5615348815918,9495100
2019-07-09 00:00:00-04:00,43.32697572071881,43.53640618619691,43.08403561380695,43.21807098388672,10584900
2019-07-10 00:00:00-04:00,43.3939888937872,43.53640326248916,43.27670835230034,43.410743713378906,7620900
2019-07-11 00:00:00-04:00,43.55315773155843,43.61179800182991,43.27670800400281,43.59504318237305,10376500
2019-07-12 00:00:00-04:00,43.77096068966098,43.804470326045625,43.48613517170111,43.66205596923828,7347400
2019-07-15 00:00:00-04:00,43.796100858856256,43.804479867604954,43.4526350002364,43.67044448852539,5876100
2019-07-16 00:00:00-04:00,43.528031358442156,43.95527133861657,43.40237498448044,43.6788215637207,7132500
2019-07-17 00:00:00-04:00,43.74583950812378,43.779345956090104,43.569915476936934,43.71232986450195,8264200
2019-07-18 00:00:00-04:00,43.595045115105165,43.70394665292019,43.28508573489417,43.586666107177734,11911800
2019-07-19 00:00:00-04:00,43.678813186865725,43.68719219424958,43.03376703147321,43.05052185058594,10355500
2019-07-22 00:00:00-04:00,43.15942747286317,43.15942747286317,42.83271648252085,42.908111572265625,12090700
2019-07-23 00:00:00-04:00,44.60869037929591,45.77312328822055,44.19820524952951,45.513431549072266,33417900
2019-07-24 00:00:00-04:00,45.337502692933064,45.9239085891114,44.91864179504211,45.052677154541016,15633400
2019-07-25 00:00:00-04:00,44.927018705760986,45.06942987048296,44.16469203500449,44.45789337158203,19135000
2019-07-26 00:00:00-04:00,44.68408700461931,45.496678283518705,44.558427439302015,45.37939453125,11451900
2019-07-29 00:00:00-04:00,45.37939418103374,45.48829892375789,45.153212078256956,45.228607177734375,12283900
2019-07-30 00:00:00-04:00,45.20346613947962,45.4882916703486,44.876755159058874,45.00241470336914,8127100
2019-07-31 00:00:00-04:00,44.8264911150251,44.8264911150251,43.59504226945647,44.089298248291016,16865500
2019-08-01 00:00:00-04:00,44.21495748421676,44.56680231709932,43.56991128697807,43.586666107177734,19527200
2019-08-02 00:00:00-04:00,43.48613736922512,44.17306897154964,43.48613736922512,43.837982177734375,13102300
2019-08-05 00:00:00-04:00,43.88825353319728,44.11443884876254,43.05891057178037,43.268341064453125,19986500
2019-08-06 00:00:00-04:00,43.45262593623665,44.19819777657266,43.234819689036456,43.787715911865234,19903100
2019-08-07 00:00:00-04:00,43.78772206236433,44.72596965199547,43.368861131822094,44.550048828125,17937000
2019-08-08 00:00:00-04:00,44.57517738665677,45.05267856959785,44.27359701939816,44.9772834777832,10799000
2019-08-09 00:00:00-04:00,45.06105416972152,45.153204074487995,44.46627248797146,44.751094818115234,9260900
2019-08-12 00:00:00-04:00,44.63381906465367,44.76785443258501,44.3908821572911,44.566802978515625,6588600
2019-08-13 00:00:00-04:00,44.315483444587926,44.91026514148879,44.290349618140084,44.818115234375,8581200
2019-08-14 00:00:00-04:00,44.68407810314419,45.21184369842343,44.37412195160457,44.39087677001953,17088900
2019-08-15 00:00:00-04:00,44.75947818666878,45.23697938002777,44.59193317946356,45.128074645996094,12393200
2019-08-16 00:00:00-04:00,45.220231264907326,45.64747125641369,45.195100628579546,45.58045196533203,14288700
2019-08-19 00:00:00-04:00,45.60556820169003,45.89039370754199,45.49666668155155,45.814998626708984,10936200
2019-08-20 00:00:00-04:00,45.75636793404287,45.806632396996726,45.10294589391943,45.13645553588867,8176700
2019-08-21 00:00:00-04:00,45.44641839755916,45.5804537894308,45.11132832005216,45.32075881958008,10886500
2019-08-22 00:00:00-04:00,45.337501579799245,45.77311728638912,45.32074676081636,45.6474609375,7467900
2019-08-23 00:00:00-04:00,45.588828300282216,45.831768439748174,44.72597568949949,45.01918029785156,14160400
2019-08-26 00:00:00-04:00,45.23697578863304,45.68934631347656,45.01079052621128,45.68934631347656,9226900
2019-08-27 00:00:00-04:00,45.823386475673516,46.03281694110561,45.58044636881501,45.84014129638672,13537000
2019-08-28 00:00:00-04:00,45.789879360690094,46.200364501673725,45.58882469669382,46.16685485839844,10046400
2019-08-29 00:00:00-04:00,46.29250559012208,46.35952486851168,45.739609326028294,46.11658477783203,9262800
2019-08-30 00:00:00-04:00,46.20873342181193,46.258997879227024,45.915532076028,46.10820770263672,8746700
2019-09-03 00:00:00-04:00,46.05795612662648,46.35116075006834,45.96580619342064,46.326026916503906,12991400
2019-09-04 00:00:00-04:00,46.36790460070135,46.84540581480519,46.32601914599415,46.719749450683594,10718100
2019-09-05 00:00:00-04:00,46.702982211620615,46.71973702817956,46.0998215981167,46.17521667480469,13677000
2019-09-06 00:00:00-04:00,46.44329676208967,46.44329676208967,45.87364566624034,46.26737594604492,9093500
2019-09-09 00:00:00-04:00,46.0998365686846,46.141725221512225,45.53856441213647,45.67259979248047,10814900
2019-09-10 00:00:00-04:00,45.4296566955825,45.60557752159227,45.111321489715785,45.57207107543945,12038200
2019-09-11 00:00:00-04:00,45.47990921909893,45.90714585520274,45.21183854631722,45.882015228271484,9740400
2019-09-12 00:00:00-04:00,46.15847584975187,46.33439987911942,46.05795011558148,46.16685485839844,12357900
2019-09-13 00:00:00-04:00,45.97276429420372,46.234357909933074,45.62678730257171,45.78711700439453,11486100
2019-09-16 00:00:00-04:00,45.65210408456904,45.85462870406748,45.25549833403985,45.533966064453125,11172000
2019-09-17 00:00:00-04:00,45.652103361125306,46.15841329233816,45.533965342881515,45.77024459838867,11347400
2019-09-18 00:00:00-04:00,45.73649211693903,45.812438449252994,45.415829467277874,45.76180648803711,9700400
2019-09-19 00:00:00-04:00,45.761810607644236,46.074033015700024,45.67742721704106,46.006526947021484,7560300
2019-09-20 00:00:00-04:00,46.14997490925222,46.14997490925222,45.483338462055734,45.49177551269531,19211500
2019-09-23 00:00:00-04:00,45.49177912455624,45.871510813880406,45.46646475160795,45.68586349487305,6485300
2019-09-24 00:00:00-04:00,45.778685382241456,46.08247072194098,45.60147834042335,45.82087707519531,10093000
2019-09-25 00:00:00-04:00,45.93900917189157,45.97276380950453,45.56771781520724,45.7111701965332,10248400
2019-09-26 00:00:00-04:00,45.96433316769432,46.0571568245612,45.677425146023914,45.89682388305664,10031200
2019-09-27 00:00:00-04:00,46.0402691948805,46.10777524538356,45.567713965282536,45.829307556152344,7939900
2019-09-30 00:00:00-04:00,45.694305126010605,46.14154289618926,45.694305126010605,45.93901824951172,9808700
2019-10-01 00:00:00-04:00,46.01495465590664,46.22591630860238,45.5761540320172,46.11621856689453,14261500
2019-10-02 00:00:00-04:00,45.74492623505982,45.939010578748956,44.639489181046955,44.7913818359375,14343600
2019-10-03 00:00:00-04:00,45.145800719053426,45.5508467691289,44.571984676691535,45.432708740234375,13817500
2019-10-04 00:00:00-04:00,45.567713812938834,46.02339172363281,45.47489017716571,46.02339172363281,9295400
2019-10-07 00:00:00-04:00,45.84619117163109,45.87150554166989,45.373635877116065,45.4580192565918,5964900
2019-10-08 00:00:00-04:00,45.46645594983999,45.62678564584117,45.103601652398964,45.21330261230469,13301900
2019-10-09 00:00:00-04:00,45.61835882082551,45.626795872392684,45.17955810187147,45.42427444458008,7135000
2019-10-10 00:00:00-04:00,45.18799146973952,45.466462434056126,45.02766175087286,45.28081512451172,8942900
2019-10-11 00:00:00-04:00,45.272368486220614,45.314560169722114,44.892636896668876,44.977020263671875,8981700
2019-10-14 00:00:00-04:00,45.13735316760434,45.297682852517696,44.909514213873294,44.977020263671875,7306300
2019-10-15 00:00:00-04:00,45.086733586221115,45.29769528062828,44.95171823056133,45.154239654541016,9564300
2019-10-16 00:00:00-04:00,45.11203821764816,45.20486185818552,44.8335705150554,45.13735580444336,10454800
2019-10-17 00:00:00-04:00,45.30612015788532,45.668974432285125,45.21329974126462,45.390506744384766,13190300
2019-10-18 00:00:00-04:00,46.411561276657615,46.74066092339448,45.947446307694875,46.225914001464844,18122400
2019-10-21 00:00:00-04:00,45.94745379347563,46.04027744619489,45.297691443460536,45.76180648803711,12778900
2019-10-22 00:00:00-04:00,45.76180567988695,45.922135392376255,45.348322603828336,45.44114303588867,9533400
2019-10-23 00:00:00-04:00,45.618347299063025,46.124653959737415,45.57615239482412,46.1077766418457,8556600
2019-10-24 00:00:00-04:00,46.04871148688408,46.25967314963104,45.981205428695205,46.08246612548828,11051400
2019-10-25 00:00:00-04:00,46.031834803995416,46.04027507327291,45.28924883953404,45.35675811767578,9782400
2019-10-28 00:00:00-04:00,45.34832010545145,45.52552712828513,45.036094529198415,45.204864501953125,8866100
2019-10-29 00:00:00-04:00,45.05298122833414,45.2808202561358,44.943280240351086,45.06985855102539,7999700
2019-10-30 00:00:00-04:00,45.16268334483271,45.609921140755795,44.85889796683958,45.51709747314453,8620900
2019-10-31 00:00:00-04:00,45.533971125528474,45.96433478266498,45.441147465400206,45.930580139160156,13982000
2019-11-01 00:00:00-04:00,46.099352826034995,46.19217649157645,45.44115011538659,45.48334503173828,9889500
2019-11-04 00:00:00-05:00,45.53396836758209,45.567723009042425,44.69856191506739,44.84201431274414,17515100
2019-11-05 00:00:00-05:00,44.63105265435763,44.63105265435763,43.98129029151185,44.23444366455078,19284000
2019-11-06 00:00:00-05:00,44.327268111186996,44.55510711669922,44.22600740396595,44.55510711669922,13288900
2019-11-07 00:00:00-05:00,44.62261023591647,44.7238709291476,43.84626967042608,44.12474060058594,11725500
2019-11-08 00:00:00-05:00,44.26820122709355,44.38633926103915,43.95597882037733,44.0572395324707,7141800
2019-11-11 00:00:00-05:00,44.15849665000594,44.19224806948261,43.6943784182323,43.74501037597656,8198300
2019-11-12 00:00:00-05:00,43.80407344790565,43.80407344790565,43.52560576559638,43.63530349731445,12656900
2019-11-13 00:00:00-05:00,44.031924996841525,44.259764012476474,43.84627767617156,44.226009368896484,12257900
2019-11-14 00:00:00-05:00,44.32725358968044,44.44539157923989,44.17536096909863,44.41164016723633,8660300
2019-11-15 00:00:00-05:00,44.42008586934802,44.45384050694641,44.200687162997305,44.44540023803711,8982400
2019-11-18 00:00:00-05:00,44.453850004340225,45.0951721606286,44.44540973362769,44.74919509887695,13782000
2019-11-19 00:00:00-05:00,44.85045084405943,44.98546617962663,44.61417159255219,44.7913818359375,12679500
2019-11-20 00:00:00-05:00,44.80825528109718,45.06141184822635,44.73230895476233,44.90951919555664,11970300
2019-11-21 00:00:00-05:00,44.816687513796765,45.01077181984576,44.53821662749675,44.69010925292969,7856100
2019-11-22 00:00:00-05:00,44.69012607996961,44.88421045909662,44.51291902324757,44.74919509887695,9113300
2019-11-25 00:00:00-05:00,44.9601479337669,45.052971579178326,44.529787563882365,44.90951919555664,10963500
2019-11-26 00:00:00-05:00,44.985475277577905,45.5170964581914,44.9095289347731,45.48334503173828,13219800
2019-11-27 00:00:00-05:00,45.50865444790107,45.65210684700231,45.23018348161774,45.52553176879883,9595200
2019-11-29 00:00:00-05:00,45.65304692717575,45.67855038452288,45.24497539430045,45.39800262451172,7222300
2019-12-02 00:00:00-05:00,45.32998435969551,45.69554901123047,44.930412939863366,45.69554901123047,13173800
2019-12-03 00:00:00-05:00,45.661550191799485,45.77207058647303,45.39800579927768,45.73806381225586,14498300
2019-12-04 00:00:00-05:00,45.7380690879024,46.17164740152101,45.670058774687924,46.15464401245117,13624000
2019-12-05 00:00:00-05:00,46.08662542700928,46.154638975866696,45.76357079913007,46.06962203979492,14068100
2019-12-06 00:00:00-05:00,46.171638220846354,46.33316552029472,46.05261452102395,46.26515197753906,7843500
2019-12-09 00:00:00-05:00,46.16313202002581,46.3416626940001,45.92509112139343,45.96759796142578,13887200
2019-12-10 00:00:00-05:00,45.9420995996387,45.967603057872886,45.67855197331606,45.71255874633789,8993900
2019-12-11 00:00:00-05:00,45.85708964046225,46.03562360444391,45.619048679239846,45.86559295654297,8879100
2019-12-12 00:00:00-05:00,45.91660208465853,46.290670176607975,45.85709184149657,46.027122497558594,11233300
2019-12-13 00:00:00-05:00,45.85708045019775,46.3756723629849,45.772066764817396,46.26515197753906,13072200
2019-12-16 00:00:00-05:00,46.49469281974309,46.6137165195655,46.22264513484888,46.26515197753906,9538100
2019-12-17 00:00:00-05:00,46.24815183491437,46.401179063050385,46.15463483515744,46.26515197753906,9230000
2019-12-18 00:00:00-05:00,46.35868086437117,46.54571491184341,45.814585355068346,45.83158874511719,15132100
2019-12-19 00:00:00-05:00,45.94210431422002,46.19714865192768,45.84008398468519,46.180145263671875,13385900
2019-12-20 00:00:00-05:00,46.70724323182436,46.92828406402792,46.30767490802811,46.732749938964844,23832800
2019-12-23 00:00:00-05:00,46.75824197963545,46.962279371585794,46.62221813268999,46.68172836303711,9300800
2019-12-24 00:00:00-05:00,46.58821329629175,46.758243922805754,46.452189443693435,46.51169967651367,3359300
2019-12-26 00:00:00-05:00,46.69022873470141,46.775245666503906,46.57971158795467,46.775245666503906,6228500
2019-12-27 00:00:00-05:00,46.766746469454446,47.14081451619227,46.75824639705796,47.0557975769043,6895500
2019-12-30 00:00:00-05:00,46.91127171867004,47.08980241924788,46.809254638777624,46.98778533935547,6431700
2019-12-31 00:00:00-05:00,46.928277032569284,47.08130428022301,46.74124300920037,47.0557975769043,7982600
2020-01-02 00:00:00-05:00,47.030292195813665,47.12380920367865,46.55420708443942,46.7497444152832,11867700
2020-01-03 00:00:00-05:00,46.18014301107365,46.74974513913231,45.984608920266815,46.49469757080078,11354500
2020-01-06 00:00:00-05:00,46.4606876936533,46.68172521387931,46.35016731200823,46.47768783569336,14698300
2020-01-07 00:00:00-05:00,46.29066662936072,46.41818717933659,46.035622286344214,46.120635986328125,9973900
2020-01-08 00:00:00-05:00,46.13764001726882,46.45219460326628,46.03562292725489,46.205650329589844,10676000
2020-01-09 00:00:00-05:00,46.75825110951235,47.098312414807516,46.62222723600728,47.04730224609375,15398000
2020-01-10 00:00:00-05:00,47.16632112146611,47.54888926610982,47.14081765951148,47.20882797241211,13040100
2020-01-13 00:00:00-05:00,47.20882970214066,47.803935366383854,47.11531268079409,47.71892166137695,14302900
2020-01-14 00:00:00-05:00,47.812432026705984,47.854938873292014,47.46387069579733,47.608394622802734,16345300
2020-01-15 00:00:00-05:00,47.60840081097637,48.44154743600066,47.60840081097637,48.20350646972656,17735400
2020-01-16 00:00:00-05:00,48.331018747591905,48.41603568031675,48.12698459518102,48.30551528930664,10234100
2020-01-17 00:00:00-05:00,48.34802150767714,48.58606567315793,48.28851127707302,48.40753173828125,14264300
2020-01-21 00:00:00-05:00,48.33101021078968,48.67107139549464,48.092969327334494,48.603057861328125,11968900
2020-01-22 00:00:00-05:00,48.67108023140598,49.00263816300037,48.6115699997385,48.977134704589844,12869600
2020-01-23 00:00:00-05:00,48.78159743038401,49.181165639277665,48.662576974838494,49.16416549682617,12858900
2020-01-24 00:00:00-05:00,49.181171726806625,49.19817511442694,48.84961377587202,49.03664779663086,8594300
2020-01-27 00:00:00-05:00,48.637082029464786,49.18117752520457,48.5690717140298,48.86662292480469,14359900
2020-01-28 00:00:00-05:00,48.84111670955952,49.09616105343192,48.43304511075072,48.46704864501953,15240200
2020-01-29 00:00:00-05:00,48.458548572218525,48.67958613875733,48.169497451012525,48.46704864501953,13163600
2020-01-30 00:00:00-05:00,49.24918949888814,50.141846345552494,49.10466231325904,50.03982925415039,20225600
2020-01-31 00:00:00-05:00,50.133343142304696,50.22686015486128,49.436220448965244,49.64875793457031,17685200
2020-02-03 00:00:00-05:00,49.94631227274941,50.13334630967919,49.75077816280686,49.801788330078125,12333600
2020-02-04 00:00:00-05:00,49.9463058994319,50.54141146939972,49.83578550597936,50.02281951904297,15417900
2020-02-05 00:00:00-05:00,50.07383257053618,50.22685981859249,49.76777807442357,50.03132247924805,11414900
2020-02-06 00:00:00-05:00,50.141837719327086,50.447892183945726,50.02281725932301,50.15034103393555,9347000
2020-02-07 00:00:00-05:00,50.05683292532414,50.4308977579498,50.03132622003122,50.320377349853516,8757800
2020-02-10 00:00:00-05:00,50.430886887827846,50.87296518186038,50.40538343109695,50.796451568603516,7984900
2020-02-11 00:00:00-05:00,50.77095129941608,50.838961602656404,50.430890054021305,50.660430908203125,7431200
2020-02-12 00:00:00-05:00,50.56692219803297,50.8134664792315,50.43089832617601,50.50741195678711,9179100
2020-02-13 00:00:00-05:00,50.48190273780725,50.8729709194193,50.33737556621569,50.67743682861328,8173200
2020-02-14 00:00:00-05:00,50.69444017206522,51.06850496592645,50.685936856827155,50.966487884521484,9965500
2020-02-18 00:00:00-05:00,50.84747261078029,50.94948970260831,50.541418092231325,50.60942840576172,10075700
2020-02-19 00:00:00-05:00,50.59242810374787,51.00900305565099,50.55842456644023,50.81346893310547,6265700
2020-02-20 00:00:00-05:00,50.736943544888234,50.88997077804952,50.25235838756557,50.77095031738281,7597200
2020-02-21 00:00:00-05:00,50.59242296696477,51.1195182800293,50.524412656189675,51.1195182800293,10842400
2020-02-24 00:00:00-05:00,50.25235813052173,50.838960359263304,49.793276433386076,49.861289978027344,14415500
2020-02-25 00:00:00-05:00,49.9037952893788,50.32887020114001,48.98563192330377,49.155662536621094,15915100
2020-02-26 00:00:00-05:00,49.29169344640051,49.70826834660575,48.8666184736895,48.96863555908203,15837800
2020-02-27 00:00:00-05:00,48.586068099915046,49.215177210027974,46.656227437044684,46.698734283447266,23754000
2020-02-28 00:00:00-05:00,45.763572745773246,45.81457966652148,43.850735384162995,45.47452163696289,40890600
2020-03-02 00:00:00-05:00,45.8485821668375,47.57438534326063,45.653048088386086,47.54037857055664,25698600
2020-03-03 00:00:00-05:00,48.25450709259867,48.87511937601041,47.30234010879816,47.65940475463867,27099200
2020-03-04 00:00:00-05:00,47.95695688319585,50.158845306899266,47.95695688319585,50.0908317565918,20526100
2020-03-05 00:00:00-05:00,49.138655915089984,49.45321042102117,47.76991427046339,48.23749923706055,17948500
2020-03-06 00:00:00-05:00,46.707230876065324,47.5318772557145,45.891087810901915,46.979278564453125,22353900
2020-03-09 00:00:00-04:00,44.25030678170517,45.551038484941,43.76572154191345,44.08877944946289,27898300
2020-03-10 00:00:00-04:00,45.24498423811273,45.73806955390223,43.50217413594415,45.619049072265625,27457400
2020-03-11 00:00:00-04:00,44.50535012911725,44.760397717416325,43.476669432268935,44.386329650878906,22653900
2020-03-12 00:00:00-04:00,41.2662709548363,42.447978626002424,39.69349192151278,40.09306335449219,31913100
2020-03-13 00:00:00-04:00,42.46005701347179,42.50293991592507,39.9730024319701,41.56814956665039,33697200
2020-03-16 00:00:00-04:00,36.22527218984492,41.06216861318782,35.30763092951645,38.81523895263672,28682300
2020-03-17 00:00:00-04:00,39.34695841602554,40.73627901591484,38.90957758823192,40.46184539794922,32106700
2020-03-18 00:00:00-04:00,38.36928534123574,38.720903592130654,35.66782573378233,38.463619232177734,35408300
2020-03-19 00:00:00-04:00,38.04340320407068,38.30068435329016,35.196151506826205,35.873661041259766,41956900
2020-03-20 00:00:00-04:00,35.97656456318084,36.07947634487213,32.168792654031066,32.8463020324707,51513500
2020-03-23 00:00:00-04:00,33.24079410160737,33.3522837539639,31.105357830006128,32.211669921875,44978500
2020-03-24 00:00:00-04:00,35.35051671948585,35.504886045278916,33.3008391144087,33.83255386352539,49096200
2020-03-25 00:00:00-04:00,34.84452145414616,37.26296933216258,34.22704428648028,35.684974670410156,42511700
2020-03-26 00:00:00-04:00,36.73982758148666,38.82380965238133,36.40536188864041,37.98335647583008,37821700
2020-03-27 00:00:00-04:00,37.44307506572227,37.76038834628151,36.36249302493584,36.714111328125,23297900
2020-03-30 00:00:00-04:00,36.911355629996656,39.072522709589165,36.911355629996656,38.592262268066406,23446000
2020-03-31 00:00:00-04:00,38.65229506188304,39.02964045486142,37.786114600373274,37.949058532714844,25373900
2020-04-01 00:00:00-04:00,36.43109888238214,37.43449950427447,35.84792659836933,36.12236022949219,21936400
2020-04-02 00:00:00-04:00,36.208125935294824,37.897607510531884,35.89938725553371,37.6917839050293,17621900
2020-04-03 00:00:00-04:00,37.37446192514999,38.02624088655149,37.14290796910424,37.588863372802734,14207100
2020-04-06 00:00:00-04:00,38.92672920684094,40.31604977491373,38.326404454474,40.02446365356445,22850000
2020-04-07 00:00:00-04:00,41.59388219646848,41.67964146971424,39.86151805055024,39.887245178222656,21279600
2020-04-08 00:00:00-04:00,39.99873278007885,41.24226180680946,39.7328770838753,41.01070785522461,18937100
2020-04-09 00:00:00-04:00,41.54242178717122,42.64873400141487,41.46523713800291,42.022682189941406,19165300
2020-04-13 00:00:00-04:00,41.46524293037534,41.71394942038297,39.8786733632364,40.24744415283203,19586000
2020-04-14 00:00:00-04:00,41.11362155429838,42.237086348623414,40.24744112143417,41.95407485961914,21801900
2020-04-15 00:00:00-04:00,40.91637145300888,41.50812154183354,40.659090370327334,40.83061218261719,12893200
2020-04-16 00:00:00-04:00,40.65051478630909,41.03643476541132,40.10164434571773,40.39323043823242,17606800
2020-04-17 00:00:00-04:00,41.422353375788234,41.422353375788234,40.62477983771199,41.216529846191406,19844600
2020-04-20 00:00:00-04:00,40.984981176321746,41.16507760568507,39.71572500939389,39.904396057128906,18957900
2020-04-21 00:00:00-04:00,39.34695860928175,40.22171699765867,37.95763473106187,38.918155670166016,26863700
2020-04-22 00:00:00-04:00,39.492758886658805,39.57852145660124,39.02107620225177,39.175445556640625,15811600
2020-04-23 00:00:00-04:00,39.406984309588715,39.53562320736599,38.56653107905343,38.65229034423828,17668200
2020-04-24 00:00:00-04:00,39.02105737227397,39.23545878640735,38.69516630676958,38.96102523803711,15175000
2020-04-27 00:00:00-04:00,39.449869592474855,40.2903229433859,39.20116310770851,40.11880111694336,19175500
2020-04-28 00:00:00-04:00,41.079314207706155,41.16507346883044,39.93869706001771,40.08449172973633,17246700
2020-04-29 00:00:00-04:00,40.539023485991045,41.0450110005008,40.20455777278237,40.41038131713867,15780000
2020-04-30 00:00:00-04:00,40.30746493620669,40.30746493620669,39.19257826248513,39.35552215576172,20801100
2020-05-01 00:00:00-04:00,39.12398310876149,39.78434009272953,38.772364794857175,39.10683059692383,14290400
2020-05-04 00:00:00-04:00,38.86669918846951,39.00391600182879,38.24922189259929,38.71232986450195,22544200
2020-05-05 00:00:00-04:00,38.90100153021862,39.5356280214777,38.72090508849699,38.935306549072266,13370500
2020-05-06 00:00:00-04:00,38.93530225284026,39.1325511822237,38.35213008270386,38.37785720825195,11892900
2020-05-07 00:00:00-04:00,38.72090766359781,38.79809232539827,38.16346252042702,38.24922180175781,16466000
2020-05-08 00:00:00-04:00,38.660875497517274,39.6385456989431,38.48935366341468,39.54420852661133,13985100
2020-05-11 00:00:00-04:00,39.184013069824815,39.54420925522769,39.03822163463082,39.05537414550781,10874600
2020-05-12 00:00:00-04:00,39.10682829324394,39.32122977132424,38.420744217688366,38.437896728515625,13424400
2020-05-13 00:00:00-04:00,38.34354998708035,38.40358212424282,37.323000383812314,37.68319320678711,15854800
2020-05-14 00:00:00-04:00,37.202933856001806,37.78610595726093,37.07429170044239,37.47736740112305,18000800
2020-05-15 00:00:00-04:00,37.70034213373819,38.32639384149409,37.04856330435717,37.10001754760742,31579400
2020-05-18 00:00:00-04:00,38.43789376417699,38.926728834780455,37.846146908053505,38.56653594970703,26118500
2020-05-19 00:00:00-04:00,38.600837875282465,38.87527475711302,37.94905886863995,38.1977653503418,17839900
2020-05-20 00:00:00-04:00,38.76377544401485,39.5956506872232,38.60940616764507,39.35552215576172,22295900
2020-05-21 00:00:00-04:00,39.518472894304196,39.52704751198644,38.617984276878325,38.7380485534668,13193500
2020-05-22 00:00:00-04:00,38.78092429174825,38.85810892265354,38.292089386516594,38.617977142333984,13008400
2020-05-26 00:00:00-04:00,40.23886887207971,40.247446763467714,39.38984082906015,39.52705764770508,22223100
2020-05-27 00:00:00-04:00,40.30747790875567,40.384662571781654,39.59566343068198,40.075923919677734,18447600
2020-05-28 00:00:00-04:00,40.5647475898566,40.701964366376174,40.153097260297876,40.38465118408203,16230600
2020-05-29 00:00:00-04:00,40.033042907714844,40.470420468882885,39.56993494541445,40.033042907714844,51125000
2020-06-01 00:00:00-04:00,40.01588531359823,40.50472034341954,39.95585317109431,40.29889678955078,17010700
2020-06-02 00:00:00-04:00,40.44468242045476,40.54759418268072,39.93012033781903,40.22170639038086,15255100
2020-06-03 00:00:00-04:00,40.539022667385794,41.2679862188126,40.41038050113109,41.079315185546875,15508300
2020-06-04 00:00:00-04:00,41.11363002094168,41.3966415682273,40.63337275986143,41.09647750854492,13604700
2020-06-05 00:00:00-04:00,41.628190011552064,42.442916248158134,41.55957997113999,42.09987258911133,20504800
2020-06-08 00:00:00-04:00,42.48578845321288,42.85455917713084,42.42575631411054,42.751644134521484,19896700
2020-06-09 00:00:00-04:00,42.52866971859891,42.52866971859891,41.74824860878883,42.022682189941406,16713700
2020-06-10 00:00:00-04:00,42.15990051439792,42.25423767475877,41.653912967331344,41.69679260253906,15716600
2020-06-11 00:00:00-04:00,41.002139964702295,41.096473867265324,38.98676410199986,39.05537414550781,26070400
2020-06-12 00:00:00-04:00,39.99000526604696,40.02462194759376,38.95152792824207,39.46211242675781,21822700
2020-06-15 00:00:00-04:00,38.57074237343297,40.197689588074134,38.484203997631525,40.06787872314453,15622300
2020-06-16 00:00:00-04:00,41.158281408417054,41.270780638526475,39.97268517322028,40.47461700439453,18803500
2020-06-17 00:00:00-04:00,40.48326502864051,40.72557840010618,40.189029957110634,40.31018829345703,12602800
2020-06-18 00:00:00-04:00,40.06787871317002,40.708273918114564,39.868837807894295,40.66500473022461,9380800
2020-06-19 00:00:00-04:00,41.34002177735126,41.35733011630006,39.82557678222656,39.82557678222656,30464600
2020-06-22 00:00:00-04:00,39.83421452169956,39.938064516861665,39.271708570092436,39.583251953125,20876200
2020-06-23 00:00:00-04:00,39.80826281492566,40.05922874235787,39.4447976520743,39.49671936035156,14675300
2020-06-24 00:00:00-04:00,39.263063958827374,39.32364148934722,38.51016943577511,38.63998031616211,17631800
2020-06-25 00:00:00-04:00,38.48420803407101,38.92555907891365,38.103431217660805,38.88228988647461,13829700
2020-06-26 00:00:00-04:00,38.87363365820561,38.95151952426745,37.653423957388725,37.70534896850586,21955100
2020-06-29 00:00:00-04:00,38.07747550286756,38.570751625965535,37.68804611588804,38.38901901245117,17603900
2020-06-30 00:00:00-04:00,38.293825902272374,38.795757860270285,38.11209328350554,38.66594696044922,23679800
2020-07-01 00:00:00-04:00,38.88229214052928,39.40152908235411,38.691903721287126,38.7870979309082,14316500
2020-07-02 00:00:00-04:00,39.19382472787031,39.31497976052584,38.76977881234891,38.839012145996094,15111900
2020-07-06 00:00:00-04:00,39.06402087459167,39.176523411304984,38.605361511323956,39.14190673828125,15146000
2020-07-07 00:00:00-04:00,38.942870667331555,39.375569230301906,38.76979058189781,39.124603271484375,13043600
2020-07-08 00:00:00-04:00,39.064018380243255,39.09863505105662,38.48420399964291,39.003440856933594,13851200
2020-07-09 00:00:00-04:00,38.986140217020086,38.986140217020086,37.93035795863067,37.99958801269531,16087100
2020-07-10 00:00:00-04:00,37.97362668455849,39.15921981881751,37.956318345949775,39.07268142700195,15627800
2020-07-13 00:00:00-04:00,39.40153179856182,39.53134269358073,38.90825567945506,39.15922164916992,16705300
2020-07-14 00:00:00-04:00,38.864985975117506,39.75634398553326,38.65728920603916,39.69576644897461,17080100
2020-07-15 00:00:00-04:00,40.06787727141917,40.838080012319594,39.98133889875315,40.1544189453125,23738000
2020-07-16 00:00:00-04:00,40.03326692376098,40.40538792719794,39.75634012602574,39.93807601928711,13306100
2020-07-17 00:00:00-04:00,40.214999487168775,40.59577297721925,39.920764376284644,40.517887115478516,13899800
2020-07-20 00:00:00-04:00,40.431345699989414,40.52653989066001,39.678447992627824,39.912105560302734,16633200
2020-07-21 00:00:00-04:00,41.12365982870942,41.530397415685094,40.61307554124764,40.84673309326172,25681500
2020-07-22 00:00:00-04:00,41.478484752845006,41.9890691921831,40.69962601445534,41.95445251464844,29831200
2020-07-23 00:00:00-04:00,41.94579197716022,42.0323303532254,41.565015199527586,41.78136444091797,15935000
2020-07-24 00:00:00-04:00,41.88521838179286,42.231375219744656,41.59963577178558,41.963104248046875,16196800
2020-07-27 00:00:00-04:00,41.694834035594575,41.9804133721854,41.694834035594575,41.95445251464844,17346500
2020-07-28 00:00:00-04:00,41.83329142242547,42.64676342001899,41.625594688344364,41.694828033447266,13872700
2020-07-29 00:00:00-04:00,41.660216510758,41.97175999977757,41.383289698569044,41.55636978149414,13758100
2020-07-30 00:00:00-04:00,41.25347794734746,41.73810150914561,40.84674355740146,41.27078628540039,17276500
2020-07-31 00:00:00-04:00,41.054435873617784,41.34001849173328,40.44000474529563,40.8813591003418,14849200
2020-08-03 00:00:00-04:00,40.79481230404995,40.98520069228605,40.00730119983803,40.06787872314453,14137500
2020-08-04 00:00:00-04:00,40.059231032280735,40.55250709647786,39.99865350167602,40.40538787841797,11717200
2020-08-05 00:00:00-04:00,40.58712122412996,40.907317194548405,40.50923536092248,40.86404800415039,10498700
2020-08-06 00:00:00-04:00,40.379421248750816,41.13231566519789,40.32749624370271,41.089046478271484,10745000
2020-08-07 00:00:00-04:00,41.08039514335655,41.608287822238594,40.85539008290152,41.36597442626953,11669700
2020-08-10 00:00:00-04:00,41.59098040809492,41.78136550051205,41.24482029260056,41.29674530029297,11888000
2020-08-11 00:00:00-04:00,41.9371406774995,42.10156823145865,41.279440365346304,41.47848129272461,16531600
2020-08-12 00:00:00-04:00,41.79867985464637,42.13618420017262,41.64290811036841,41.91118240356445,9562200
2020-08-13 00:00:00-04:00,41.76405845917933,42.170796112308764,41.590981697294794,41.8679084777832,9882900
2020-08-14 00:00:00-04:00,41.833287864856835,42.136175470855,41.56501362723895,41.92848205566406,10075800
2020-08-17 00:00:00-04:00,41.8159888898492,42.18810991835551,41.71214215900942,41.720794677734375,9102400
2020-08-18 00:00:00-04:00,41.712137937040055,41.971756388475804,41.50444119515482,41.902523040771484,9829000
2020-08-19 00:00:00-04:00,41.642902265691916,41.86790733194811,40.864046954844234,40.99385452270508,17371000
2020-08-20 00:00:00-04:00,40.90732100506812,41.19290032927884,40.75154926414302,40.9765510559082,11308700
2020-08-21 00:00:00-04:00,40.96789485802022,41.106358248492356,40.6476988865336,40.91596984863281,14734100
2020-08-24 00:00:00-04:00,41.04578821894344,41.52175600430532,40.829438925485476,41.51310348510742,9257700
2020-08-25 00:00:00-04:00,41.53905223682908,41.58232142266366,41.23616463475978,41.46116638183594,7827800
2020-08-26 00:00:00-04:00,41.33136440314674,41.69483290494837,41.08040175089598,41.67752456665039,10124200
2020-08-27 00:00:00-04:00,41.75541029746809,42.248686382997974,41.712141102483145,41.738101959228516,10931600
2020-08-28 00:00:00-04:00,42.188107457790295,43.14004292096211,41.99771904466479,43.122737884521484,16420300
2020-08-31 00:00:00-04:00,43.09677483068201,43.33043244334644,42.707345476241294,42.86311721801758,18510800
2020-09-01 00:00:00-04:00,42.6727283281575,42.70734170009223,42.25733815389185,42.50830078125,12588400
2020-09-02 00:00:00-04:00,42.71600741715696,44.4468018616043,42.71600741715696,44.2996826171875,26332600
2020-09-03 00:00:00-04:00,44.4814164522801,45.121808517940984,43.356397475279486,43.68524932861328,22289400
2020-09-04 00:00:00-04:00,44.083330586326284,44.54199333058485,43.51216858701799,44.16987228393555,21019500
2020-09-08 00:00:00-04:00,44.07466662667148,44.16986081871791,42.71599368854623,43.10542297363281,17776700
2020-09-09 00:00:00-04:00,42.92368842140852,43.927548775258686,42.880419233123874,43.43427276611328,15252300
2020-09-10 00:00:00-04:00,43.572739325871225,43.858321931578686,43.22658249313128,43.26985168457031,15439500
2020-09-11 00:00:00-04:00,43.61601381440881,44.308330812796854,43.356392051438924,44.18717575073242,18272300
2020-09-14 00:00:00-04:00,44.46634749437701,44.69317063419193,44.1173852337917,44.23952102661133,10911700
2020-09-15 00:00:00-04:00,44.492513366946014,44.824027143467006,44.35292914440302,44.5361328125,12838400
2020-09-16 00:00:00-04:00,44.448895139454045,44.8850962628482,44.26569146633661,44.30931091308594,15353900
2020-09-17 00:00:00-04:00,43.8120463984903,44.169731223292494,43.56777148129433,44.099937438964844,13287100
2020-09-18 00:00:00-04:00,44.274415328655635,44.632100127256805,43.803317302805155,44.0126953125,23816600
2020-09-21 00:00:00-04:00,43.402014481085,43.63756350174346,42.40747639027194,42.826229095458984,17514800
2020-09-22 00:00:00-04:00,42.84366963137307,43.655003887875374,42.8087727470622,43.323490142822266,13034600
2020-09-23 00:00:00-04:00,43.384565522746335,43.550320759938465,42.023616751016775,42.05851364135742,17121200
2020-09-24 00:00:00-04:00,42.05851006648169,42.83494750683724,41.49145062242275,42.48598861694336,16788100
2020-09-25 00:00:00-04:00,42.04979126439736,42.53833441947434,41.85786169464532,42.503440856933594,12603400
2020-09-28 00:00:00-04:00,43.01816347070548,43.36712243335601,42.869853332416945,42.99198913574219,11215700
2020-09-29 00:00:00-04:00,43.0879476125962,43.23625772913295,42.66919492206097,42.67791748046875,12426600
2020-09-30 00:00:00-04:00,42.98325671680423,43.28859615508033,42.65174294956855,43.07049560546875,15755900
2020-10-01 00:00:00-04:00,43.13155864699834,43.32348817403603,42.39001819281622,42.90473556518555,17577300
2020-10-02 00:00:00-04:00,42.53833186542859,43.253704765747926,42.35512819327446,43.06177520751953,13610100
2020-10-05 00:00:00-04:00,43.122846897873124,43.22753424433533,42.85240098089911,43.079227447509766,10628700
2020-10-06 00:00:00-04:00,43.22753182305875,43.384564497931656,42.59940445151765,42.69536590576172,10077400
2020-10-07 00:00:00-04:00,42.765157643618664,43.41073342910467,42.704089753855136,43.23625564575195,10135600
2020-10-08 00:00:00-04:00,43.36711028019815,44.091205665493746,43.21880351142201,44.02141189575195,12143900
2020-10-09 00:00:00-04:00,44.20462403258865,44.693170530686494,44.143556136320264,44.32676315307617,11407800
2020-10-12 00:00:00-04:00,44.35293290357756,44.9548892903229,44.34421034490762,44.5710334777832,11386500
2020-10-13 00:00:00-04:00,44.483800117259165,44.483800117259165,43.53288136222061,43.812049865722656,14365300
2020-10-14 00:00:00-04:00,43.66372840885037,44.04758749763468,43.314769533896694,43.724796295166016,10582100
2020-10-15 00:00:00-04:00,43.09667547843828,43.733528765875654,43.00943325060052,43.611392974853516,9961700
2020-10-16 00:00:00-04:00,43.611388636331796,43.92545064145224,43.50669797334127,43.64628219604492,13569800
2020-10-19 00:00:00-04:00,43.64627803682622,44.03885966575416,43.149009082834176,43.28859329223633,9930400
2020-10-20 00:00:00-04:00,43.52414573144761,44.16099894549628,43.43690684161367,43.83821105957031,10970700
2020-10-21 00:00:00-04:00,43.58521864252683,43.995248793487484,43.419463401561174,43.611392974853516,12517400
2020-10-22 00:00:00-04:00,44.64081979617072,44.66699412565746,43.9516245747596,44.21334457397461,20189200
2020-10-23 00:00:00-04:00,44.492505954801274,44.649538594995384,44.0301339186463,44.073753356933594,13491300
2020-10-26 00:00:00-04:00,43.91673482114895,44.065041624546296,42.92219666581109,43.44563674926758,14696400
2020-10-27 00:00:00-04:00,43.45435491497611,43.87310757292219,43.22752847861971,43.53287124633789,13892100
2020-10-28 00:00:00-04:00,42.74771130090565,42.87857297280293,41.68337946479606,41.84041213989258,19886200
2020-10-29 00:00:00-04:00,41.639759958696814,42.29406166136889,41.264626716262114,41.892757415771484,15369900
2020-10-30 00:00:00-04:00,41.70954990414872,41.979992453174745,41.32569081064044,41.927650451660156,15804000
2020-11-02 00:00:00-05:00,42.529604311063075,42.70408540459591,42.0846806841069,42.41619110107422,15156100
2020-11-03 00:00:00-05:00,42.93963729045447,43.58521305392294,42.74770774177181,43.05304718017578,15285100
2020-11-04 00:00:00-05:00,43.122845440880454,43.80331816181978,42.81750597070271,42.896018981933594,12930800
2020-11-05 00:00:00-05:00,43.41072586284687,43.8033074628664,43.04431858812852,43.13155746459961,12452400
2020-11-06 00:00:00-05:00,43.31477041162825,43.611387291722146,42.96580820165299,43.140289306640625,9294900
2020-11-09 00:00:00-05:00,45.801129968920776,46.46415438607704,45.42599663817732,45.86219787597656,33442000
2020-11-10 00:00:00-05:00,45.86218294057322,47.35398988931892,45.75749560942008,47.09226989746094,29706700
2020-11-11 00:00:00-05:00,47.048652283412,47.371440174993175,46.52521227933708,46.74331283569336,17399900
2020-11-12 00:00:00-05:00,46.28094104941751,46.420525283394696,45.89708523796789,46.24604415893555,15024400
2020-11-13 00:00:00-05:00,46.455416966388626,46.673517515526605,46.1413516431579,46.62989807128906,12447900
2020-11-16 00:00:00-05:00,47.54592173076893,47.650609066973864,46.48158994084245,46.978858947753906,14908200
2020-11-17 00:00:00-05:00,46.81309889053838,46.891615216577165,46.2634846082669,46.83054733276367,14248400
2020-11-18 00:00:00-05:00,46.8916213231786,47.12717033197002,45.853463835202035,45.8970832824707,15278200
2020-11-19 00:00:00-05:00,45.792394007480596,46.43796978684525,45.32129600981426,46.350730895996094,17189500
2020-11-20 00:00:00-05:00,46.40307816372227,46.455423500940526,45.87963810334268,45.94942855834961,15645600
2020-11-23 00:00:00-05:00,46.19369795372266,46.385624178032565,45.53939629241767,45.95814895629883,13191900
2020-11-24 00:00:00-05:00,46.359451223435514,46.752032869269414,46.25476389386321,46.42924499511719,13827600
2020-11-25 00:00:00-05:00,46.29839006269564,46.481593748047686,46.05411848222624,46.17625427246094,10194800
2020-11-27 00:00:00-05:00,46.33328215651098,46.4030726031548,45.89708104914854,45.9755973815918,8499300
2020-11-30 00:00:00-05:00,45.799742044748506,45.88766495329522,44.91170859386836,45.36891174316406,43203600
2020-12-01 00:00:00-05:00,45.843713638442175,46.01077189729137,45.53598003642213,45.75579071044922,18968800
2020-12-02 00:00:00-05:00,45.63269687651148,45.834922292388846,45.40409189922772,45.81733703613281,14913100
2020-12-03 00:00:00-05:00,45.632690616521636,46.54710033808194,45.632690616521636,46.40642166137695,17318900
2020-12-04 00:00:00-05:00,46.40642441004601,47.36479900000242,46.38883915516078,47.34721374511719,18122400
2020-12-07 00:00:00-05:00,47.26808213886879,47.28566739388934,46.33608710109103,46.591068267822266,16210900
2020-12-08 00:00:00-05:00,46.54710558929002,47.021897434499536,46.41522120165044,46.75812530517578,12485800
2020-12-09 00:00:00-05:00,46.925174172132614,47.12739955708578,46.59985536625528,46.89000701904297,11508400
2020-12-10 00:00:00-05:00,46.95156633467643,47.04828022419311,46.58228261871748,46.643829345703125,12097300
2020-12-11 00:00:00-05:00,46.42401755050237,47.074658675596,46.40643229263011,46.90760040283203,10638100
2020-12-14 00:00:00-05:00,47.17136669673368,47.33842158280003,46.758121602621145,46.83725357055664,22292000
2020-12-15 00:00:00-05:00,47.294459409518375,47.67253398905135,47.12740117193052,47.33842086791992,16193700
2020-12-16 00:00:00-05:00,47.127406912434914,47.30325612150524,46.54710687033411,46.652618408203125,15679600
2020-12-17 00:00:00-05:00,46.863629775187036,47.22411910599446,46.73174539799076,46.83725357055664,12677300
2020-12-18 00:00:00-05:00,46.67020726783167,47.338430289037504,46.26575304952937,47.25050735473633,35480100
2020-12-21 00:00:00-05:00,46.318505432900565,46.59986282692825,45.70303487569823,46.43280792236328,14926600
2020-12-22 00:00:00-05:00,46.43280835476452,46.75812721575515,46.06352467538632,46.38884353637695,9689500
2020-12-23 00:00:00-05:00,46.55589786702087,46.942763416247274,46.54710356246774,46.67020034790039,7040300
2020-12-24 00:00:00-05:00,46.617440774818036,47.08343825673583,46.617440774818036,46.98672103881836,3265500
2020-12-28 00:00:00-05:00,47.347207481151756,47.86596069248034,47.241699319843356,47.619773864746094,9020500
2020-12-29 00:00:00-05:00,47.87476022613907,47.90993073509893,47.49668563993137,47.59340286254883,8320600
2020-12-30 00:00:00-05:00,47.523062713358826,48.03302504046604,47.50547745855743,47.865966796875,8142700
2020-12-31 00:00:00-05:00,47.87476631978015,48.2968024188835,47.716502363360796,48.21767044067383,8495000
2021-01-04 00:00:00-05:00,47.716501896225715,48.033029805965676,45.74699676564636,46.38884353637695,25611100
2021-01-05 00:00:00-05:00,46.0107749312445,46.265752780855195,45.74699942178285,45.87888717651367,20323800
2021-01-06 00:00:00-05:00,45.69424071511138,45.738202175957106,44.12918654745649,44.41933822631836,38724500
2021-01-07 00:00:00-05:00,44.04126246988965,44.19073210365116,43.54009445050378,43.92695999145508,53225700
2021-01-08 00:00:00-05:00,43.988508989500374,44.955677923155854,43.82145409238054,44.91171646118164,29674000
2021-01-11 00:00:00-05:00,44.507265562073535,44.71828529072344,43.918174549419064,44.13798522949219,19304400
2021-01-12 00:00:00-05:00,43.99730261808995,44.28745094589587,43.75111239753806,44.0588493347168,18538700
2021-01-13 00:00:00-05:00,43.9445497662975,44.27866293160324,43.91817355857813,44.102813720703125,18864100
2021-01-14 00:00:00-05:00,44.102814089614725,44.120399346256306,43.276327151728935,43.285118103027344,34303600
2021-01-15 00:00:00-05:00,43.223565470366296,43.241150724602846,42.66964170107009,42.819114685058594,24366800
2021-01-19 00:00:00-05:00,42.854290232881105,43.11806236935839,42.41466888740407,42.652061462402344,29114500
2021-01-20 00:00:00-05:00,42.67843931021747,42.924626180505186,42.476213901903336,42.80153274536133,23115800
2021-01-21 00:00:00-05:00,42.88944838602033,43.16201477044187,42.60809105231472,43.03892135620117,19702500
2021-01-22 00:00:00-05:00,42.91582923549661,43.03012834985439,42.63447189331055,42.63447189331055,15400300
2021-01-25 00:00:00-05:00,42.572922221860544,42.942205833153835,42.41466165021384,42.88945007324219,16604200
2021-01-26 00:00:00-05:00,43.003754616022384,43.4345849576287,42.73998251183522,43.337867736816406,12922600
2021-01-27 00:00:00-05:00,42.9861674398922,43.364242002139065,42.40586749500884,42.669639587402344,21242400
2021-01-28 00:00:00-05:00,42.81032094080762,43.52250865350272,42.739983276985825,43.21477508544922,17498900
2021-01-29 00:00:00-05:00,43.10927199516559,43.18840397872901,42.30037025566841,42.335540771484375,18670300
2021-02-01 00:00:00-05:00,42.44104647935483,42.810326811660794,42.361914500425726,42.62568664550781,12183600
2021-02-02 00:00:00-05:00,42.90703936247622,43.39062213466542,42.75756972639996,43.0477180480957,13319800
2021-02-03 00:00:00-05:00,43.03893260095113,43.16202604735236,42.792742354103794,42.88066864013672,12274100
2021-02-04 00:00:00-05:00,43.047720970724605,43.144438202537735,42.77515788548179,43.09168243408203,20597400
2021-02-05 00:00:00-05:00,43.52251593298733,43.768702828606834,43.3202905038649,43.65440368652344,12742000
2021-02-08 00:00:00-05:00,43.92696662674446,44.111606797767685,43.51372481836555,43.89179611206055,17833200
2021-02-09 00:00:00-05:00,43.83024482839165,43.97971782322503,43.636813725844,43.698360443115234,14592900
2021-02-10 00:00:00-05:00,44.32261938546016,44.47209237174405,43.54888495739167,43.61043167114258,22965400
2021-02-11 00:00:00-05:00,43.79507555727191,44.48088371892765,43.78628125291796,44.22590255737305,21928600
2021-02-12 00:00:00-05:00,44.46330132854382,44.70948820160358,44.30503738042124,44.568809509277344,13137100
2021-02-16 00:00:00-05:00,44.50726132164365,44.5951875977226,44.102810513813914,44.199527740478516,15093400
2021-02-17 00:00:00-05:00,43.96213641001002,44.39296682260784,43.86541917326082,44.076438903808594,12794300
2021-02-18 00:00:00-05:00,44.1028064025327,44.709482557722716,43.988503931307626,44.63914489746094,12747100
2021-02-19 00:00:00-05:00,44.65673459970145,44.69190511035808,43.935755901463104,44.0588493347168,15968800
2021-02-22 00:00:00-05:00,43.830248272787244,44.73587055560064,43.671984314782755,44.51605987548828,14370900
2021-02-23 00:00:00-05:00,44.84137094209133,45.289783175732786,44.33140864300475,44.436920166015625,16222300
2021-02-24 00:00:00-05:00,44.30504924774823,44.75346500555412,44.076447569252736,44.58640670776367,14442000
2021-02-25 00:00:00-05:00,44.375385940297846,44.62157285516985,43.94455548522668,44.111610412597656,14211100
2021-02-26 00:00:00-05:00,44.13797942639533,44.146770376662744,43.05651142510832,43.0740966796875,23638400
2021-03-01 00:00:00-05:00,43.469744843797585,44.34898728010934,43.43457769541834,43.87419891357422,13901200
2021-03-02 00:00:00-05:00,43.821454838932375,44.45451063508851,43.69836140168971,44.05005645751953,11755100
2021-03-03 00:00:00-05:00,43.71594414042533,44.45450807539946,43.70714983596031,43.94454574584961,15410700
2021-03-04 00:00:00-05:00,44.23470794285675,44.920516276312675,43.62802824414246,43.909385681152344,22036400
2021-03-05 00:00:00-05:00,44.0060934375231,44.797413154715294,43.874209054020724,44.656734466552734,21310800
2021-03-08 00:00:00-05:00,45.25462503972857,46.15145303976133,44.98205858203743,45.40409469604492,25084900
2021-03-09 00:00:00-05:00,45.47442611306869,45.615104788001354,44.68310647029485,44.71827697753906,23082700
2021-03-10 00:00:00-05:00,44.999643147687415,45.39530304662678,44.59519229723599,45.22824478149414,21331600
2021-03-11 00:00:00-05:00,45.20186407341473,45.219449328733205,44.67431983003844,44.73586654663086,17417700
2021-03-12 00:00:00-05:00,44.85112160853939,44.930912234677585,44.505363355927805,44.647212982177734,17598600
2021-03-15 00:00:00-04:00,44.7713384212909,45.32100539159291,44.74474266881316,45.241214752197266,13411900
2021-03-16 00:00:00-04:00,45.39191727200815,45.675616480173844,45.25006766792531,45.40964889526367,14214200
2021-03-17 00:00:00-04:00,45.436247544065374,45.7642741403611,45.34759280408108,45.42738342285156,17502700
2021-03-18 00:00:00-04:00,45.26780180652498,45.38305229114786,44.762462352527635,44.8333854675293,18007300
2021-03-19 00:00:00-04:00,44.735863299822,45.28553350631915,44.478759820843806,45.04616165161133,67845700
2021-03-22 00:00:00-04:00,44.61174930219696,45.28553755689234,44.61174930219696,45.2146110534668,17911400
2021-03-23 00:00:00-04:00,45.20574144135729,45.79087149570767,45.06389183369542,45.56036376953125,16936700
2021-03-24 00:00:00-04:00,45.36532266775741,46.00364764073346,45.347594424696226,45.675621032714844,14997400
2021-03-25 00:00:00-04:00,45.83520486132497,46.15436736581557,45.36532522661964,46.11890411376953,17091900
2021-03-26 00:00:00-04:00,46.225283405699635,47.085248535269216,45.88838932680207,47.023189544677734,17126700
2021-03-29 00:00:00-04:00,46.74834777140524,47.82108546332768,46.73061615063452,47.741294860839844,17514100
2021-03-30 00:00:00-04:00,47.65265903052576,47.68812228612638,46.925679200524016,47.120723724365234,14871800
2021-03-31 00:00:00-04:00,47.01432437564817,47.13844236299186,46.54444817157236,46.73062515258789,15826500
2021-04-01 00:00:00-04:00,46.95226346730969,47.1207121992311,46.50898302660935,46.55331039428711,15834700
2021-04-05 00:00:00-04:00,46.41145816436487,47.18276852258456,46.358266678943636,46.819278717041016,16368700
2021-04-06 00:00:00-04:00,47.02318779445163,47.56399044830103,46.899069817888396,47.15616989135742,15614300
2021-04-07 00:00:00-04:00,47.235965728759766,47.4310102174893,47.09411611385509,47.235965728759766,10062700
2021-04-08 00:00:00-04:00,47.138443581568794,47.32462394935878,46.96113409904361,47.0941162109375,9695600
2021-04-09 00:00:00-04:00,47.1384484747802,47.23597072946931,46.81928934392758,47.147315979003906,10828200
2021-04-12 00:00:00-04:00,47.2802949817925,47.475336082374824,47.07638299624499,47.29802322387695,8565300
2021-04-13 00:00:00-04:00,47.02319658237944,47.24483683393821,46.8192879567808,47.06752395629883,11071700
2021-04-14 00:00:00-04:00,46.969992857357774,47.1561698219285,46.67742953902679,47.058650970458984,9787600
2021-04-15 00:00:00-04:00,47.1029834621458,47.572859675853614,47.09411595889004,47.280296325683594,13078100
2021-04-16 00:00:00-04:00,47.64377866653711,47.696970149843644,47.324616238853736,47.59058380126953,17974100
2021-04-19 00:00:00-04:00,47.874290466308594,48.19345294386451,47.25369713572339,47.874290466308594,19352900
2021-04-20 00:00:00-04:00,47.73244198385392,48.39736270054099,47.705846237414164,48.02500534057617,14419200
2021-04-21 00:00:00-04:00,48.087069663080186,48.53035015879384,48.087069663080186,48.415096282958984,13866500
2021-04-22 00:00:00-04:00,48.29097290581065,48.64559523370069,48.157987419126,48.264373779296875,12558900
2021-04-23 00:00:00-04:00,48.228922290016754,48.39736767137209,48.02501027316293,48.29098129272461,9020500
2021-04-26 00:00:00-04:00,48.29097630894665,48.32643617686157,47.501937599981936,47.57286071777344,11684600
2021-04-27 00:00:00-04:00,47.484202427899966,47.608320411234516,47.27142632649687,47.50193405151367,9852400
2021-04-28 00:00:00-04:00,47.856553780056366,47.918612768354826,47.377810114358596,47.51079559326172,10868100
2021-04-29 00:00:00-04:00,47.466479520478075,48.1934593123272,47.36895726367553,48.104801177978516,15391000
2021-04-30 00:00:00-04:00,48.09592778236693,48.11365940581791,47.5994524716235,47.8565559387207,14912600
2021-05-03 00:00:00-04:00,48.11366583629649,48.583542083682566,48.01614358526274,48.299842834472656,10417900
2021-05-04 00:00:00-04:00,48.37963075013319,48.423958121221794,47.82109640492418,47.998409271240234,14151000
2021-05-05 00:00:00-04:00,47.998408456033324,48.087066578666395,47.61718698361505,47.874290466308594,9665900
2021-05-06 00:00:00-04:00,47.98067383060025,48.41509014942821,47.918614839619316,48.353031158447266,11572700
2021-05-07 00:00:00-04:00,48.26437990400357,48.55694665905169,48.016143904783476,48.326438903808594,10637500
2021-05-10 00:00:00-04:00,48.65446123258808,49.20412802210204,48.610133865717195,48.68105697631836,15545800
2021-05-11 00:00:00-04:00,48.78746627408974,48.884988556239506,47.91863662342535,48.15800857543945,12986700
2021-05-12 00:00:00-04:00,48.19345494708208,48.37076781775687,47.76790608663962,47.90975570678711,15836500
2021-05-13 00:00:00-04:00,47.847698531307245,48.565810781040184,47.7235805316972,48.326438903808594,15475800
2021-05-14 00:00:00-04:00,48.67218620131967,48.849495644561685,48.4860058747782,48.52146911621094,11725300
2021-05-17 00:00:00-04:00,48.61901288547139,48.7785941606789,48.31758196363079,48.44169998168945,12119800
2021-05-18 00:00:00-04:00,48.22005140237047,48.37076852834475,47.962947905213156,48.175724029541016,13232500
2021-05-19 00:00:00-04:00,47.980677969189365,48.033872844030526,47.52853336990528,48.02500534057617,15126100
2021-05-20 00:00:00-04:00,47.98068565665783,48.5835474736016,47.98068565665783,48.450565338134766,10948400
2021-05-21 00:00:00-04:00,48.58354671975537,48.86724599603722,48.06934304973032,48.42396545410156,16033200
2021-05-24 00:00:00-04:00,48.432828124245226,48.698795746465144,48.30871012600672,48.58354187011719,10326100
2021-05-25 00:00:00-04:00,48.60127607741528,48.60127607741528,48.184591305228544,48.57468032836914,11916500
2021-05-26 00:00:00-04:00,48.74312151114325,48.805180508214335,48.39736327547244,48.78744888305664,16064300
2021-05-27 00:00:00-04:00,48.94702357193673,49.26618601810575,48.56580213700832,49.19526290893555,59109600
2021-05-28 00:00:00-04:00,49.07114727262036,49.390309756013274,48.93816515918106,49.0179557800293,17011600
2021-06-01 00:00:00-04:00,49.06228148162924,49.33711658452333,48.84950537262067,49.00908660888672,13304000
2021-06-02 00:00:00-04:00,49.204124450683594,49.25731931624437,48.99134837040155,49.204124450683594,11328500
2021-06-03 00:00:00-04:00,48.92043744145018,49.416912831042374,48.84951093638191,49.32825469970703,17364300
2021-06-04 00:00:00-04:00,49.55876805793996,50.07297174992762,49.45237828831855,49.860198974609375,18935100
2021-06-07 00:00:00-04:00,49.92224461683424,49.94884036113794,49.47896417464521,49.6828727722168,14010800
2021-06-08 00:00:00-04:00,49.86905529316136,49.86905529316136,49.248461928676335,49.337120056152344,10968300
2021-06-09 00:00:00-04:00,49.42576939756042,49.57648312484829,49.186397552490234,49.186397552490234,9838800
2021-06-10 00:00:00-04:00,49.567626953125,49.75380395738268,49.43464144610556,49.567626953125,12444400
2021-06-11 00:00:00-04:00,49.63855093515962,49.8335920517207,49.345984187375365,49.78926467895508,11825800
2021-06-14 00:00:00-04:00,49.744605846791806,49.762471081353546,49.3069195260869,49.61955261230469,9710800
2021-06-15 00:00:00-04:00,49.82499752617882,49.83393184715131,49.29798503448892,49.49449920654297,11154200
2021-06-16 00:00:00-04:00,49.52129224530991,49.53915747868814,48.806699947405086,48.83349609375,15211700
2021-06-17 00:00:00-04:00,48.83348926569699,49.26224799193434,48.81562744226111,49.08359909057617,10658400
2021-06-18 00:00:00-04:00,48.690575734580015,48.78883281060449,47.98491778461691,48.029579162597656,31445600
2021-06-21 00:00:00-04:00,48.43154161894391,48.61912146347726,48.23502745374995,48.55659484863281,14404300
2021-06-22 00:00:00-04:00,48.53872678255182,48.994278293758086,48.46726585121646,48.7352409362793,13072800
2021-06-23 00:00:00-04:00,48.73523713913736,48.77096419457666,48.333277950305984,48.34220886230469,12339200
2021-06-24 00:00:00-04:00,48.467263164269355,48.610181611572145,48.23502196519402,48.5833854675293,11488400
2021-06-25 00:00:00-04:00,48.44942029025592,48.6548654256457,48.243971747420254,48.520877838134766,18880300
2021-06-28 00:00:00-04:00,48.458338984020806,48.56552698252758,48.23502866612209,48.46726989746094,10556900
2021-06-29 00:00:00-04:00,48.35114561822541,48.53872544665095,47.984916873823074,48.10997009277344,12300900
2021-06-30 00:00:00-04:00,48.05637646862272,48.395809082875346,48.01171508956325,48.333282470703125,14614200
2021-07-01 00:00:00-04:00,48.53872381746656,48.66377703221956,48.10996847798006,48.19929122924805,13214700
2021-07-02 00:00:00-04:00,48.23502168068886,48.63698087618351,48.23502168068886,48.39580535888672,10604600
2021-07-06 00:00:00-04:00,48.226095214661235,48.315417974141866,47.83306689507879,48.127838134765625,15278200
2021-07-07 00:00:00-04:00,47.984934302982815,48.57447355462832,47.984934302982815,48.520877838134766,14377700
2021-07-08 00:00:00-04:00,48.24395910779171,48.38687757355151,48.002786965371115,48.35115051269531,11943900
2021-07-09 00:00:00-04:00,48.45833994682959,48.699515503845475,48.395813329171226,48.64591979980469,10847000
2021-07-12 00:00:00-04:00,48.52086175656711,48.77096820241758,48.47620037801449,48.663780212402344,15107600
2021-07-13 00:00:00-04:00,49.08359918897298,49.39623221139322,48.90495028725669,49.14612579345703,15170800
2021-07-14 00:00:00-04:00,49.14613263595996,50.334141694005,49.09253693574975,50.25374984741211,22002700
2021-07-15 00:00:00-04:00,50.2358823939343,50.44132744389181,49.94111118696626,50.414527893066406,15068200
2021-07-16 00:00:00-04:00,50.43240318001579,50.62891735717678,50.25375423781899,50.37881088256836,14860500
2021-07-19 00:00:00-04:00,50.09296711608807,50.33413923664763,49.271183456876,49.780330657958984,19527000
2021-07-20 00:00:00-04:00,49.78033325650923,50.31628003808797,49.59275341630686,49.869659423828125,16257900
2021-07-21 00:00:00-04:00,51.20951728638944,51.41496234408754,50.40559888022768,50.512786865234375,20918200
2021-07-22 00:00:00-04:00,50.57531408707667,50.682505480827835,50.06616689281491,50.44132995605469,13402700
2021-07-23 00:00:00-04:00,50.54851589649818,51.20951583476561,50.423462682961116,50.923675537109375,12144000
2021-07-26 00:00:00-04:00,50.81648905828827,51.02193411623971,50.5217212472952,50.96834182739258,8681100
2021-07-27 00:00:00-04:00,51.01299617454451,51.397090093097354,50.84327819672936,51.14698028564453,12794400
2021-07-28 00:00:00-04:00,50.90582069002618,51.05767006800633,50.584253292603535,50.68251037597656,9858000
2021-07-29 00:00:00-04:00,50.9772806706677,51.138064377112755,50.7897008156302,50.959415435791016,9599100
2021-07-30 00:00:00-04:00,51.04873879715221,51.13806155916841,50.82542848466676,50.94154739379883,11727000
2021-08-02 00:00:00-04:00,51.093396875952934,51.1291273414281,50.6557071924939,50.807559967041016,9778000
2021-08-03 00:00:00-04:00,50.914749354544085,50.914749354544085,50.69143905035749,50.84328842163086,8825500
2021-08-04 00:00:00-04:00,50.69144038348792,50.87008931302444,50.03044036643628,50.11083221435547,11888400
2021-08-05 00:00:00-04:00,50.41452869459002,50.5485162285138,50.28054456811077,50.46812438964844,9806800
2021-08-06 00:00:00-04:00,50.557454955909115,50.68251159704361,50.414536487771905,50.59318542480469,10409300
2021-08-09 00:00:00-04:00,50.73610359219737,50.807564529564914,50.40560527548508,50.60211944580078,8859900
2021-08-10 00:00:00-04:00,50.77182970878506,51.06659753154646,50.611046020935305,50.73609924316406,10906900
2021-08-11 00:00:00-04:00,50.816490995063646,51.07553175917968,50.655707307505054,50.6735725402832,8370700
2021-08-12 00:00:00-04:00,50.67357823954002,50.89688856321548,50.67357823954002,50.77183532714844,6169200
2021-08-13 00:00:00-04:00,50.745030026211516,51.182716273504134,50.70929956308103,51.12018966674805,7714200
2021-08-16 00:00:00-04:00,51.093399403565385,51.35244017990814,50.94154662150605,51.343505859375,7972000
2021-08-17 00:00:00-04:00,51.3256358224346,51.41496198218193,50.92367662218307,51.164852142333984,10346400
2021-08-18 00:00:00-04:00,51.08445954931987,51.12019001269214,50.39666346290388,50.46812438964844,13873700
2021-08-19 00:00:00-04:00,50.07510721434599,50.8968875535967,49.97685012868665,50.78969955444336,9223700
2021-08-20 00:00:00-04:00,50.77183436183747,50.94154897792383,50.53959312890639,50.59318542480469,10543600
2021-08-23 00:00:00-04:00,50.61997294302392,50.691433868632345,50.360935606304565,50.414527893066406,8912800
2021-08-24 00:00:00-04:00,50.59318422993679,50.59318422993679,49.93218760820494,50.03044128417969,12067200
2021-08-25 00:00:00-04:00,50.07510305331257,50.173356723362375,49.78033182082883,50.08403396606445,11270700
2021-08-26 00:00:00-04:00,49.9768435154147,50.00363965979592,49.583815224785496,49.61061477661133,10331500
2021-08-27 00:00:00-04:00,49.71780466143277,49.833926970596444,49.530224828707055,49.7088737487793,8844100
2021-08-30 00:00:00-04:00,49.74459945165431,50.20015435580015,49.69993807471413,50.182289123535156,10034700
2021-08-31 00:00:00-04:00,50.164428586888306,50.48599598286915,50.021510122835146,50.29841613769531,14185700
2021-09-01 00:00:00-04:00,50.36093010373522,50.736089699855086,50.2716039564847,50.63783264160156,9518900
2021-09-02 00:00:00-04:00,50.70930099487305,50.94154219688956,50.38773363250818,50.70930099487305,11653200
2021-09-03 00:00:00-04:00,50.432397008945316,50.7093030058395,50.24481717594187,50.6735725402832,13220400
2021-09-07 00:00:00-04:00,50.55745259820875,50.63784444575224,49.58381951460188,49.72673797607422,20035300
2021-09-08 00:00:00-04:00,49.67314428044657,50.450263179799755,49.67314428044657,50.39666748046875,12040100
2021-09-09 00:00:00-04:00,50.18229460469033,50.39667060039621,49.842861969470164,49.89645767211914,12545400
2021-09-10 00:00:00-04:00,50.03043589921748,50.137627291835216,49.59274963875119,49.67314147949219,10573700
2021-09-13 00:00:00-04:00,49.789266141025486,50.37880519854819,49.789266141025486,50.08403396606445,20274300
2021-09-14 00:00:00-04:00,50.327028864660996,50.38102906037654,49.994036240651944,50.120033264160156,13918900
2021-09-15 00:00:00-04:00,50.11103366915929,50.3990278393024,49.87703626019219,50.29103088378906,15746000
2021-09-16 00:00:00-04:00,50.147029528617175,50.39002523270169,49.33704384833544,49.81403350830078,17430400
2021-09-17 00:00:00-04:00,49.51704004706329,49.67003543182441,48.93205001944041,48.99504852294922,33370200
2021-09-20 00:00:00-04:00,48.69806699320157,48.95906281381035,48.35607258803012,48.65306854248047,27542500
2021-09-21 00:00:00-04:00,48.950052444991655,49.33704523274526,48.54505959348659,48.64405822753906,16418200
2021-09-22 00:00:00-04:00,49.058059248310144,49.10306113330859,48.65306974861861,48.716068267822266,12719700
2021-09-23 00:00:00-04:00,48.83305318937162,49.15704746687471,48.59905922959776,48.63505935668945,13836200
2021-09-24 00:00:00-04:00,48.5990596689729,48.81505700031478,48.47306265617393,48.50006103515625,9682200
2021-09-27 00:00:00-04:00,48.464059841916956,48.82405424184938,48.212065821860875,48.24806594848633,12429500
2021-09-28 00:00:00-04:00,48.11307713529406,48.11307713529406,47.18609599862654,47.375091552734375,19926100
2021-09-29 00:00:00-04:00,47.37508414691507,47.84307551713976,47.303087323198085,47.66307830810547,13941500
2021-09-30 00:00:00-04:00,47.852069064514374,47.99606956392205,47.18608392055824,47.222084045410156,17672000
2021-10-01 00:00:00-04:00,47.501074227269264,47.879068654363344,47.31207873030258,47.717071533203125,16277400
2021-10-04 00:00:00-04:00,47.75308488118188,48.176074429656154,47.15909641681477,47.690086364746094,18973400
2021-10-05 00:00:00-04:00,47.717076012549775,48.12206885346823,47.63607744436609,47.77107620239258,17173100
2021-10-06 00:00:00-04:00,47.49208366712713,48.39206629466452,47.258086261397104,48.33806610107422,21284500
2021-10-07 00:00:00-04:00,48.590064619474326,48.85105697788749,48.428067468370244,48.491065979003906,13774400
2021-10-08 00:00:00-04:00,48.599061000830815,48.95005366986435,48.50906411298265,48.70705795288086,13786800
2021-10-11 00:00:00-04:00,48.78804928539304,48.950046406009434,48.60805210324586,48.80604934692383,12378500
2021-10-12 00:00:00-04:00,48.97704478172527,49.34604089336537,48.797051032738786,48.80604934692383,19474400
2021-10-13 00:00:00-04:00,48.75205771886957,48.98605512667831,48.41006678924342,48.815059661865234,12143300
2021-10-14 00:00:00-04:00,48.950062536048605,49.328057086430626,48.878065699361734,49.1480598449707,13704000
2021-10-15 00:00:00-04:00,49.17504871441492,49.39104604900461,48.86005617768117,49.03105163574219,17867000
2021-10-18 00:00:00-04:00,48.91405576883689,48.95005589887996,48.47306619187405,48.54506301879883,15861800
2021-10-19 00:00:00-04:00,48.635063553360105,48.77906064099116,48.39206782426493,48.73406219482422,11068500
2021-10-20 00:00:00-04:00,48.7610684541081,49.28305669367164,48.698069932663564,49.16606140136719,12474800
2021-10-21 00:00:00-04:00,49.13905052950091,49.20204903933873,48.788057850929825,48.91405487060547,14388300
2021-10-22 00:00:00-04:00,48.95004720832138,49.076044207941344,48.662053085429825,49.00404739379883,12828600
2021-10-25 00:00:00-04:00,48.94104809182439,49.02204665213259,48.6170538505916,48.80604934692383,11855000
2021-10-26 00:00:00-04:00,48.887057807350686,49.12105522147704,48.80605923063946,49.022056579589844,12086700
2021-10-27 00:00:00-04:00,50.372030080554005,50.47102872148058,49.742041538153295,49.967037200927734,24019800
2021-10-28 00:00:00-04:00,50.17402849110483,50.498022766989926,50.05702979522164,50.43502426147461,15928000
2021-10-29 00:00:00-04:00,50.2820300040146,50.82202165723844,50.201031427689095,50.73202133178711,24463700
2021-11-01 00:00:00-04:00,50.7500182973503,50.75902004592635,50.309028745636795,50.55202102661133,11651100
2021-11-02 00:00:00-04:00,50.82202500704048,50.849023389874716,50.37203364960796,50.48902893066406,11498900
2021-11-03 00:00:00-04:00,50.39902315559831,50.69601904711108,50.2010258945898,50.66001892089844,10788300
2021-11-04 00:00:00-04:00,50.4980210961015,50.966012430988215,50.42602084466004,50.93901062011719,10820200
2021-11-05 00:00:00-04:00,51.1550178527832,51.443012048027285,50.93002217317616,51.1550178527832,12886700
2021-11-08 00:00:00-05:00,51.07400539542962,51.20000239247388,50.516017222879086,50.696014404296875,12828000
2021-11-09 00:00:00-05:00,50.76802277854323,50.86702142252635,50.48002859595313,50.840023040771484,10155800
2021-11-10 00:00:00-05:00,50.88502279747541,51.22701375237547,50.66002712196464,51.047019958496094,8813600
2021-11-11 00:00:00-05:00,51.14601245627077,51.19101089933091,50.91201505930018,51.06501388549805,7257700
2021-11-12 00:00:00-05:00,51.07401796310667,51.29001532059017,50.894020737397334,50.948020935058594,10162500
2021-11-15 00:00:00-05:00,50.87601741648207,51.01101618541728,50.64202344124385,50.95701599121094,10289200
2021-11-16 00:00:00-05:00,50.95701783318907,51.245012013043954,50.570025010291296,50.59702682495117,13756500
2021-11-17 00:00:00-05:00,50.4350338438447,50.44403216070178,50.084041122669575,50.31803512573242,13288700
2021-11-18 00:00:00-05:00,50.246036516908084,50.33603341494739,49.625046247687465,49.8680419921875,15380100
2021-11-19 00:00:00-05:00,49.89503550742181,49.94003738521287,49.40904749899424,49.61604309082031,15813700
2021-11-22 00:00:00-05:00,49.58904297735254,50.41702880620023,49.57104634541273,49.92203903198242,16905600
2021-11-23 00:00:00-05:00,50.09303360438018,50.49802647900684,49.94903651930863,50.29103088378906,13835900
2021-11-24 00:00:00-05:00,50.138029949217064,50.25502864879896,49.526041505011854,49.88603591918945,12598900
2021-11-26 00:00:00-05:00,49.130057166092605,49.27405426497428,48.22107612311982,48.35607147216797,14754300
2021-11-29 00:00:00-05:00,48.644058677407855,49.25604711797282,48.53606172706144,49.12105178833008,22712500
2021-11-30 00:00:00-05:00,48.61315249209846,48.640363699533474,47.56107691227764,47.57014846801758,30485200
2021-12-01 00:00:00-05:00,48.05083926535111,48.54059950354177,47.415965266931906,47.434104919433594,18719600
2021-12-02 00:00:00-05:00,47.70619596452988,48.37734931264997,47.62456925272859,48.132469177246094,17074200
2021-12-03 00:00:00-05:00,48.36828134839617,48.62222958145909,48.05084259728232,48.55874252319336,21064400
2021-12-06 00:00:00-05:00,49.257097638427865,50.109640502817534,49.102912330100345,49.801273345947266,26624100
2021-12-07 00:00:00-05:00,49.90104274719036,50.26382542109775,49.74685742944636,50.0733642578125,23832700
2021-12-08 00:00:00-05:00,49.99173086497837,50.20033165302911,49.302441454888324,49.882896423339844,18026300
2021-12-09 00:00:00-05:00,49.65615787464485,50.00080432269716,49.511044127009875,49.755924224853516,13846400
2021-12-10 00:00:00-05:00,50.10964219996063,51.080091102435,49.9463887902187,51.0438117980957,23153600
2021-12-13 00:00:00-05:00,51.678683114004734,52.540297518715626,51.660543462772594,52.386112213134766,31362800
2021-12-14 00:00:00-05:00,52.05960734944046,52.75796487266024,52.05960734944046,52.42238998413086,24806600
2021-12-15 00:00:00-05:00,52.540304735083666,52.830532275091045,52.286356502523496,52.65821075439453,24923800
2021-12-16 00:00:00-05:00,52.5856473633322,53.40191440783007,52.51309221481288,53.19331359863281,24696900
2021-12-17 00:00:00-05:00,53.04820258229304,53.43819301282806,52.33170185730639,52.358909606933594,51874400
2021-12-20 00:00:00-05:00,51.878221104551585,52.4042572047519,51.696828033529556,52.186588287353516,20879500
2021-12-21 00:00:00-05:00,52.25007742199305,52.57658427086564,52.177518806783496,52.39519119262695,15864900
2021-12-22 00:00:00-05:00,52.340767079746996,52.77610834880164,52.14123782712915,52.76704025268555,12447400
2021-12-23 00:00:00-05:00,53.07541737952971,53.15704409903514,52.54937775165347,52.80332946777344,11027300
2021-12-27 00:00:00-05:00,52.60378701540825,53.22958944300004,52.60378701540825,53.19331359863281,9860000
2021-12-28 00:00:00-05:00,52.9665714327489,53.45632818390102,52.87587317528757,53.401912689208984,8979900
2021-12-29 00:00:00-05:00,53.46540069580078,53.60144289474883,53.2023809341358,53.46540069580078,9996000
2021-12-30 00:00:00-05:00,53.56516994107003,53.719351800153845,53.293078608923295,53.31121826171875,7703900
2021-12-31 00:00:00-05:00,53.284008403544334,53.82818412673041,53.238661003242974,53.701210021972656,10021300
2022-01-03 00:00:00-05:00,53.34749942585735,53.79191228536603,52.94843742980976,53.782840728759766,20187300
2022-01-04 00:00:00-05:00,54.17282904805636,54.90746936716362,54.04585494692826,54.680728912353516,26141600
2022-01-05 00:00:00-05:00,54.49933472693309,55.50606287898893,54.463055424567095,55.13420867919922,22507300
2022-01-06 00:00:00-05:00,54.8439826965332,55.43350580725255,54.81677148911383,54.8439826965332,17902300
2022-01-07 00:00:00-05:00,54.67165963736518,55.070725068740636,54.472130381462364,54.717010498046875,12307900
2022-01-10 00:00:00-05:00,54.9165470234477,55.161427172447866,54.580972060648385,54.80771255493164,20954300
2022-01-11 00:00:00-05:00,54.80769653222674,54.862115480468404,54.272588983762354,54.825836181640625,19369600
2022-01-12 00:00:00-05:00,54.89840296129942,55.04351672759906,54.590035775439546,54.907474517822266,15753800
2022-01-13 00:00:00-05:00,54.907467658455815,55.3609485539638,54.77142200588955,55.23397445678711,14318000
2022-01-14 00:00:00-05:00,55.270249382389515,55.73280182561611,54.74421335141206,55.678382873535156,19729600
2022-01-18 00:00:00-05:00,55.379088204958286,55.496990746745404,54.82584095887299,55.23397445678711,21976700
2022-01-19 00:00:00-05:00,55.01630173898999,55.487922282357985,54.925606944405025,55.324668884277344,18654700
2022-01-20 00:00:00-05:00,55.32467519501109,55.72373718040331,55.07072697337832,55.09793472290039,23002400
2022-01-21 00:00:00-05:00,55.397223028932785,55.596752252916815,54.780488787998095,54.825836181640625,26643200
2022-01-24 00:00:00-05:00,54.327012272088126,54.735142307260055,53.120751438081456,54.38142776489258,30185100
2022-01-25 00:00:00-05:00,53.83725774668047,54.463060198315034,53.22959148803386,54.254459381103516,19027100
2022-01-26 00:00:00-05:00,54.22724897423567,54.73514538784722,53.70120944895533,54.05492401123047,19190200
2022-01-27 00:00:00-05:00,54.30887776201518,55.261187033868126,53.96423128256322,54.100276947021484,18893800
2022-01-28 00:00:00-05:00,53.864466180412116,55.22490901760637,53.45633263729683,55.179561614990234,19101500
2022-01-31 00:00:00-05:00,54.68979815950712,55.451646242098015,54.55375595962812,55.333740234375,22045300
2022-02-01 00:00:00-05:00,55.24304100799315,55.45164179892093,54.56281968374773,54.92560577392578,20841700
2022-02-02 00:00:00-05:00,54.98002659958714,55.569553188374286,54.92561110263041,55.4879264831543,20225600
2022-02-03 00:00:00-05:00,55.270252025359,56.03210009200015,54.952816772502175,55.8779182434082,19440500
2022-02-04 00:00:00-05:00,55.769087073150565,55.941408583436406,54.934680351200484,55.288394927978516,17403700
2022-02-07 00:00:00-05:00,55.66932144604762,55.97768862520612,55.19770085087667,55.86885070800781,17846400
2022-02-08 00:00:00-05:00,56.077457994103405,56.53093896073293,55.99583128171869,56.23163986206055,18771700
2022-02-09 00:00:00-05:00,56.385814838243704,56.52186049551842,55.233976368399524,55.3609504699707,23595600
2022-02-10 00:00:00-05:00,54.744217653464716,56.503722391603596,54.599103896296405,55.66931915283203,23561500
2022-02-11 00:00:00-05:00,56.023031989655166,56.213493141347314,54.55375481122542,54.680728912353516,22781400
2022-02-14 00:00:00-05:00,54.562826127295345,55.1342130758786,53.76469871052024,55.034446716308594,23641300
2022-02-15 00:00:00-05:00,55.28839320715015,56.03210164281403,54.989097597570726,55.243045806884766,13408700
2022-02-16 00:00:00-05:00,55.197695154798154,55.6874553522951,54.92560730945029,55.23397445678711,15484700
2022-02-17 00:00:00-05:00,54.91653580911449,56.48557929397094,54.78956171181051,56.3404655456543,21468700
2022-02-18 00:00:00-05:00,56.340471607222625,56.97534562183213,56.22256905263239,56.721397399902344,21975000
2022-02-22 00:00:00-05:00,56.62162992369422,56.81209108639166,55.97768782517336,56.4855842590332,21731400
2022-02-23 00:00:00-05:00,56.44930593248307,56.53093263573494,55.63303889996439,55.859779357910156,19248500
2022-02-24 00:00:00-05:00,54.39050369398267,54.98002682540626,53.71028230095052,54.8802604675293,27207400
2022-02-25 00:00:00-05:00,55.27025500259966,57.04790289370869,55.25211535006146,57.0025520324707,21487800
2022-02-28 00:00:00-05:00,55.91419886362737,56.54000128819407,55.69652649955186,56.44930648803711,25879100
2022-03-01 00:00:00-05:00,56.35860766244392,56.91185493328928,55.78722073979226,56.20442581176758,15871100
2022-03-02 00:00:00-05:00,56.44023474810989,57.02976132656239,56.03210122916469,56.62162780761719,17319100
2022-03-03 00:00:00-05:00,56.78487967889769,57.15673388392406,56.49465217545197,56.65790557861328,21262800
2022-03-04 00:00:00-05:00,55.74186809940874,56.76673584150709,55.50605956766678,56.74859619140625,17163000
2022-03-07 00:00:00-05:00,56.24070340225131,56.2951223593603,55.07072523258,55.39723205566406,29151400
2022-03-08 00:00:00-05:00,55.73280548552143,55.81443218911088,53.13889408232861,53.2023811340332,30242100
2022-03-09 00:00:00-05:00,54.254459822557195,54.272599475477755,53.20238417166016,53.47447204589844,23022700
2022-03-10 00:00:00-05:00,53.03912888480449,53.20238229554755,52.150306681750585,52.49495315551758,20887300
2022-03-11 00:00:00-05:00,52.56750641507395,53.37470188373795,52.476811616714876,52.531227111816406,19855600
2022-03-14 00:00:00-04:00,52.97903664885222,53.95691403116471,52.97903664885222,53.499961853027344,17799400
2022-03-15 00:00:00-04:00,53.993478482103164,54.733738881477414,53.90208594212127,54.48698425292969,18607200
2022-03-16 00:00:00-04:00,54.633204595379574,54.779429161746116,53.56393810749959,54.340755462646484,17347300
2022-03-17 00:00:00-04:00,54.34075837883019,54.96221369080542,54.13056077128987,54.91651916503906,15586200
2022-03-18 00:00:00-04:00,55.10844460474641,55.10844460474641,54.56924077162765,54.925662994384766,30197800
2022-03-21 00:00:00-04:00,55.29122388557067,55.83956520728357,55.06274775381212,55.36433792114258,17440100
2022-03-22 00:00:00-04:00,55.68419627591624,55.70247478256555,54.88910041114905,55.56538772583008,17559500
2022-03-23 00:00:00-04:00,55.51969809513981,55.72989571072798,54.83426972359487,55.199832916259766,15529200
2022-03-24 00:00:00-04:00,55.4191650794438,55.76644974527838,55.25466200016788,55.72989273071289,13151300
2022-03-25 00:00:00-04:00,55.85784702120599,56.30566179990773,55.793873979429925,56.232547760009766,12259800
2022-03-28 00:00:00-04:00,56.23253658225375,56.607237246575515,55.940087453332794,56.588958740234375,11485200
2022-03-29 00:00:00-04:00,56.85399454319141,57.14644368595148,56.42446182578874,56.80830001831055,14720600
2022-03-30 00:00:00-04:00,56.671214685489616,56.85399627685547,56.25996046275257,56.85399627685547,13641000
2022-03-31 00:00:00-04:00,56.86313896252203,57.24697717814706,56.662078857421875,56.662078857421875,16822900
2022-04-01 00:00:00-04:00,56.963674199087784,57.53029406307229,56.74433556572029,57.45718002319336,12644900
2022-04-04 00:00:00-04:00,57.21042209787876,57.38406618953114,56.40618862279604,57.15559005737305,11505800
2022-04-05 00:00:00-04:00,57.02763692464718,57.7953167731575,57.00021742151807,57.091609954833984,15721200
2022-04-06 00:00:00-04:00,57.36578318457733,57.8135944161994,56.93624697417879,57.6673698425293,19267400
2022-04-07 00:00:00-04:00,57.6947916611743,58.18829743818853,57.31094996097548,57.97809982299805,13960800
2022-04-08 00:00:00-04:00,58.01465360062812,58.52644134356498,57.72220445788385,58.33452224731445,12703500
2022-04-11 00:00:00-04:00,58.40763126538906,58.76405691718268,58.16087665396364,58.31624221801758,12720100
2022-04-12 00:00:00-04:00,58.83716394848597,59.23014312731287,58.38935273576516,59.00166702270508,18089900
2022-04-13 00:00:00-04:00,58.89200271068631,59.28498188788349,58.70008362031616,59.15703582763672,11883000
2022-04-14 00:00:00-04:00,59.36723369772461,59.924715983760414,59.239287629375845,59.42206573486328,16388400
2022-04-18 00:00:00-04:00,59.193592928782344,59.568297130296465,58.65439260664818,58.89200973510742,11679400
2022-04-19 00:00:00-04:00,58.94683673834295,59.63226507250973,58.89200470282164,59.4677619934082,11993800
2022-04-20 00:00:00-04:00,59.805908321877105,60.53702768469526,59.76935130785557,60.28113555908203,14827100
2022-04-21 00:00:00-04:00,60.29941891739912,61.231598392169325,60.061801807148825,60.509613037109375,15120400
2022-04-22 00:00:00-04:00,60.39079779634338,60.62840789403424,59.56828253212299,59.63225555419922,14902200
2022-04-25 00:00:00-04:00,61.23159966899953,61.41437777451874,59.202730624062454,60.26286315917969,25082000
2022-04-26 00:00:00-04:00,59.87902652944093,60.65585102013609,59.44035622455819,59.44949722290039,21982600
2022-04-27 00:00:00-04:00,59.40378508055319,60.57358157884122,59.40378508055319,59.91556930541992,16971000
2022-04-28 00:00:00-04:00,59.09307160471154,60.57359251466227,58.94684352975729,60.4913444519043,22010600
2022-04-29 00:00:00-04:00,60.198888655718896,60.345109742057886,58.93769605178981,59.047367095947266,20137100
2022-05-02 00:00:00-04:00,59.65968423079087,59.68710024999473,57.1921448869128,57.97809982299805,24970300
2022-05-03 00:00:00-04:00,58.233995763902854,58.435052382923324,57.27439325139878,57.64909744262695,21686300
2022-05-04 00:00:00-04:00,57.57598451219975,59.5134645963748,57.52114898617889,59.431209564208984,19780200
2022-05-05 00:00:00-04:00,59.12048147449346,59.431205642634666,58.4990261656734,58.95597839355469,20155200
2022-05-06 00:00:00-04:00,58.67266657170537,59.68710113247415,58.553861495886146,59.166175842285156,18984000
2022-05-09 00:00:00-04:00,58.91942103069904,59.732795433721726,58.52644183814017,59.047367095947266,20055300
2022-05-10 00:00:00-04:00,58.94683849152775,59.69623988027047,58.35279918974123,58.499027252197266,21322200
2022-05-11 00:00:00-04:00,58.791475353123936,59.58656776776111,58.453328194145236,58.773193359375,19648400
2022-05-12 00:00:00-04:00,58.63611322854532,58.97425341475337,57.76789981204827,58.95597839355469,22574700
2022-05-13 00:00:00-04:00,59.23014174748709,60.13491212088333,58.5995524547852,60.061798095703125,16167000
2022-05-16 00:00:00-04:00,59.805908321877105,60.66497374750188,59.805908321877105,60.28113555908203,13223200
2022-05-17 00:00:00-04:00,60.40907968445458,60.40907968445458,59.41292723133194,60.11663055419922,21300600
2022-05-18 00:00:00-04:00,59.78763253053738,59.87902158880251,55.711619173576395,55.93095779418945,31437300
2022-05-19 00:00:00-04:00,55.71161409249471,55.71161409249471,54.523539012058855,54.834266662597656,31493900
2022-05-20 00:00:00-04:00,55.282081504226404,55.96750983911979,54.52353914020203,55.72989273071289,29133800
2022-05-23 00:00:00-04:00,56.34221260930476,57.66737131682581,56.28737708542576,57.448036193847656,19406900
2022-05-24 00:00:00-04:00,57.46631635856236,58.663532517419355,57.34750779653373,58.50816345214844,16154200
2022-05-25 00:00:00-04:00,58.489879054983916,58.91941521989986,58.12431591638288,58.55385208129883,15360500
2022-05-26 00:00:00-04:00,58.553859875371245,59.49518037610515,58.45332982456104,58.764060974121094,16159800
2022-05-27 00:00:00-04:00,58.72751274675993,59.248438100488876,58.61784168240793,59.111351013183594,17709000
2022-05-31 00:00:00-04:00,58.563001202681,58.782336327259046,57.621677210370954,57.92326736450195,43159000
2022-06-01 00:00:00-04:00,57.959814941687455,58.19743203622311,56.7808809240571,57.639949798583984,15408300
2022-06-02 00:00:00-04:00,57.740486765637144,58.252274542260494,56.762609226545514,58.243133544921875,14586000
2022-06-03 00:00:00-04:00,58.096902340851045,58.15173785982445,57.40233653186426,57.548561096191406,13539900
2022-06-06 00:00:00-04:00,57.87757877995861,58.27969554048482,57.26526089791512,57.45718002319336,15112800
2022-06-07 00:00:00-04:00,57.00935893094194,57.914122358163986,56.86313436258945,57.8044548034668,17886300
2022-06-08 00:00:00-04:00,57.56684114246559,57.767897744875924,57.17386196164858,57.47544860839844,10211500
2022-06-09 00:00:00-04:00,57.45717905885465,57.8958528319578,56.46102294297377,56.47930145263672,13382200
2022-06-10 00:00:00-04:00,55.75731580891263,56.561552799847995,55.25466899692899,56.12287902832031,14967600
2022-06-13 00:00:00-04:00,55.5196951625298,56.927108847798856,55.44658113335119,56.05889892578125,23064200
2022-06-14 00:00:00-04:00,55.90241721629638,56.049698268362825,53.99696706892415,54.52165603637695,24620000
2022-06-15 00:00:00-04:00,55.23044301122123,55.81956717484114,54.282321529861505,54.926673889160156,19684700
2022-06-16 00:00:00-04:00,53.97855590815047,54.78860344138553,53.61955856713073,54.37437438964844,15053800
2022-06-17 00:00:00-04:00,54.95428690587357,55.350105328624956,54.42959802203229,54.70574951171875,34781900
2022-06-21 00:00:00-04:00,54.7609922281932,56.040497079867855,54.3191455420792,55.87480545043945,17705000
2022-06-22 00:00:00-04:00,55.78274251488981,56.565175848357136,55.5250015874429,56.289024353027344,15207100
2022-06-23 00:00:00-04:00,56.42709878208956,56.98860881676885,56.362663549728666,56.960994720458984,17190900
2022-06-24 00:00:00-04:00,57.17270604990189,58.04718864260802,57.17270604990189,58.028778076171875,18147100
2022-06-27 00:00:00-04:00,57.97355770643163,58.258916274773746,57.65138150947858,57.909122467041016,12142100
2022-06-28 00:00:00-04:00,58.065605622894175,58.6915473935813,57.172712365124084,57.32919692993164,13150100
2022-06-29 00:00:00-04:00,57.56853213929127,58.0932210627084,57.46727576609552,57.74342727661133,11795500
2022-06-30 00:00:00-04:00,57.366022941136464,58.09322465592441,57.21874189232119,57.909122467041016,15514200
2022-07-01 00:00:00-04:00,58.102422725509896,59.326695670347554,57.82627122386249,59.26226043701172,15143200
2022-07-05 00:00:00-04:00,59.07816432037722,59.07816432037722,57.458069354437285,58.24970626831055,15921200
2022-07-06 00:00:00-04:00,58.544268461095456,58.99531511471384,58.16686057254543,58.3693733215332,13450500
2022-07-07 00:00:00-04:00,58.23129866399406,58.5258642730818,57.71581674886919,57.909122467041016,14828400
2022-07-08 00:00:00-04:00,58.01958178685229,58.3785791202294,57.88150778018418,58.1208381652832,11311500
2022-07-11 00:00:00-04:00,57.98276142402535,58.415397504929985,57.61455706736137,57.93673324584961,12702100
2022-07-12 00:00:00-04:00,57.9919633876704,58.40619239987371,57.50409561299588,57.688194274902344,14731100
2022-07-13 00:00:00-04:00,57.375224724509195,57.991962962580196,57.05304504562074,57.42124938964844,13145300
2022-07-14 00:00:00-04:00,56.45472595368565,57.30159115758332,56.42710834124036,57.23715591430664,14433000
2022-07-15 00:00:00-04:00,57.761842254638665,57.964355016488575,57.13589691024553,57.531715393066406,21968400
2022-07-18 00:00:00-04:00,57.55011942631369,57.586940562732515,56.620405044750896,56.7492790222168,10780800
2022-07-19 00:00:00-04:00,57.15430797085513,57.669793409323795,57.00702691864369,57.559329986572266,10998200
2022-07-20 00:00:00-04:00,57.43966026271919,57.60535186726498,56.28902607084947,56.611202239990234,11010500
2022-07-21 00:00:00-04:00,56.3902812908854,56.96099840219477,55.957645204420785,56.48233413696289,11959600
2022-07-22 00:00:00-04:00,56.500744127607355,56.951790778668716,56.445512420526434,56.69404983520508,11644700
2022-07-25 00:00:00-04:00,56.65722898340244,57.347609523845506,56.43630917687659,57.24635314941406,14941700
2022-07-26 00:00:00-04:00,57.7618358663865,58.728367875803585,57.55932312693377,58.18526840209961,20118000
2022-07-27 00:00:00-04:00,57.88150767545613,58.166862728928216,56.878154445071786,58.00117111206055,12142900
2022-07-28 00:00:00-04:00,57.91832684581701,59.142603435109415,57.890712746089505,58.96770477294922,10837000
2022-07-29 00:00:00-04:00,58.64552193308027,59.1794178770944,58.57188317165647,59.06895446777344,13734200
2022-08-01 00:00:00-04:00,58.99531769444399,59.86980396486556,58.94008949609197,59.391136169433594,12831500
2022-08-02 00:00:00-04:00,59.455560477108214,59.464767516112204,58.38777570877522,58.58108139038086,15241900
2022-08-03 00:00:00-04:00,58.498242298944454,59.00452064701782,58.277322497928445,58.838829040527344,11317000
2022-08-04 00:00:00-04:00,58.58108188955247,58.66392768401175,57.91831553387824,58.60869598388672,11795600
2022-08-05 00:00:00-04:00,58.571885573029,58.571885573029,57.688195819515336,58.341758728027344,10445400
2022-08-08 00:00:00-04:00,58.45221560181467,58.73757413895586,57.76183510258064,57.96434783935547,9165200
2022-08-09 00:00:00-04:00,58.15766515978801,58.27733212011313,57.853895993914435,58.03799819946289,7910900
2022-08-10 00:00:00-04:00,58.57188331601181,58.719164350679236,58.08401203561725,58.590293884277344,8857300
2022-08-11 00:00:00-04:00,58.62711315760313,58.90326817789317,58.06560661127385,58.19447708129883,8507800
2022-08-12 00:00:00-04:00,58.38778460236727,58.691550218094584,58.074811946233545,58.636322021484375,9489300
2022-08-15 00:00:00-04:00,58.581089526057504,59.54762509123011,58.51665428990693,59.37272644042969,9863300
2022-08-16 00:00:00-04:00,59.43716313759662,60.04470139873356,59.216243325780546,59.860595703125,9569600
2022-08-17 00:00:00-04:00,59.6764939518588,60.035491261132904,59.61205871744842,59.72251510620117,8144000
2022-08-18 00:00:00-04:00,59.796161859642126,60.15515919580671,59.56603500195127,60.03549575805664,6532000
2022-08-19 00:00:00-04:00,60.02628112677916,60.26561499492899,59.79615429818873,59.98945999145508,8921100
2022-08-22 00:00:00-04:00,59.68568935072526,59.75933161947149,58.9032630697648,59.09656524658203,9087900
2022-08-23 00:00:00-04:00,58.74678141071984,59.25306328491837,58.617910937817314,59.161006927490234,8443800
2022-08-24 00:00:00-04:00,59.1333911107503,59.44636726649858,58.95849948713089,59.24385452270508,6844700
2022-08-25 00:00:00-04:00,59.24384651058549,59.56602263990694,58.82041402306117,59.52920150756836,7913900
2022-08-26 00:00:00-04:00,59.58444420097315,59.648879434930116,57.97355281767848,58.09321975708008,10089500
2022-08-29 00:00:00-04:00,57.70660613882069,58.01957878712713,57.4488651972002,57.74342727661133,9115900
2022-08-30 00:00:00-04:00,57.90911773828775,57.90911773828775,57.06225265461767,57.20953369140625,8456800
2022-08-31 00:00:00-04:00,57.421253821049795,57.5593278271232,56.79530849477041,56.80451202392578,14633600
2022-09-01 00:00:00-04:00,56.684849288343685,57.10828186386789,56.41790129059518,57.07146072387695,14939700
2022-09-02 00:00:00-04:00,57.4304514701123,57.780245236973656,56.05889752167638,56.289024353027344,11809800
2022-09-06 00:00:00-04:00,56.41789913661107,57.04384444673021,56.14174762013664,56.31664276123047,12181800
2022-09-07 00:00:00-04:00,56.44551525327603,57.522510770933124,56.44551525327603,57.35681915283203,13290700
2022-09-08 00:00:00-04:00,57.14509765811355,57.34760688620522,56.463920677831965,57.181915283203125,17193500
2022-09-09 00:00:00-04:00,57.22794268970133,57.88150560461089,56.94258764643848,57.36602020263672,11855900
2022-09-12 00:00:00-04:00,57.467280152742745,57.817073965540615,57.319999101794785,57.531715393066406,13026900
2022-09-13 00:00:00-04:00,57.25555553728598,57.27396610490998,55.48817967140582,55.66307830810547,18532800
2022-09-14 00:00:00-04:00,55.81956409706496,56.224589570814125,55.63546192822051,55.9576416015625,12881600
2022-09-15 00:00:00-04:00,56.00400558465341,56.00400558465341,55.03969737919281,55.197322845458984,11451900
2022-09-16 00:00:00-04:00,55.3178616162999,55.4476716545625,54.807892092957616,55.20659637451172,20493500
2022-09-19 00:00:00-04:00,55.067518429818996,55.725842862739725,54.91916357821632,55.62385177612305,12596200
2022-09-20 00:00:00-04:00,55.33640841251103,55.66093351989513,55.00260913802544,55.54039764404297,11984600
2022-09-21 00:00:00-04:00,55.76293354628717,56.28217730554188,55.06751950265295,55.0767936706543,14165300
2022-09-22 00:00:00-04:00,55.21586996572147,55.382769605884526,54.891344852659095,54.94697570800781,11657600
2022-09-23 00:00:00-04:00,54.668805964546124,54.79861599824168,53.77867698744105,54.33500671386719,14824000
2022-09-26 00:00:00-04:00,54.233016341866815,54.30719198905313,53.49123864765455,53.658138275146484,18670100
2022-09-27 00:00:00-04:00,53.85286478094445,54.12175552070882,52.21168722741361,52.27659225463867,23829300
2022-09-28 00:00:00-04:00,52.536206585921796,53.08326571026979,51.84079262465188,52.832916259765625,21480100
2022-09-29 00:00:00-04:00,52.93491676165381,53.12036121269901,51.9242482173691,52.452762603759766,14570700
2022-09-30 00:00:00-04:00,52.73092544990844,52.97200428795813,51.92424618702217,51.94279098510742,16124600
2022-10-03 00:00:00-04:00,52.258041332079436,52.71237646941433,51.97987645698852,52.52693557739258,16277600
2022-10-04 00:00:00-04:00,52.80509373483278,53.60250220249306,52.35075511823872,52.647464752197266,18861400
2022-10-05 00:00:00-04:00,52.3878533978784,52.52693760933331,51.469905383804566,52.14677810668945,14324900
2022-10-06 00:00:00-04:00,51.92424065132266,52.01696109480532,50.87648266208932,51.024837493896484,17192800
2022-10-07 00:00:00-04:00,50.98775837008245,51.080478826169646,50.301614969037686,50.54269027709961,11479800
2022-10-10 00:00:00-04:00,50.62613060133725,50.95992983990056,50.0883456902526,50.43141555786133,10239100
2022-10-11 00:00:00-04:00,50.496324893205724,51.20101302092855,50.292339203229794,50.514869689941406,14303900
2022-10-12 00:00:00-04:00,51.21028468785619,51.96133305409899,51.034114420886915,51.126834869384766,18377400
2022-10-13 00:00:00-04:00,50.5148662724669,51.998418077430486,50.31087705923311,51.8036994934082,16220700
2022-10-14 00:00:00-04:00,52.19313119449174,52.360030810592065,50.94138407373936,50.97847366333008,15997900
2022-10-17 00:00:00-04:00,51.58116801034823,52.128227086610046,51.52553362499587,51.63679885864258,13721400
2022-10-18 00:00:00-04:00,52.211682295025646,52.64747264564538,52.016963694686645,52.332218170166016,11823100
2022-10-19 00:00:00-04:00,52.21168226784542,52.4249421280501,51.67389376528361,51.88715362548828,10182300
2022-10-20 00:00:00-04:00,51.71098087433192,51.850061539751344,50.959932547657516,51.07120132446289,16905100
2022-10-21 00:00:00-04:00,50.997024590618764,52.02623783464968,50.98775396063524,51.88715362548828,15034100
2022-10-24 00:00:00-04:00,52.51766453982794,53.528333024623755,52.452759516341295,53.37997817993164,17416700
2022-10-25 00:00:00-04:00,54.742988086191914,54.8078931065235,53.5468752194098,54.65953826904297,28829900
2022-10-26 00:00:00-04:00,54.715168451116924,55.42912720306291,54.576087782280666,55.06751251220703,15831400
2022-10-27 00:00:00-04:00,55.419856868664624,55.48476188854579,55.058242175881475,55.197322845458984,16026100
2022-10-28 00:00:00-04:00,55.23441398111547,56.47688709748227,55.14169353214149,56.33780288696289,12888900
2022-10-31 00:00:00-04:00,56.10599411348707,56.1616285010271,55.327130373217344,55.4940299987793,14016400
2022-11-01 00:00:00-04:00,55.6609272525084,55.90200605118417,55.048963163877744,55.299312591552734,10659500
2022-11-02 00:00:00-04:00,55.2993098086914,55.84636885562351,54.49263071815008,54.529720306396484,14549200
2022-11-03 00:00:00-04:00,53.88067259385305,54.70589656939426,53.87139842724124,54.50190734863281,9194000
2022-11-04 00:00:00-04:00,54.98406530294593,55.25295956065958,54.29792548188307,54.94697570800781,9725900
2022-11-07 00:00:00-05:00,54.94697676686521,55.41986026879276,54.92843550609731,55.160240173339844,8849700
2022-11-08 00:00:00-05:00,55.40131413123916,55.4384037259951,54.650265754194294,55.262229919433594,10081600
2022-11-09 00:00:00-05:00,55.2529527366156,55.29931295603327,54.47408902440141,54.49263381958008,10115200
2022-11-10 00:00:00-05:00,55.86492503725251,56.59742863767236,55.33641067671124,56.449073791503906,16804800
2022-11-11 00:00:00-05:00,56.903400624711345,56.97757980545841,55.82782726328505,56.85704040527344,18972100
2022-11-14 00:00:00-05:00,56.85704523932003,57.22793410047267,56.29144131773849,56.30998611450195,16361000
2022-11-15 00:00:00-05:00,56.68087539409789,56.97758507038712,55.63311736010622,56.21726608276367,13295800
2022-11-16 00:00:00-05:00,56.36562197924075,56.58815247210678,55.90201265920171,56.115272521972656,14199500
2022-11-17 00:00:00-05:00,55.809284971090484,56.3192580189533,55.753654120093216,56.291439056396484,11212600
2022-11-18 00:00:00-05:00,56.55106292002308,56.90340343479736,56.37488912557774,56.69014358520508,10415600
2022-11-21 00:00:00-05:00,56.940498708823974,57.682272941654006,56.74578363590457,57.561737060546875,15399400
2022-11-22 00:00:00-05:00,57.923349166001664,57.95116459314769,57.53391550066535,57.81208038330078,12319600
2022-11-23 00:00:00-05:00,57.94189101365321,58.22005588212898,57.7657172185406,58.07170104980469,8990400
2022-11-25 00:00:00-05:00,58.16442418879082,58.23860337691932,57.83989908337451,58.12733459472656,5165500
2022-11-28 00:00:00-05:00,58.12733395683583,58.50749344917663,58.00679808303732,58.1366081237793,12267500
2022-11-29 00:00:00-05:00,57.96970296292409,58.01606318204678,57.46900410745983,57.932613372802734,10969600
2022-11-30 00:00:00-05:00,57.90460425947028,59.46404316598247,57.66181921957328,59.398677825927734,30433900
2022-12-01 00:00:00-05:00,59.398673892525714,59.86557118322358,59.23059058290299,59.56675720214844,12001400
2022-12-02 00:00:00-05:00,59.398673724539414,60.24842308657696,59.20257771791537,60.08967971801758,13643500
2022-12-05 00:00:00-05:00,59.21191537762811,59.576094701279885,59.07184476292649,59.2679443359375,9185100
2022-12-06 00:00:00-05:00,59.31463829788925,59.65080495148084,59.04383698670226,59.239933013916016,10099500
2022-12-07 00:00:00-05:00,59.24927513648699,59.50140013596156,59.062515481823155,59.333316802978516,12307600
2022-12-08 00:00:00-05:00,59.389338191337636,59.62278685335098,59.15588952932429,59.5854377746582,9946200
2022-12-09 00:00:00-05:00,59.39867386909186,59.6134461952709,58.9131002595004,58.95978927612305,13914900
2022-12-12 00:00:00-05:00,59.10919617245985,59.77219303116249,58.83839488947875,59.734840393066406,11647900
2022-12-13 00:00:00-05:00,60.31379276618124,60.41651074718545,59.57609770306203,59.75352096557617,17521600
2022-12-14 00:00:00-05:00,59.940280607207114,60.369825289457566,59.36132536193681,59.75352096557617,12826700
2022-12-15 00:00:00-05:00,59.38000277971029,59.66014046626196,58.35283007497285,58.93178176879883,12212300
2022-12-16 00:00:00-05:00,58.595611572265625,58.95979089894707,58.2034195472683,58.595611572265625,33631500
2022-12-19 00:00:00-05:00,58.67031297492005,59.21191195873073,58.33414636876138,58.679649353027344,10919700
2022-12-20 00:00:00-05:00,58.660977786625246,58.96913172128118,58.595612448148614,58.632965087890625,10286500
2022-12-21 00:00:00-05:00,58.894425941204055,59.80954779638608,58.894425941204055,59.57609558105469,10411300
2022-12-22 00:00:00-05:00,59.22125093942529,59.37999787137375,58.50223224282937,59.146549224853516,9666700
2022-12-23 00:00:00-05:00,59.29595834556184,59.64146135741919,59.01582067210605,59.59477233886719,6463300
2022-12-27 00:00:00-05:00,59.69749629234213,60.03366295899493,59.49206031557784,59.95895767211914,7320700
2022-12-28 00:00:00-05:00,60.192400960586156,60.3698242199571,59.286622592260095,59.361324310302734,7159400
2022-12-29 00:00:00-05:00,59.57610063599358,59.902930915473554,59.48272259165305,59.71617126464844,7169300
2022-12-30 00:00:00-05:00,59.688151885557566,59.688151885557566,58.9878059031336,59.398677825927734,7650200
2023-01-03 00:00:00-05:00,59.351990655758584,59.351990655758584,58.06335301054087,58.78237533569336,12180500
2023-01-04 00:00:00-05:00,58.96912845512887,59.13721176251443,58.37149693878932,58.75435256958008,13387900
2023-01-05 00:00:00-05:00,58.45553931552622,58.6422989440584,57.96996926834361,58.08202362060547,9814700
2023-01-06 00:00:00-05:00,58.7450147883834,59.45469707650776,58.43686444029766,59.20257568359375,9990000
2023-01-09 00:00:00-05:00,59.10920276099895,59.50139838043611,58.43687301104728,58.46488571166992,9442600
2023-01-10 00:00:00-05:00,58.45553981731183,58.576934111221355,57.82055921213786,58.016658782958984,10134600
2023-01-11 00:00:00-05:00,58.250104782882914,58.418188086151716,57.34432293328365,57.904598236083984,10823000
2023-01-12 00:00:00-05:00,57.99798649825314,58.063351839025984,56.93346116321672,57.157569885253906,13907300
2023-01-13 00:00:00-05:00,56.68133691337783,57.39101929187833,56.57861893022056,57.363006591796875,13986400
2023-01-17 00:00:00-05:00,57.643143640694696,58.25011159146023,57.484400259132464,57.59645462036133,18327800
2023-01-18 00:00:00-05:00,57.43770196518377,57.512407240003775,55.72885976832716,55.85025405883789,19679400
2023-01-19 00:00:00-05:00,55.77555265700519,56.625305625298964,55.756876337003334,55.76621627807617,14894500
2023-01-20 00:00:00-05:00,55.76621602568764,56.11171903879888,55.46740203129785,56.10238265991211,14237700
2023-01-23 00:00:00-05:00,56.28913209793329,56.5599333615897,56.07435978742271,56.2424430847168,12613400
2023-01-24 00:00:00-05:00,56.10238253077834,57.755195875004596,55.84091761468125,56.541263580322266,10103300
2023-01-25 00:00:00-05:00,56.21444084096526,56.9054469141898,55.92496320577204,56.89611053466797,11265800
2023-01-26 00:00:00-05:00,56.78404998779297,57.0548477101736,56.55993772008303,56.78404998779297,11884800
2023-01-27 00:00:00-05:00,56.81206764465245,56.92412200721697,56.373183011570816,56.4852409362793,14087000
2023-01-30 00:00:00-05:00,56.531927138657025,57.12021518439843,56.45722185924262,56.62530517578125,15632000
2023-01-31 00:00:00-05:00,56.942790324701306,57.27895692729065,56.50390575330483,57.26028060913086,14344400
2023-02-01 00:00:00-05:00,57.09220335718601,57.503075275949506,56.60662972001159,57.26962661743164,12535400
2023-02-02 00:00:00-05:00,56.7747124258749,56.98014838303767,55.94363578047103,56.28913879394531,16947200
2023-02-03 00:00:00-05:00,56.354508553925946,56.41987389776162,55.308659490410996,55.86893844604492,15404400
2023-02-06 00:00:00-05:00,55.83158484127523,56.34517120348262,55.766219498565775,56.186424255371094,11330900
2023-02-07 00:00:00-05:00,55.719521207249166,56.251787398159124,55.59813047587696,56.093040466308594,14922700
2023-02-08 00:00:00-05:00,55.95297235380717,55.95297235380717,55.64482197913597,55.76621627807617,11012000
2023-02-09 00:00:00-05:00,56.167749892852214,56.32649327428762,55.65415998316373,55.67283630371094,12515300
2023-02-10 00:00:00-05:00,55.76621790644699,55.93430122922796,54.98183025418375,55.67283630371094,14420700
2023-02-13 00:00:00-05:00,55.93430582738354,56.737366304066754,55.77555887075421,56.58795928955078,16191800
2023-02-14 00:00:00-05:00,56.223768975637846,56.868089494623796,55.61680465569328,55.64481735229492,20505700
2023-02-15 00:00:00-05:00,55.93429494503814,55.96230764163978,55.30865074450112,55.64481735229492,13171400
2023-02-16 00:00:00-05:00,55.30865278474712,55.85959173181163,55.047191441104175,55.29931640625,16538300
2023-02-17 00:00:00-05:00,55.56077691019287,56.24244651877667,55.44872255920277,56.13972854614258,16814700
2023-02-21 00:00:00-05:00,56.01833893151878,56.24244763795857,55.766213965166266,55.84091567993164,14278300
2023-02-22 00:00:00-05:00,55.88760457720431,56.36384181112007,55.7942265434117,56.00899887084961,12409600
2023-02-23 00:00:00-05:00,56.03701194686775,56.41986758743193,55.85025587802175,56.111717224121094,12222800
2023-02-24 00:00:00-05:00,55.7288660060344,55.94363835196594,55.45806469771656,55.878273010253906,9736200
2023-02-27 00:00:00-05:00,56.195762899841284,56.307817261593264,55.784894531988066,55.859596252441406,8849800
2023-02-28 00:00:00-05:00,55.7475412133804,55.7475412133804,55.2246149279846,55.57011795043945,16082200
2023-03-01 00:00:00-05:00,55.21527499065328,55.26196400762861,54.50558910891097,54.96315002441406,13275800
2023-03-02 00:00:00-05:00,54.94447600871329,55.822241675937946,54.90712336870956,55.76621627807617,11758300
2023-03-03 00:00:00-05:00,55.60747109497469,55.728865397747995,55.28998076920569,55.50475311279297,13101800
2023-03-06 00:00:00-05:00,55.336665824427705,56.38251832975136,55.29931674806475,56.36384201049805,16282700
2023-03-07 00:00:00-05:00,56.485238563284035,56.559940281140776,55.794228971854196,56.03701400756836,13961200
2023-03-08 00:00:00-05:00,56.065025329589844,56.33582660251987,55.77554773830497,56.065025329589844,10851600
2023-03-09 00:00:00-05:00,56.53192204965762,56.53192204965762,55.355338939803154,55.52342224121094,13900900
2023-03-10 00:00:00-05:00,55.74753895378692,56.1584072999947,55.084545635311734,55.28997802734375,13745800
2023-03-13 00:00:00-04:00,55.36468045893855,56.84007401519799,55.32732782152855,55.85025405883789,21956000
2023-03-14 00:00:00-04:00,56.027670440651875,56.457215059115796,55.4207025860208,56.05568313598633,19496900
2023-03-15 00:00:00-04:00,55.49541601816415,56.475899682646904,55.31799631804719,56.4292106628418,21089900
2023-03-16 00:00:00-04:00,56.542119237037056,56.77735854097056,56.175146497215486,56.73971939086914,15658300
2023-03-17 00:00:00-04:00,56.749131968341906,56.78676752963643,56.11868875622117,56.476253509521484,27351200
2023-03-20 00:00:00-04:00,56.607994671454435,57.02201461791992,56.4292140651445,57.02201461791992,12904100
2023-03-21 00:00:00-04:00,56.993784250493334,57.163156854255924,56.34452499571495,56.758544921875,13716500
2023-03-22 00:00:00-04:00,56.833823298125324,57.27607079562033,56.48566650693627,56.504486083984375,10494200
2023-03-23 00:00:00-04:00,56.54212479569128,56.82441127026968,56.193971596693494,56.38216018676758,15479000
2023-03-24 00:00:00-04:00,56.69267474789487,57.4172122666953,56.372749136859184,57.304298400878906,12975600
2023-03-27 00:00:00-04:00,57.53012582118986,57.85005143049428,57.351345235492445,57.727725982666016,12777400
2023-03-28 00:00:00-04:00,57.76537060344167,58.09470782655059,57.652456727545626,57.79359817504883,10925700
2023-03-29 00:00:00-04:00,58.075885266687045,58.29230501331899,57.95355981355866,58.207618713378906,9441000
2023-03-30 00:00:00-04:00,58.22643519865335,58.42403535820028,58.01942345657541,58.198204040527344,9870700
2023-03-31 00:00:00-04:00,58.395811573773834,58.57459216931131,58.217027388769104,58.36758041381836,14440900
2023-04-03 00:00:00-04:00,58.621630889220235,58.82864261495336,58.207611027220715,58.715728759765625,12300700
2023-04-04 00:00:00-04:00,58.70632557415073,59.03566278396128,58.414631107408745,58.53695297241211,11433400
2023-04-05 00:00:00-04:00,58.83805840960789,59.29912906275463,58.80983083943447,59.09211730957031,12789600
2023-04-06 00:00:00-04:00,59.148572688331434,59.3179452787106,58.69691364380931,59.12975311279297,9644200
2023-04-10 00:00:00-04:00,58.80042453614003,58.98861312866211,58.35817344688505,58.98861312866211,7952600
2023-04-11 00:00:00-04:00,58.95097185195086,59.0074269884505,58.71573254462379,58.88510513305664,9913000
2023-04-12 00:00:00-04:00,58.79101295283353,59.308538761203884,58.631051931296305,58.98861312866211,9593700
2023-04-13 00:00:00-04:00,59.05447901835365,59.43086337700684,58.79101212097678,59.42145538330078,9871400
2023-04-14 00:00:00-04:00,59.32735824584961,59.421456131431256,59.07329933898014,59.32735824584961,8946000
2023-04-17 00:00:00-04:00,59.58141657534364,59.779016748949275,59.4120439724053,59.71315002441406,9452400
2023-04-18 00:00:00-04:00,59.76019642538454,59.844882725795664,59.459090377137734,59.807247161865234,9035700
2023-04-19 00:00:00-04:00,59.9672055311661,60.061303410504436,59.68491907208524,59.92015838623047,9769500
2023-04-20 00:00:00-04:00,59.873110244598365,60.22126341868689,59.69432607156525,60.183624267578125,10706400
2023-04-21 00:00:00-04:00,60.22126362778943,60.47531892498819,60.03307146105919,60.268314361572266,12931100
2023-04-24 00:00:00-04:00,60.92698617325859,61.152813918857014,59.8637034017864,60.17422103881836,15532300
2023-04-25 00:00:00-04:00,60.38122995889091,60.38122995889091,59.87311573023671,60.08012390136719,12818900
2023-04-26 00:00:00-04:00,59.807247886908065,60.00484806044044,59.64728327776238,59.79783630371094,13179600
2023-04-27 00:00:00-04:00,59.7790133619565,59.99543310023407,59.38381303713671,59.92015838623047,13795800
2023-04-28 00:00:00-04:00,59.85429748429709,60.371826897303045,59.73197202399865,60.3624153137207,13686700
2023-05-01 00:00:00-04:00,60.362410271645714,60.87052805862622,60.277720384348505,60.50355529785156,9091500
2023-05-02 00:00:00-04:00,60.352996600032256,60.352996600032256,59.5343648089857,60.230674743652344,10948400
2023-05-03 00:00:00-04:00,60.2400830468324,60.39063966036996,59.82606671747304,59.89193344116211,11084600
2023-05-04 00:00:00-04:00,59.97662139605901,60.15540199536586,59.76019805286212,59.957801818847656,11938300
2023-05-05 00:00:00-04:00,59.882520605836575,60.41886596721293,59.87311261242083,60.240081787109375,9037300
2023-05-08 00:00:00-04:00,60.04248236911294,60.27771808804943,59.854290204496756,60.1459846496582,7240700
2023-05-09 00:00:00-04:00,59.882524797424125,59.986030679578185,59.54377957927172,59.64728546142578,9067700
2023-05-10 00:00:00-04:00,59.58142084196415,59.882526915535095,59.27090677398616,59.75079345703125,10134000
2023-05-11 00:00:00-04:00,59.82606406176338,60.15539766558943,59.28971512351271,60.08953094482422,9581500
2023-05-12 00:00:00-04:00,60.08953636058987,60.400054006012624,59.93898332963358,60.32477569580078,8739600
2023-05-15 00:00:00-04:00,60.42828450439632,60.45651207735924,59.948394227221286,60.16481399536133,8150000
2023-05-16 00:00:00-04:00,60.127171179071375,60.127171179071375,59.43086121770222,59.48731994628906,9129600
2023-05-17 00:00:00-04:00,59.656694710092204,59.67551069750432,59.02625144776821,59.42145538330078,11583000
2023-05-18 00:00:00-04:00,59.289717479718675,59.317948639359315,58.87569756281726,59.09211730957031,13595100
2023-05-19 00:00:00-04:00,59.31794623146311,59.37440136951827,58.91333432455485,59.12034606933594,14242100
2023-05-22 00:00:00-04:00,59.08270839735064,59.157983113131756,57.81241391728978,57.87828063964844,15055400
2023-05-23 00:00:00-04:00,57.878274919329094,58.02882792547878,57.55834933257767,57.77477264404297,13932700
2023-05-24 00:00:00-04:00,57.75596298765829,57.80301013713415,57.13493128196164,57.285484313964844,11090100
2023-05-25 00:00:00-04:00,56.89968611373991,57.144333419622114,56.598580080592406,56.84322738647461,14463600
2023-05-26 00:00:00-04:00,56.880867766447636,57.05964835578166,56.56094215063556,56.702083587646484,12570300
2023-05-30 00:00:00-04:00,56.542125306491414,56.645631185647595,56.00577992310694,56.25042724609375,15634200
2023-05-31 00:00:00-04:00,56.3821633562579,56.72090858058125,55.86463752552721,56.137516021728516,59432200
2023-06-01 00:00:00-04:00,56.40098069097658,56.61740044469383,56.241019668890175,56.45743942260742,13402700
2023-06-02 00:00:00-04:00,56.71149498621623,57.69949939995138,56.53271439746303,57.548946380615234,15256300
2023-06-05 00:00:00-04:00,57.39839392140079,57.81241383124862,56.97496242867735,57.16315460205078,12915600
2023-06-06 00:00:00-04:00,57.35134614027262,57.38898529242389,56.57034988573571,56.7491340637207,10943500
2023-06-07 00:00:00-04:00,56.46684783169376,56.796185051094405,56.288067231082465,56.664451599121094,16817900
2023-06-08 00:00:00-04:00,56.579760040281776,56.84322691975585,56.438615018010935,56.80558776855469,15585900
2023-06-09 00:00:00-04:00,56.71149274191641,57.08787348062833,56.6173948651382,56.89968490600586,12581500
2023-06-12 00:00:00-04:00,57.01260169746121,57.06906042642847,56.47625633540728,56.65503692626953,14208900
2023-06-13 00:00:00-04:00,56.655035682948615,57.08787516046395,56.49507467191919,56.88086700439453,13397800
2023-06-14 00:00:00-04:00,57.14433333546451,57.473670526493166,57.022007887970034,57.266658782958984,14099700
2023-06-15 00:00:00-04:00,57.465764765727315,58.119968665609164,57.20977099182466,58.0536003112793,15271400
2023-06-16 00:00:00-04:00,58.404411057716445,58.94484120875407,58.29063724086758,58.47077941894531,26735800
2023-06-20 00:00:00-04:00,58.394925178022746,58.74572985231777,58.06308340731178,58.0820426940918,13971800
2023-06-21 00:00:00-04:00,58.12945510111664,58.51818560491319,57.81657259920992,58.243228912353516,13948700
2023-06-22 00:00:00-04:00,58.60351533896392,58.87846840754764,58.39492700980013,58.64143753051758,15193400
2023-06-23 00:00:00-04:00,58.72676728102676,58.755213444965825,58.00619502477544,58.0251579284668,25103600
2023-06-26 00:00:00-04:00,58.03463752833363,58.11048914304211,57.25717656159201,58.04412078857422,12856100
2023-06-27 00:00:00-04:00,58.04412881716716,58.17686554446292,57.81657755837117,57.92087173461914,9068500
2023-06-28 00:00:00-04:00,57.721764827352054,57.87346445617435,57.26666594088517,57.38043975830078,11173200
2023-06-29 00:00:00-04:00,57.09600131830396,57.21925477566152,56.6693449975931,56.906375885009766,17142300
2023-06-30 00:00:00-04:00,56.88741233544605,57.219254127347774,56.764155262680724,57.09600067138672,19737000
2023-07-03 00:00:00-04:00,57.077036573957706,57.48472997652059,56.91585369497033,57.43732452392578,9694500
2023-07-05 00:00:00-04:00,57.15288667414438,57.93034769903109,57.039112860376754,57.86397933959961,14716600
2023-07-06 00:00:00-04:00,57.57954092612587,57.85449761491372,57.3614729505782,57.41836166381836,12603900
2023-07-07 00:00:00-04:00,57.181329521458416,57.36147168420229,56.63141615602323,56.65985870361328,14565500
2023-07-10 00:00:00-04:00,56.85896908594276,57.02963161019024,56.07202482226777,56.23320770263672,15480600
2023-07-11 00:00:00-04:00,56.37542710965634,56.47024163758913,55.787591503690756,56.432315826416016,15970100
2023-07-12 00:00:00-04:00,56.65038269369262,56.93481903824988,56.36594634913537,56.735713958740234,14241300
2023-07-13 00:00:00-04:00,57.00118936250041,57.323551528589256,56.868452638252855,57.21925735473633,11269800
2023-07-14 00:00:00-04:00,57.02014677009681,57.87345936769819,56.97274131840876,57.74072265625,11631600
2023-07-17 00:00:00-04:00,57.60798262437915,57.93034476104214,57.35199246058585,57.655391693115234,10014300
2023-07-18 00:00:00-04:00,57.797604940534875,58.072561610478665,57.27613776371994,57.42783737182617,11152900
2023-07-19 00:00:00-04:00,57.61747053221095,58.58455702020409,57.532139265129075,58.44233703613281,12936000
2023-07-20 00:00:00-04:00,58.48026027817723,59.17239002885345,58.470777017360085,59.15342712402344,11563000
2023-07-21 00:00:00-04:00,59.21979527170586,59.42838360728916,59.01121055292683,59.20083236694336,12813200
2023-07-24 00:00:00-04:00,59.18186941755437,59.551640634938,59.162910129610424,59.21979522705078,10251100
2023-07-25 00:00:00-04:00,59.06809637205204,59.15342763612368,58.83106548483128,59.02069091796875,13422700
2023-07-26 00:00:00-04:00,58.650924322919685,59.8929638785972,58.205305089891006,59.77919006347656,17145500
2023-07-27 00:00:00-04:00,59.779188303384856,59.98777663896815,59.14394726946011,59.20083236694336,11517100
2023-07-28 00:00:00-04:00,59.343048433379295,59.51371094819042,58.99224376040266,59.23875427246094,9721800
2023-07-31 00:00:00-04:00,59.2103174744338,59.2103174744338,58.527667348909524,58.71729278564453,15577900
2023-08-01 00:00:00-04:00,58.86899297443706,59.124986773955875,58.4233737363705,58.56559371948242,9281600
2023-08-02 00:00:00-04:00,58.36648791286831,59.34305402659461,58.36648791286831,58.74573516845703,11059400
2023-08-03 00:00:00-04:00,58.66040502605218,58.89743592163468,58.338042863387805,58.44233703613281,8037400
2023-08-04 00:00:00-04:00,58.480262229799386,58.6793673119527,57.47524994109477,57.56058120727539,9356600
2023-08-07 00:00:00-04:00,57.63642736815382,58.14841491672743,57.5890219173905,58.01567459106445,6982600
2023-08-08 00:00:00-04:00,58.015675479868804,58.16737509471792,57.47524537591858,57.759681701660156,7956100
2023-08-09 00:00:00-04:00,57.750205557219296,58.432855673804724,57.59850593317857,57.892425537109375,7904100
2023-08-10 00:00:00-04:00,58.16737509471792,58.5276630362861,57.63642825114808,57.759681701660156,7870300
2023-08-11 00:00:00-04:00,57.68382906812302,58.02515407831134,57.54160910827661,57.996707916259766,8483400
2023-08-14 00:00:00-04:00,58.138936677107935,58.29063630273309,57.59850653476804,57.721763610839844,7176300
2023-08-15 00:00:00-04:00,57.54161541670781,57.74072410568233,57.238216178123295,57.333030700683594,7187400
2023-08-16 00:00:00-04:00,57.39939893680466,57.664872365804186,57.266662222304895,57.34251022338867,8372300
2023-08-17 00:00:00-04:00,57.437320545814906,57.85449356328165,57.31406348416184,57.465763092041016,12873500
2023-08-18 00:00:00-04:00,57.39939740984566,57.92086461013857,57.23821453452364,57.78812789916992,11082300
2023-08-21 00:00:00-04:00,57.70279838609943,57.7691667435924,57.190810813892874,57.29510498046875,8648500
2023-08-22 00:00:00-04:00,57.20977504133523,57.43732628429026,56.86844998530483,56.94430160522461,9412200
2023-08-23 00:00:00-04:00,57.07702993563748,57.304577528349405,57.03910413125091,57.14339828491211,7749500
2023-08-24 00:00:00-04:00,57.143406470617805,57.72176241154852,56.97274394323483,56.99170684814453,8955100
2023-08-25 00:00:00-04:00,57.27614598078544,57.42784561065511,56.89689509770902,57.25718307495117,7629200
2023-08-28 00:00:00-04:00,57.40887840320957,57.57954092612587,57.23821588029326,57.41836166381836,6254300
2023-08-29 00:00:00-04:00,57.418365615348606,57.48473397696084,57.0296350901322,57.36147689819336,8189600
2023-08-30 00:00:00-04:00,57.494209963829775,57.58902448639007,57.162368176879276,57.333030700683594,9447900
2023-08-31 00:00:00-04:00,57.17185005063436,57.333032936871454,56.70727153078348,56.726234436035156,14663500
2023-09-01 00:00:00-04:00,56.887411634382595,57.010668705628945,56.053061917706465,56.23320770263672,11257200
2023-09-05 00:00:00-04:00,56.17632058438413,56.24268894383146,55.62640718690129,55.76862716674805,12474600
2023-09-06 00:00:00-04:00,55.57900182229375,55.778110517761554,55.38937638779334,55.7307014465332,13923500
2023-09-07 00:00:00-04:00,55.89188605551356,56.09099114031768,55.27560427858145,55.30405044555664,17628600
2023-09-08 00:00:00-04:00,55.27560427858145,55.37989845161345,55.00064757091608,55.30405044555664,14312300
2023-09-11 00:00:00-04:00,55.370416876187114,55.92980991646519,55.20923399163022,55.82551574707031,14767400
2023-09-12 00:00:00-04:00,55.92981183604822,55.93929148049842,55.17131007507249,55.275604248046875,12292700
2023-09-13 00:00:00-04:00,55.370414447763785,55.63588787326817,55.31352573509678,55.4083366394043,12641400
2023-09-14 00:00:00-04:00,55.656810582953234,55.991285140251925,55.609025378625475,55.86705017089844,12311600
2023-09-15 00:00:00-04:00,55.819268041296134,56.039066126059076,55.188541992911404,55.370113372802734,55690500
2023-09-18 00:00:00-04:00,55.40834311038524,55.76193103605283,55.073868538199605,55.714149475097656,13617400
2023-09-19 00:00:00-04:00,55.675921813015336,55.80015678576708,55.35100210039495,55.59947204589844,11998900
2023-09-20 00:00:00-04:00,55.71414490500059,56.22063961697727,55.50390532494339,55.84793472290039,14766600
2023-09-21 00:00:00-04:00,55.781034163046684,55.82881571524193,54.873170089341876,54.987850189208984,15941800
2023-09-22 00:00:00-04:00,55.284100320310365,55.398780424990434,54.94962579540745,55.045188903808594,14644100
2023-09-25 00:00:00-04:00,54.85406531542877,54.940073575310585,54.22333929146178,54.471805572509766,12358800
2023-09-26 00:00:00-04:00,54.21378537467315,54.376247055068646,53.898424158786845,54.02265548706055,11194700
2023-09-27 00:00:00-04:00,53.91753099400084,54.02265260886211,53.21035518666008,53.468379974365234,13766300
2023-09-28 00:00:00-04:00,53.73595653581817,53.821964793457354,53.2294654883313,53.33458709716797,12484800
2023-09-29 00:00:00-04:00,53.64995059500027,53.77418556039939,53.15301437890294,53.497047424316406,12270000
2023-10-02 00:00:00-04:00,53.430146352170354,53.525709455763014,52.636962384954856,53.01921844482422,11792500
2023-10-03 00:00:00-04:00,52.71341473315342,52.97143950015141,52.35026835973044,52.44583511352539,13604200
2023-10-04 00:00:00-04:00,52.455391312401495,52.82809254801974,52.28337479665477,52.59873962402344,12100500
2023-10-05 00:00:00-04:00,52.31204906298924,52.51273379213198,49.92293472891134,50.056724548339844,29878100
2023-10-06 00:00:00-04:00,49.7318035684952,50.92636070467832,49.263535567091836,50.78301239013672,30292000
2023-10-09 00:00:00-04:00,50.6109956591739,50.79257067623359,49.79869826816696,50.5345458984375,15704700
2023-10-10 00:00:00-04:00,51.729104052163876,51.92023392603158,51.18438628121538,51.63353729248047,20909700
2023-10-11 00:00:00-04:00,51.815109606664514,51.87244601398057,50.66833406885713,51.327728271484375,21138900
2023-10-12 00:00:00-04:00,51.37550799394207,51.442406542589985,50.104501188610215,50.467647552490234,19330400
2023-10-13 00:00:00-04:00,50.40075704391213,51.05059278180733,50.30519028429583,50.54410171508789,14494600
2023-10-16 00:00:00-04:00,50.66833555450748,51.184385108476775,50.49631903651771,51.060150146484375,12816800
2023-10-17 00:00:00-04:00,50.94547522237598,51.700432579144156,50.849908461994524,51.6717643737793,16457200
2023-10-18 00:00:00-04:00,51.70043048128356,52.111358420501624,51.52841396507604,51.65264892578125,12809500
2023-10-19 00:00:00-04:00,51.75776732623098,52.33115324770707,51.47107436549294,51.93933868408203,16202200
2023-10-20 00:00:00-04:00,52.11136283273614,52.57963086550433,52.02535456735012,52.14958953857422,15674600
2023-10-23 00:00:00-04:00,51.96801316569707,52.45539085910173,51.65264834105367,51.68132019042969,21212700
2023-10-24 00:00:00-04:00,53.18168526860781,53.67861783022562,52.84720708250076,53.17212677001953,25290800
2023-10-25 00:00:00-04:00,53.286807236480186,53.72640706707816,53.0956809963499,53.63084030151367,16701000
2023-10-26 00:00:00-04:00,53.86975079483182,54.118220735407554,53.248583234391084,53.3059196472168,16228400
2023-10-27 00:00:00-04:00,53.08611905611974,53.64995017715626,52.65607775270221,52.78987121582031,13626500
2023-10-30 00:00:00-04:00,52.97144167784992,53.78373906825716,52.96188317932801,53.659507751464844,15014300
2023-10-31 00:00:00-04:00,54.060878167813975,54.20422648422324,53.65950871466662,53.98442840576172,16639400
2023-11-01 00:00:00-04:00,54.28067472646556,54.35712813187631,53.76462517644007,53.936641693115234,14110800
2023-11-02 00:00:00-04:00,53.99398064293385,54.615151789945934,53.860190831700216,54.55781173706055,13087200
2023-11-03 00:00:00-04:00,54.85406510232724,55.03563647448389,54.185112377567336,54.22333908081055,13956500
2023-11-06 00:00:00-05:00,54.26155929970523,54.739382128749476,54.22333624396084,54.44313430786133,12673200
2023-11-07 00:00:00-05:00,54.39534799411953,54.85406110864302,54.213776635182306,54.64381790161133,10449300
2023-11-08 00:00:00-05:00,54.777609804872796,54.9209581143368,54.39535007663475,54.55781173706055,13744000
2023-11-09 00:00:00-05:00,54.5004804837431,54.605602108256285,53.869754382163464,54.14689254760742,12021100
2023-11-10 00:00:00-05:00,54.3475759457527,54.40491600647063,53.57350517630756,54.20423126220703,11678900
2023-11-13 00:00:00-05:00,54.10865955617005,54.5673690635515,54.08954620434177,54.404911041259766,12798200
2023-11-14 00:00:00-05:00,54.49092541271786,54.701168660907946,54.290240664263415,54.56737518310547,12697100
2023-11-15 00:00:00-05:00,54.75849742436265,54.79672412696371,54.23289302284457,54.672489166259766,10201900
2023-11-16 00:00:00-05:00,54.71071355862853,54.97829317453904,54.290230784269305,54.615150451660156,16010400
2023-11-17 00:00:00-05:00,54.653377155765504,54.796725471286734,54.18511279666113,54.720272064208984,14475800
2023-11-20 00:00:00-05:00,54.51959054869476,55.026085286656745,54.43358228341814,54.854068756103516,13051000
2023-11-21 00:00:00-05:00,54.911409327249196,55.46568566666885,54.78717799227549,55.45612716674805,13891600
2023-11-22 00:00:00-05:00,55.675916110829135,55.94349938208149,55.551684796300215,55.828819274902344,11320600
2023-11-24 00:00:00-05:00,55.86705016673287,56.14418831161641,55.75237369645319,55.972171783447266,4816000
2023-11-27 00:00:00-05:00,55.943503581423435,56.086848257908905,55.68547878915047,55.86705017089844,16246500
2023-11-28 00:00:00-05:00,55.809714883146576,56.22064285925103,55.77148817711376,55.98173141479492,13739600
2023-11-29 00:00:00-05:00,55.98173316383593,56.06773778684782,55.52301996810919,55.647254943847656,11263600
2023-11-30 00:00:00-05:00,55.830267214182065,56.31189478574925,55.48349477472941,56.29262924194336,22727500
2023-12-01 00:00:00-05:00,56.12887951191611,56.533444921814194,56.0999830325025,56.48528289794922,15369600
2023-12-04 00:00:00-05:00,56.4371198531849,56.79352323277098,56.29263010967678,56.41785430908203,14942200
2023-12-05 00:00:00-05:00,56.39858465685909,56.66829858012629,56.27336046657528,56.50454330444336,11891500
2023-12-06 00:00:00-05:00,56.40822322729062,56.571974839948055,56.07108171815921,56.44675064086914,14868500
2023-12-07 00:00:00-05:00,56.51418038925019,56.726097707482744,56.244470111155636,56.58161163330078,11587900
2023-12-08 00:00:00-05:00,56.581610768160004,56.59124170314743,56.225203706668054,56.45638656616211,11177600
2023-12-11 00:00:00-05:00,56.66830749159515,56.91875223702034,56.350431498854235,56.87059020996094,14524800
2023-12-12 00:00:00-05:00,57.02470821271376,57.23662185668945,56.73573238945458,57.23662185668945,12899000
2023-12-13 00:00:00-05:00,57.26551656242982,57.81457167673833,57.08249574130926,57.72787857055664,16196800
2023-12-14 00:00:00-05:00,57.766417876469,57.83384544925759,56.610510854407586,56.87059020996094,22478300
2023-12-15 00:00:00-05:00,56.66830256021137,56.99580578552624,55.67614725139662,56.44675064086914,65172300
2023-12-18 00:00:00-05:00,56.63939725390514,57.30404560240955,56.46601104773238,56.851314544677734,16717700
2023-12-19 00:00:00-05:00,56.83205606145845,57.024707833860305,56.4852836060405,56.668304443359375,14612200
2023-12-20 00:00:00-05:00,56.35042622504025,56.51417783662221,55.45459864237234,55.49312973022461,17701000
2023-12-21 00:00:00-05:00,55.72431019574891,55.93622750930578,55.358275876275805,55.859169006347656,11725100
2023-12-22 00:00:00-05:00,55.984388335034346,56.31189523328394,55.88806428976608,56.177040100097656,9028500
2023-12-26 00:00:00-05:00,55.92659462953434,56.55270826445588,55.92659462953434,56.40822219848633,6422500
2023-12-27 00:00:00-05:00,56.485283917283255,56.610508121213506,56.25410472874874,56.552711486816406,8560100
2023-12-28 00:00:00-05:00,56.494915884236825,56.70682951805945,56.37932262084982,56.59123992919922,8400100
2023-12-29 00:00:00-05:00,56.58161219841118,56.812791389222006,56.47565353823664,56.76462936401367,9241600
2024-01-02 00:00:00-05:00,56.63940086650228,57.679718169892794,56.51417667082897,57.62192153930664,16322600
2024-01-03 00:00:00-05:00,57.72788223798687,57.98796157305468,57.56412694945077,57.756778717041016,14830600
2024-01-04 00:00:00-05:00,57.84346993115064,58.04575262694736,57.4678010176634,57.564125061035156,12912900
2024-01-05 00:00:00-05:00,57.60265262462396,57.747142355369824,56.91874240475002,57.4774284362793,10411400
2024-01-08 00:00:00-05:00,57.48706799439844,57.96869557231764,57.23661959614544,57.901268005371094,11554600
2024-01-09 00:00:00-05:00,57.78567622502232,57.93016228820488,57.42926918521334,57.79530715942383,10493700
2024-01-10 00:00:00-05:00,58.00723017535432,58.190247343223795,57.77604730715291,57.98796463012695,12258000
2024-01-11 00:00:00-05:00,58.03612419687103,58.045755131813124,57.496699976941805,57.6122932434082,13754200
2024-01-12 00:00:00-05:00,57.87237559324396,58.23840993252453,57.670089203662826,58.170982360839844,13216900
2024-01-16 00:00:00-05:00,58.170978724131736,58.209509812550415,57.65082005405999,57.78567886352539,11826900
2024-01-17 00:00:00-05:00,57.660454663428084,57.99759250077449,57.6219235750094,57.78567886352539,8982100
2024-01-18 00:00:00-05:00,57.49670125563553,58.01685994272172,57.34258057144632,57.949432373046875,10397700
2024-01-19 00:00:00-05:00,58.04575764119691,58.06502318644085,57.44854043674299,57.631561279296875,14193100
2024-01-22 00:00:00-05:00,57.56412830755842,57.862738738094755,57.25588694195244,57.38111114501953,14314300
2024-01-23 00:00:00-05:00,57.34257652446959,57.79530760992925,57.27514895955348,57.65081787109375,14481600
2024-01-24 00:00:00-05:00,57.60266170492212,57.61229631490475,56.72609959738409,56.745365142822266,16370500
2024-01-25 00:00:00-05:00,56.84168959726257,56.99581028733027,56.50455173602919,56.98617935180664,14899700
2024-01-26 00:00:00-05:00,57.07286789935085,57.3040507532033,56.95727830968802,57.18845748901367,13025100
2024-01-29 00:00:00-05:00,57.15955981480543,57.593025360134114,56.995804531224934,57.53522872924805,14547100
2024-01-30 00:00:00-05:00,57.650824166941085,57.81457946713958,57.265524278846975,57.69898986816406,22061500
2024-01-31 00:00:00-05:00,57.89164070762003,58.22878225945953,57.11140628454678,57.30405807495117,22837000
2024-02-01 00:00:00-05:00,57.38110640614893,58.76819243682211,57.17882371564949,58.739295959472656,15870900
2024-02-02 00:00:00-05:00,58.585181933757994,58.63334395964486,58.0168612094281,58.31547164916992,17543500
2024-02-05 00:00:00-05:00,58.16134247438352,58.16134247438352,57.679714936742606,57.83383560180664,12759600
2024-02-06 00:00:00-05:00,57.756780040502775,57.84347315417857,57.48706976441228,57.73751449584961,12775200
2024-02-07 00:00:00-05:00,57.862737365835926,57.99759250077449,57.73751316573861,57.78567886352539,10259900
2024-02-08 00:00:00-05:00,57.68935424050165,57.7664164214774,57.22699217822826,57.631561279296875,12874800
2024-02-09 00:00:00-05:00,57.28478211353259,57.390740762717066,56.86094751679469,57.37147521972656,15235300
2024-02-12 00:00:00-05:00,57.46779749796418,57.56412153543642,56.793518212078965,57.50632858276367,13516800
2024-02-13 00:00:00-05:00,57.3136791898007,58.431054973242645,56.629768941859226,57.169189453125,24195700
2024-02-14 00:00:00-05:00,56.99580733678595,57.400376423849465,56.870586808825706,57.11140060424805,15872500
2024-02-15 00:00:00-05:00,57.236619505000554,57.40037479198626,56.95727830289262,57.21735763549805,13695800
2024-02-16 00:00:00-05:00,57.1691944351608,57.42927377912581,56.7935254964981,57.207725524902344,13943300
2024-02-20 00:00:00-05:00,57.41000634749053,58.604444368534914,57.32331323568467,58.46958923339844,18339300
2024-02-21 00:00:00-05:00,58.748932309960985,59.02827350651593,58.59481163531708,58.98974609375,14378300
2024-02-22 00:00:00-05:00,58.748936412980996,58.99938114882085,58.27693974699856,58.90305709838867,12982800
2024-02-23 00:00:00-05:00,58.845255185981046,59.35577922163473,58.75856207855621,58.95121383666992,13612900
2024-02-26 00:00:00-05:00,58.98974909023819,59.01864556991217,58.43105931969521,58.47922134399414,10336100
2024-02-27 00:00:00-05:00,58.31546593767272,58.54664510909848,57.91089687588762,58.1228141784668,9931100
2024-02-28 00:00:00-05:00,58.15171431729287,58.26730758480978,57.8531075625248,58.18061447143555,8076500
2024-02-29 00:00:00-05:00,58.13244748763989,58.41179236617356,57.698985604877706,57.8145751953125,18152700
2024-03-01 00:00:00-05:00,57.698985945216485,57.698985945216485,57.1595617291276,57.34257888793945,10924800
2024-03-04 00:00:00-05:00,57.05360347906791,57.74714837975879,57.043972544125815,57.6122932434082,10150200
2024-03-05 00:00:00-05:00,57.70861953635675,57.901271313436546,57.23662286623761,57.332950592041016,12310000
2024-03-06 00:00:00-05:00,57.33295044342552,57.79531250250229,57.19809530217733,57.361846923828125,12378800
2024-03-07 00:00:00-05:00,57.49669604004267,57.573758212410354,57.06323418131764,57.255882263183594,13686900
2024-03-08 00:00:00-05:00,57.12103326980055,57.59302993991968,56.803160960966856,57.332950592041016,13237500
2024-03-11 00:00:00-04:00,57.58338911598784,58.074651278253306,57.39074103422461,58.0264892578125,14114300
2024-03-12 00:00:00-04:00,58.10355316274626,58.51775319123071,57.99759450319996,58.276939392089844,12684600
2024-03-13 00:00:00-04:00,58.642977761023815,58.960850067116226,58.565915581045665,58.8741569519043,13909500
2024-03-14 00:00:00-04:00,58.820754897483425,59.03436356545344,58.64598181210545,58.74307632446289,13996600
2024-03-15 00:00:00-04:00,58.277016563859256,58.69452963810237,57.90805074626618,58.141082763671875,36848900
2024-03-18 00:00:00-04:00,58.1507913747995,58.6459830282789,58.06340483029833,58.38382339477539,15856700
2024-03-19 00:00:00-04:00,58.49063055822735,58.59743304424893,58.31585746631079,58.480918884277344,15030600
2024-03-20 00:00:00-04:00,58.432370080444926,59.04407588597013,58.41295043697701,58.985816955566406,15258800
2024-03-21 00:00:00-04:00,58.801337657099815,59.21885074435097,58.56830563243376,58.713951110839844,13067100
2024-03-22 00:00:00-04:00,58.7624955326298,59.024655158755685,58.67510899058784,58.733367919921875,11501400
2024-03-25 00:00:00-04:00,58.723659522518766,58.94697987488069,58.37411333485022,58.6459846496582,13144700
2024-03-26 00:00:00-04:00,58.74308209639224,58.946982814728514,58.626567929331316,58.78192138671875,13277400
2024-03-27 00:00:00-04:00,59.02465829311607,59.64607209000504,58.93727174643366,59.257686614990234,12551200
2024-03-28 00:00:00-04:00,59.36448865632418,59.48100280911709,59.22855486074609,59.40332794189453,13683500
2024-04-01 00:00:00-04:00,59.40332662681484,59.51984077702835,58.86929942575838,58.9178466796875,11668700
2024-04-02 00:00:00-04:00,58.69452743675106,58.96639502692936,58.364400918426774,58.40324020385742,13017300
2024-04-03 00:00:00-04:00,58.30614560153194,58.63627214030295,58.0439859645151,58.09253692626953,13672900
2024-04-04 00:00:00-04:00,58.344978185342484,58.40323711040265,57.451693187342926,57.577919006347656,14320700
2024-04-05 00:00:00-04:00,57.52937805753507,57.94689113975132,57.199251520524975,57.78182601928711,10156200
2024-04-08 00:00:00-04:00,57.67502726311535,57.74299416890133,57.35460867533695,57.54880142211914,10284500
2024-04-09 00:00:00-04:00,57.75269720053557,58.00514886093863,57.41286270066791,57.9857292175293,10792100
2024-04-10 00:00:00-04:00,57.597343128228175,57.665310027459526,56.98563733122782,57.20895767211914,11861900
2024-04-11 00:00:00-04:00,57.43228422486509,57.64589290152647,57.08273803988673,57.33518600463867,11109000
2024-04-12 00:00:00-04:00,57.23808856613909,57.29634379138245,56.441901720522246,56.58754348754883,12246700
2024-04-15 00:00:00-04:00,56.90796292422975,57.102155653860365,56.354516052329366,56.45161056518555,12425000
2024-04-16 00:00:00-04:00,56.55841292828862,56.6846387496033,56.24770606345095,56.373931884765625,11236800
2024-04-17 00:00:00-04:00,56.58754315693582,56.8594144541831,56.41277007439049,56.81086349487305,13805100
2024-04-18 00:00:00-04:00,56.917673795154265,57.26721998552278,56.83999892169373,57.19925308227539,11125900
2024-04-19 00:00:00-04:00,57.38373393452184,58.6071455962673,57.28663941707722,58.42266082763672,21206200
2024-04-22 00:00:00-04:00,58.39352874453747,58.86930073301121,57.985727357775524,58.791622161865234,15624500
2024-04-23 00:00:00-04:00,58.77220306247202,58.917848532758256,58.38382131490569,58.87900924682617,13689100
2024-04-24 00:00:00-04:00,58.56830438216643,59.85968290445003,58.10224404670177,59.7625846862793,19548300
2024-04-25 00:00:00-04:00,60.07329320660886,60.77238558073407,59.58781321433712,59.94707107543945,19048500
2024-04-26 00:00:00-04:00,59.76258630786842,60.13155213909209,59.568393570176035,59.94707107543945,10994300
2024-04-29 00:00:00-04:00,60.121839680499335,60.24806551393997,59.743165884095774,60.23835754394531,13409300
2024-04-30 00:00:00-04:00,60.335450431866626,61.00541516489282,59.68490904614245,59.9761962890625,19349200
2024-05-01 00:00:00-04:00,60.00532400495351,60.75296360887705,59.43245748786498,60.13154983520508,16729800
2024-05-02 00:00:00-04:00,60.37428894575251,60.58790131632117,59.92764826539822,60.1898078918457,10991300
2024-05-03 00:00:00-04:00,60.18980506021495,60.51993157014562,59.849966877214484,60.36457443237305,11628700
2024-05-06 00:00:00-04:00,60.49080515946105,60.56848373464553,60.10242339529362,60.53935241699219,9310700
2024-05-07 00:00:00-04:00,60.937443654924486,60.99570258420946,60.442255719715874,60.801509857177734,9807000
2024-05-08 00:00:00-04:00,61.02482986450195,61.14134772243725,60.665575728996885,61.02482986450195,10484400
2024-05-09 00:00:00-04:00,60.98599199686629,61.31611850747446,60.92773307008201,61.053958892822266,9113700
2024-05-10 00:00:00-04:00,61.09279751470576,61.52002225788885,60.966575389600045,61.42292404174805,8371700
2024-05-13 00:00:00-04:00,61.40351221427876,61.772474348566426,61.345253280693015,61.733638763427734,10137600
2024-05-14 00:00:00-04:00,61.73363068073619,61.90840005077421,60.9762794589542,61.2675666809082,10852200
2024-05-15 00:00:00-04:00,61.22873643770688,61.54915129860906,61.170477506670885,61.29670333862305,9838900
2024-05-16 00:00:00-04:00,61.40351104037505,61.879279358515014,61.23844591699702,61.48118591308594,10228000
2024-05-17 00:00:00-04:00,61.50060678368447,61.52973439854211,61.11222130062969,61.199607849121094,11539000
2024-05-20 00:00:00-04:00,61.10251019580957,61.18018506608479,60.64615783221847,60.75296401977539,11000900
2024-05-21 00:00:00-04:00,60.995705190138054,61.15105863761698,60.626739363406216,61.083091735839844,9796200
2024-05-22 00:00:00-04:00,60.88889953728843,61.18989846489664,60.84035227900798,61.17047882080078,7419400
2024-05-23 00:00:00-04:00,60.675288842513545,61.05396262999525,60.248064094447415,60.286903381347656,9834300
2024-05-24 00:00:00-04:00,60.41313249673206,60.60732153395563,60.170392496284144,60.199520111083984,8200700
2024-05-28 00:00:00-04:00,59.995614514036944,60.32574103591973,59.61694073680162,60.024742126464844,12347000
2024-05-29 00:00:00-04:00,59.68490948320952,60.08300291569638,59.296524020526505,59.90822982788086,11861800
2024-05-30 00:00:00-04:00,60.05386941115437,60.27719345161003,59.81112943179818,60.170387268066406,9436800
2024-05-31 00:00:00-04:00,60.18980754631761,61.199603056122136,59.89851660488047,61.102508544921875,19816600
2024-06-03 00:00:00-04:00,60.88889617557948,61.2578619851932,60.6364482241079,61.102508544921875,9369000
2024-06-04 00:00:00-04:00,61.36467116650426,62.11231079179416,61.11221949878644,62.08317947387695,11895600
2024-06-05 00:00:00-04:00,62.131733273760844,62.209408149278495,61.51031575002697,62.06376266479492,9632500
2024-06-06 00:00:00-04:00,62.06375862274389,62.490983373981805,61.986083752285,62.28708267211914,8658500
2024-06-07 00:00:00-04:00,62.22882365492574,62.35505319758582,61.956959740556385,62.054054260253906,9523100
2024-06-10 00:00:00-04:00,62.0831778541195,62.13172881474201,61.52973097907087,61.743343353271484,15687100
2024-06-11 00:00:00-04:00,61.7433413914095,61.80160031995441,61.23844178910804,61.70450210571289,8396000
2024-06-12 00:00:00-04:00,61.8404340328608,61.8404340328608,60.86947414329774,61.053958892822266,9569600
2024-06-13 00:00:00-04:00,61.03454077566817,61.209313856470125,60.636447359156634,61.1607666015625,9668900
2024-06-14 00:00:00-04:00,61.0384536575472,61.34178439320262,60.754689516156226,61.204795837402344,8179200
2024-06-17 00:00:00-04:00,61.02866524480428,61.5472695648568,60.842752742239405,61.27328872680664,10532700
2024-06-18 00:00:00-04:00,61.18522560522551,61.4689897470559,61.09716100026636,61.283077239990234,10651700
2024-06-20 00:00:00-04:00,61.058024228364395,61.39071232206179,60.61770120249164,60.84275436401367,13306300
2024-06-21 00:00:00-04:00,60.84275146409472,61.74296406727643,60.84275146409472,61.42006301879883,28282200
2024-06-24 00:00:00-04:00,61.63533375955572,62.68231822432228,61.55705245415743,62.59425735473633,13212500
2024-06-25 00:00:00-04:00,62.56490418004294,62.69210944348715,62.14415146705376,62.46705627441406,10546800
2024-06-26 00:00:00-04:00,62.03651999026445,62.7312498220765,61.87017407223916,62.672542572021484,9402500
2024-06-27 00:00:00-04:00,62.672545277427,62.88780769202658,62.251788815472636,62.535552978515625,8494100
2024-06-28 00:00:00-04:00,62.52576668295973,62.68232183746432,62.153937926200996,62.28114318847656,17358800
2024-07-01 00:00:00-04:00,62.65296838586994,62.9171659412198,61.762539012794704,61.919097900390625,10033400
2024-07-02 00:00:00-04:00,61.89952420194705,62.01694616074318,61.508128870600935,61.791893005371094,8878200
2024-07-03 00:00:00-04:00,61.83103291563279,62.30070957555534,61.576626124588266,61.96802520751953,9154200
2024-07-05 00:00:00-04:00,61.9680258921155,62.418132229598235,61.645121085231146,62.38877487182617,11735500
2024-07-08 00:00:00-04:00,62.222428317453044,62.222428317453044,61.48855787986678,61.60597610473633,11235100
2024-07-09 00:00:00-04:00,61.70383088611438,61.870173068783494,61.24393752729793,61.3417854309082,11657500
2024-07-10 00:00:00-04:00,61.37114390358872,61.50813246419629,60.95039119163216,61.47877883911133,11930400
2024-07-11 00:00:00-04:00,61.29285938476159,62.09522411145592,61.058022931057856,61.74296569824219,11431600
2024-07-12 00:00:00-04:00,62.0952264855676,62.731249059593935,62.02673220623039,62.3300666809082,9201500
2024-07-15 00:00:00-04:00,62.41813155099435,62.56490340762564,61.987591813162666,62.046302795410156,8207500
2024-07-16 00:00:00-04:00,62.0658745641187,62.926946594461285,62.02673390837811,62.8878059387207,9025100
2024-07-17 00:00:00-04:00,63.083510813092126,63.98372352194577,63.024803560654654,63.807594299316406,12508200
2024-07-18 00:00:00-04:00,63.40640905574905,64.39468254075719,63.32812775040697,63.788021087646484,11128200
2024-07-19 00:00:00-04:00,64.2283471171289,64.2283471171289,63.42598231632399,63.8858757019043,13775700
2024-07-22 00:00:00-04:00,63.846732706027524,63.8858733613788,62.93673299873125,63.377052307128906,11794200
2024-07-23 00:00:00-04:00,64.02285873892997,64.61974063905292,63.45533046253169,63.562965393066406,11810300
2024-07-24 00:00:00-04:00,63.69016700625281,64.5512464517285,63.43576395674073,64.39468383789062,13244600
2024-07-25 00:00:00-04:00,64.61974000449325,65.45145835156261,64.44361079855841,64.64909362792969,16328600
2024-07-26 00:00:00-04:00,64.64909720834481,65.66673184729218,64.5903899582206,65.60802459716797,13530100
2024-07-29 00:00:00-04:00,65.44166618512834,65.58844175610558,64.96220628756393,65.39274597167969,12140200
2024-07-30 00:00:00-04:00,65.05028227054835,66.37124763414633,64.93286030688674,66.22447204589844,13258000
2024-07-31 00:00:00-04:00,66.04834503063361,66.15597996790888,65.17748596745504,65.3046875,15576800
2024-08-01 00:00:00-04:00,65.55909036869757,66.6452191794938,65.26553921674122,66.49844360351562,16495900
2024-08-02 00:00:00-04:00,67.05619108961592,68.17167362684026,66.23425973179445,67.8389892578125,22514800
2024-08-05 00:00:00-04:00,67.50629603665578,68.054257729263,66.27339902525154,66.63543701171875,25484300
2024-08-06 00:00:00-04:00,66.68437287807039,67.35952871516383,66.31254035079843,66.5865249633789,12969100
2024-08-07 00:00:00-04:00,66.5865151558802,67.69221061313962,66.37124529607551,66.9876937866211,13365300
2024-08-08 00:00:00-04:00,66.5375957739839,67.37910125893906,66.39082017259548,67.25189971923828,15240900
2024-08-09 00:00:00-04:00,67.22253137697508,67.31059971443712,66.78221208561408,67.20296478271484,12080400
2024-08-12 00:00:00-04:00,66.97790317869767,67.06597150996556,66.37124175018586,66.70392608642578,11012300
2024-08-13 00:00:00-04:00,66.61586877943243,67.13446936969851,66.54737450270514,66.9876937866211,9877600
2024-08-14 00:00:00-04:00,66.7626539942021,67.4084562014683,66.66479861448896,67.1051254272461,14328000
2024-08-15 00:00:00-04:00,67.14426087644362,67.43780459685541,67.02683890908885,67.17361450195312,11285100
2024-08-16 00:00:00-04:00,67.35952312509801,67.80963693289584,67.16382731195553,67.69221496582031,12651200
2024-08-19 00:00:00-04:00,67.85855133650963,67.92704561176967,67.36930438027623,67.49651336669922,9843900
2024-08-20 00:00:00-04:00,67.50628929805143,67.89768833503885,67.29101945444256,67.88790130615234,11957400
2024-08-21 00:00:00-04:00,67.98576115164069,68.62177623024388,67.83898556991834,68.07382202148438,8792400
2024-08-22 00:00:00-04:00,68.41629712123712,68.41629712123712,67.3106016140773,67.8389892578125,12509200
2024-08-23 00:00:00-04:00,67.9074885646889,68.34780790107257,67.45738219751618,68.28910064697266,11834700
2024-08-26 00:00:00-04:00,68.32823947252956,69.39479437510225,68.23039156321452,69.31651306152344,12912200
2024-08-27 00:00:00-04:00,69.78618920829157,69.99167204487718,69.52199912277194,69.96231842041016,16988400
2024-08-28 00:00:00-04:00,70.06995114386211,70.26564694434819,69.7666204135138,70.20693969726562,13272600
2024-08-29 00:00:00-04:00,70.35372031711375,70.66683809949825,69.69813112670197,70.50049591064453,17201700
2024-08-30 00:00:00-04:00,70.64726331774281,71.00930878271434,70.23629763230491,70.91146087646484,18624200
2024-09-03 00:00:00-04:00,70.88210856570124,71.71382698222207,70.6961923146575,71.43984985351562,14755800
2024-09-04 00:00:00-04:00,71.72361025356673,71.94865968378775,70.36350424640267,70.99951934814453,18140800
2024-09-05 00:00:00-04:00,71.05823261862527,71.11693986613092,69.45350315406289,69.63941192626953,23866100
2024-09-06 00:00:00-04:00,69.46328605437856,70.12866226422341,69.36543814873127,69.61006164550781,17485700
2024-09-09 00:00:00-04:00,69.69813279289146,70.754900667879,69.45350928626449,70.30479431152344,12939300
2024-09-10 00:00:00-04:00,70.4222037243171,70.86252297159976,69.9818770117188,70.01123809814453,10277600
2024-09-11 00:00:00-04:00,69.82533057282372,69.83511760285108,69.05231943762583,69.55135345458984,11418200
2024-09-12 00:00:00-04:00,69.47307085204041,69.84489586767826,69.14038649046704,69.69812774658203,12340800
2024-09-13 00:00:00-04:00,69.79171432095534,70.41239646487209,69.43704847421158,70.35328674316406,11073800
2024-09-16 00:00:00-04:00,70.70795491222944,71.17100112480551,70.56018060310592,71.03307342529297,10786500
2024-09-17 00:00:00-04:00,70.83603702354844,71.27937499030348,70.65870033354723,70.73751831054688,12974400
2024-09-18 00:00:00-04:00,70.82618301178293,71.3089299678181,70.2153549637923,70.6882553100586,10719700
2024-09-19 00:00:00-04:00,70.50106664117116,70.87544828568139,69.55527343632299,69.57498168945312,13635600
2024-09-20 00:00:00-04:00,69.36809285245278,70.73752335537823,69.3385304715976,70.57988739013672,48578500
2024-09-23 00:00:00-04:00,70.49121951897723,71.1315949276258,70.12669200368039,70.6685562133789,11613000
2024-09-24 00:00:00-04:00,70.16609463614054,70.7572143917589,69.5552666293208,70.27446746826172,13330600
2024-09-25 00:00:00-04:00,70.648847236651,70.85573879191749,70.25476486240697,70.39269256591797,12329100
2024-09-26 00:00:00-04:00,69.81141954365262,70.5503210989271,69.79171129294126,70.34342956542969,10815200
2024-09-27 00:00:00-04:00,70.4813682055131,71.1315977666069,70.4025502234119,70.72766876220703,11175700
2024-09-30 00:00:00-04:00,70.93455092212051,71.13158833475043,70.62914067759549,70.79662322998047,18015300
2024-10-01 00:00:00-04:00,71.03307007650903,71.673452946339,70.57002388576281,70.64884185791016,13294500
2024-10-02 00:00:00-04:00,70.33357973235594,70.37298871968838,69.36808585044632,69.9592056274414,11155500
2024-10-03 00:00:00-04:00,69.81142834433979,69.93950192412781,69.1611912858092,69.47645568847656,9374800
2024-10-04 00:00:00-04:00,68.92473840365754,69.24000277677995,68.68829200293963,69.13162994384766,12684800
2024-10-07 00:00:00-04:00,69.01341115022765,69.06266674607163,67.850872354072,67.98880004882812,14512000
2024-10-08 00:00:00-04:00,68.01836044100003,68.41244282227737,67.84102374525003,68.15628814697266,13549700
2024-10-09 00:00:00-04:00,68.16613798039869,68.70799464359439,68.04791101851261,68.54051208496094,9037700
2024-10-10 00:00:00-04:00,68.79666930646215,68.87548728398845,67.96909557542821,68.22525024414062,8635200
2024-10-11 00:00:00-04:00,68.43213924902264,68.56021282036073,67.97894716986967,68.54051208496094,8786300
2024-10-14 00:00:00-04:00,68.54050812139388,69.42719149302484,68.44198941710053,69.29911041259766,7659300
2024-10-15 00:00:00-04:00,69.4173373676469,70.15623892459011,69.1217812547668,69.29911041259766,10358700
2024-10-16 00:00:00-04:00,69.05281075000383,69.65378462509051,68.93459130998379,69.52571105957031,7937300
2024-10-17 00:00:00-04:00,69.58482445662644,69.6439416962558,68.55036671931038,68.86563110351562,14674600
2024-10-18 00:00:00-04:00,68.8360715327359,69.50600924290225,68.57991688918824,69.39763641357422,15087500
2024-10-21 00:00:00-04:00,68.96415118175976,69.2892696984328,68.28435928626085,68.42228698730469,11981200
2024-10-22 00:00:00-04:00,67.97894902202033,68.71785064182491,67.66368463156356,68.42228698730469,18603300
2024-10-23 00:00:00-04:00,65.99869066076116,67.68338545409138,65.59476168332912,67.00360107421875,24655200
2024-10-24 00:00:00-04:00,66.6489269150314,67.03315515200552,65.95928090050396,66.30410766601562,17568800
2024-10-25 00:00:00-04:00,66.07750747181456,66.69818211635554,65.80165207424079,65.92972564697266,11138100
2024-10-28 00:00:00-04:00,65.96913543039524,66.40262678409455,65.61446205309505,65.68342590332031,10761400
2024-10-29 00:00:00-04:00,65.30904455105518,65.358300143473,64.55043476616868,64.58984375,16525900
2024-10-30 00:00:00-04:00,64.54059010040494,65.55534703599892,64.35339930069506,64.94451904296875,14177800
2024-10-31 00:00:00-04:00,64.8361527231792,65.01348941531636,64.29429603689614,64.34355163574219,13383700
2024-11-01 00:00:00-04:00,64.50118862673126,64.68837944824004,63.929769552175365,64.0479965209961,12163100
2024-11-04 00:00:00-05:00,64.11695240377621,64.4519174990536,63.6933152137814,64.1465072631836,10984500
2024-11-05 00:00:00-05:00,63.68347088625576,64.5011905326451,63.68347088625576,64.40267181396484,8780200
2024-11-06 00:00:00-05:00,63.466720615974715,63.90021196668604,62.24507205619248,62.75737762451172,22899300
2024-11-07 00:00:00-05:00,63.33864638662971,63.43716509718131,62.65885450578085,62.71796798706055,14856100
2024-11-08 00:00:00-05:00,62.96427072564921,63.2893854884479,62.79678816019946,62.97412109375,14719300
2024-11-11 00:00:00-05:00,63.043087466736395,63.17116479902244,62.314036219394225,62.42240905761719,13980900
2024-11-12 00:00:00-05:00,62.737674729651886,62.80663858115959,62.18596015934221,62.26477813720703,15021000
2024-11-13 00:00:00-05:00,62.116993119161286,62.323884663063964,61.56528233542081,62.06773376464844,13177600
2024-11-14 00:00:00-05:00,62.17610801770721,62.17610801770721,61.50617025795779,61.624393463134766,15910800
2024-11-15 00:00:00-05:00,61.56528328720919,61.70321098527665,60.481558679933066,60.82638168334961,26284300
2024-11-18 00:00:00-05:00,60.934752654696105,61.22046218571069,60.649046881929536,60.94460678100586,16079400
2024-11-19 00:00:00-05:00,60.98401119320304,61.69335414610396,60.71800617652229,61.66379928588867,16254800
2024-11-20 00:00:00-05:00,61.77217469481525,62.077584951775535,61.10223694150227,62.057884216308594,18904900
2024-11-21 00:00:00-05:00,62.21551999252593,62.86575328958934,62.018478802272256,62.816490173339844,17292300
2024-11-22 00:00:00-05:00,63.2893854884479,63.52583942184338,62.708119814300176,62.97412109375,19562200
2024-11-25 00:00:00-05:00,63.36820122059742,63.75242945312866,62.895304645309125,63.427310943603516,36805300
2024-11-26 00:00:00-05:00,63.358348924599724,63.68346744351539,63.11204838296593,63.59480285644531,14473300
2024-11-27 00:00:00-05:00,63.998729873704825,64.13665757147068,63.299237258893434,63.4765739440918,13263400
2024-11-29 00:00:00-05:00,63.55101863859875,63.779337107668994,63.302853798473386,63.6105842590332,10648400
2024-12-02 00:00:00-05:00,63.58080621763803,63.71978004495591,62.88592950754303,63.18373489379883,16500100
2024-12-03 00:00:00-05:00,63.2532231661843,63.61058660796545,62.56827530718612,63.0546875,24874500
2024-12-04 00:00:00-05:00,62.81644150848317,62.885928420941454,61.44655341708899,61.75428009033203,28137700
2024-12-05 00:00:00-05:00,62.012379232386465,62.65761540620329,61.645086929045426,62.45907974243164,21040400
2024-12-06 00:00:00-05:00,62.36974295141358,62.895859244043876,62.052083615893075,62.071937561035156,15581100
2024-12-09 00:00:00-05:00,62.230763128322884,62.46900667482543,61.44655315016421,62.141422271728516,22348300
2024-12-10 00:00:00-05:00,62.24069315977244,62.578202648033994,61.33735949806545,62.449153900146484,14949400
2024-12-11 00:00:00-05:00,62.53849671451278,63.16388274194872,61.94289349859953,62.18113327026367,32819000
2024-12-12 00:00:00-05:00,63.08446463798539,63.45175314805299,62.75688401731774,63.37234115600586,17542100
2024-12-13 00:00:00-05:00,63.10431996024005,63.37234253941142,62.647690582430826,62.657615661621094,13429000
2024-12-16 00:00:00-05:00,62.7668082088496,63.39219420442193,61.89325358816554,62.09178924560547,24559700
2024-12-17 00:00:00-05:00,61.99252439914688,63.08446485411712,61.8634756515313,62.93556594848633,21902400
2024-12-18 00:00:00-05:00,62.34988711471422,63.173804985974265,62.33003317017447,62.389591217041016,20946100
2024-12-19 00:00:00-05:00,62.24069564797139,62.707250116019146,61.942894037424274,61.99252700805664,21300600
2024-12-20 00:00:00-05:00,62.01237725468112,62.59805536141492,61.82376667607447,62.09178924560547,42458100
2024-12-23 00:00:00-05:00,62.04215836643879,62.30025207907193,61.07926285683075,61.923038482666016,13010800
2024-12-24 00:00:00-05:00,61.74435808011543,62.379669189453125,61.55574749113818,62.379669189453125,5019100
2024-12-26 00:00:00-05:00,62.16127771378733,62.28040138328494,61.942891893213954,62.11164474487305,7943800
2024-12-27 00:00:00-05:00,61.99252700805664,62.48886428788615,61.75428344756718,61.99252700805664,8542800
2024-12-30 00:00:00-05:00,61.883330136873035,61.883330136873035,61.22816510081723,61.575599670410156,8972200
2024-12-31 00:00:00-05:00,61.56567335544601,61.97266975169317,61.3472837522271,61.80391311645508,9256700
2025-01-02 00:00:00-05:00,61.893255754983585,62.290327083764495,61.16860379869834,61.386993408203125,12991000
2025-01-03 00:00:00-05:00,61.44655589480141,61.62523761597134,61.168604447007716,61.29765319824219,10403200
2025-01-06 00:00:00-05:00,61.04948416900671,61.11897108381982,60.215637404496505,60.364540100097656,17924200
2025-01-07 00:00:00-05:00,60.662340200337496,61.26787226019631,60.17592802195414,60.394317626953125,17799600
2025-01-08 00:00:00-05:00,60.543222908230796,61.317507851065805,60.48366107156929,61.2579460144043,14412400
2025-01-10 00:00:00-05:00,61.12890103230223,61.19838794834586,60.285125386875,60.62263488769531,22425000
2025-01-13 00:00:00-05:00,60.68219592875893,61.39691902537334,60.26527065121039,61.198387145996094,18016200
2025-01-14 00:00:00-05:00,61.20831194216533,61.61530835181086,60.85094850213456,61.58552932739258,16658300
2025-01-15 00:00:00-05:00,61.87340397115123,62.16127670086423,61.2281640255215,61.3175048828125,16187200
2025-01-16 00:00:00-05:00,60.9700693900409,61.84362405929883,60.870803449177615,61.79399108886719,12585500
2025-01-17 00:00:00-05:00,61.85355044666343,62.31017981513981,61.71457283357027,62.25061798095703,17948900
2025-01-21 00:00:00-05:00,62.43922895475683,62.766809577938204,61.843621969445486,61.96274185180664,19817100
2025-01-22 00:00:00-05:00,61.66494021387,61.83369685163256,61.20831084281117,61.327430725097656,18191900
2025-01-23 00:00:00-05:00,61.34728435361232,61.52596606949709,60.92043400863789,61.079261779785156,16528400
2025-01-24 00:00:00-05:00,61.267872088197464,61.55574481872562,60.989920649864665,61.46640396118164,19244600
2025-01-27 00:00:00-05:00,62.40944794678594,63.70985297152916,62.01238039852861,63.402122497558594,20742900
2025-01-28 00:00:00-05:00,63.04475639662816,63.57087646135838,61.8237672050419,61.90318298339844,14956000
2025-01-29 00:00:00-05:00,62.1017207661784,62.895859643136625,62.09179190016794,62.36974334716797,11325600
2025-01-30 00:00:00-05:00,63.38226728189863,63.81904649900702,62.76681013304467,63.580806732177734,13201000
2025-01-31 00:00:00-05:00,63.23336993008949,63.461684623398604,62.92563945471481,63.01498031616211,12102100
2025-02-03 00:00:00-05:00,62.71717625749673,63.16388054728714,61.972670370096964,62.885929107666016,12067900
2025-02-04 00:00:00-05:00,63.144027276135986,63.16388122108877,61.893255251380204,62.21091079711914,15678000
2025-02-05 00:00:00-05:00,62.26054811921201,62.82637230187841,62.131499369221466,62.657615661621094,10686800
2025-02-06 00:00:00-05:00,63.15395247602265,63.27307614596719,62.449154469238444,62.89585876464844,13423400
2025-02-07 00:00:00-05:00,62.965344756538315,63.45175314805299,62.806516985691296,63.37234115600586,13184700
2025-02-10 00:00:00-05:00,63.6304327473421,64.17640674155113,63.19365733872751,64.07714080810547,16154300
2025-02-11 00:00:00-05:00,67.00553142402087,67.17428427811407,65.92351981112313,67.10479736328125,30589100
2025-02-12 00:00:00-05:00,66.38014756614976,68.31585984162854,66.38014756614976,68.2066650390625,26033800
2025-02-13 00:00:00-05:00,68.49454558667519,69.10007768252483,68.25630580956408,68.99088287353516,24393100
2025-02-14 00:00:00-05:00,68.85190214626031,69.51699222642839,68.25629897635599,68.36549377441406,20779100
2025-02-18 00:00:00-05:00,68.04784454064337,68.86183738196597,67.91879199999694,68.54418182373047,15569100
2025-02-19 00:00:00-05:00,68.70300098736755,69.61625970641883,68.6632930986907,69.55670166015625,16032300
2025-02-20 00:00:00-05:00,69.19933972479598,69.55670315707295,68.91146320582254,69.52692413330078,13398000
2025-02-21 00:00:00-05:00,69.80487039245318,71.07549253806012,69.61625981432218,70.82732391357422,21662300
2025-02-24 00:00:00-05:00,70.32105986713593,71.20454716391345,69.81480131121985,70.07289123535156,21418400
2025-02-25 00:00:00-05:00,70.34091872867583,71.24424862465753,70.21187376453723,70.96630096435547,21555600
2025-02-26 00:00:00-05:00,70.74790745934956,70.75783632481553,70.0133304584795,70.28135681152344,14531200
2025-02-27 00:00:00-05:00,70.20194264552934,71.01593544179289,69.90413726275992,70.35084533691406,16789500
2025-02-28 00:00:00-05:00,70.92659426594994,71.0457179395841,70.04311451363778,70.6883544921875,22167400
2025-03-03 00:00:00-05:00,69.72545731465965,71.82993005824459,69.2191987540306,71.79022216796875,21717600
2025-03-04 00:00:00-05:00,71.54205239868492,72.1178054382902,69.36809277498888,69.67582702636719,25411900
2025-03-05 00:00:00-05:00,69.38795340771198,70.22179640461985,69.32838778400009,69.56663513183594,23933600
2025-03-06 00:00:00-05:00,69.8942184730152,70.01333457158333,68.94124424343562,69.94384765625,21694000
2025-03-07 00:00:00-05:00,69.13977892180279,71.29388072187022,69.13977892180279,70.90673828125,28393300
2025-03-10 00:00:00-04:00,71.43285608118927,72.68362807124566,70.79754500733644,70.92658996582031,25251200
2025-03-11 00:00:00-04:00,71.3534428891331,71.51227445010441,70.09274956132249,70.51959991455078,28076400
2025-03-12 00:00:00-04:00,69.85450842592712,70.21187185761129,69.22911863372708,69.42765808105469,18923300
2025-03-13 00:00:00-04:00,69.73538281159506,69.73538281159506,68.77248734606556,69.11000061035156,15746600
2025-03-14 00:00:00-04:00,68.51000213623047,69.26000213623047,68.37999725341797,69.16000366210938,14205100
2025-03-17 00:00:00-04:00,69.23999786376953,70.16999816894531,69.08000183105469,70.12000274658203,15634800
2025-03-18 00:00:00-04:00,70.11000061035156,70.19000244140625,69.30000305175781,69.37999725341797,12657600
2025-03-19 00:00:00-04:00,68.55000305175781,69.37999725341797,68.54000091552734,69.27999877929688,14780000
2025-03-20 00:00:00-04:00,69.30999755859375,69.80999755859375,69.08999633789062,69.70999908447266,16295300
2025-03-21 00:00:00-04:00,69.70999908447266,69.97000122070312,68.18000030517578,68.66999816894531,47479500
2025-03-24 00:00:00-04:00,68.80000305175781,69.08000183105469,68.33000183105469,68.94999694824219,12575400
2025-03-25 00:00:00-04:00,68.94999694824219,69.08000183105469,68.5999984741211,68.80999755859375,12513900
2025-03-26 00:00:00-04:00,68.91999816894531,70.3499984741211,68.9000015258789,70.0199966430664,14478200
2025-03-27 00:00:00-04:00,70.18000030517578,70.98999786376953,70.06999969482422,70.73999786376953,11663400
2025-03-28 00:00:00-04:00,70.80999755859375,71.31999969482422,69.52999877929688,70.37000274658203,17412900
