Date,sma_20,ema_20,macd,rsi,stoch,bollinger_high,bollinger_low,atr,obv
2018-11-01 00:00:00-04:00,,,,,,,,0.0,16494500
2018-11-02 00:00:00-04:00,,,,,,,,0.0,34079400
2018-11-05 00:00:00-05:00,,,,,,,,0.0,50622900
2018-11-06 00:00:00-05:00,,,,,,,,0.0,64996300
2018-11-07 00:00:00-05:00,,,,,,,,0.0,77236000
2018-11-08 00:00:00-05:00,,,,,,,,0.0,67473200
2018-11-09 00:00:00-05:00,,,,,,,,0.0,79871300
2018-11-12 00:00:00-05:00,,,,,,,,0.0,93789600
2018-11-13 00:00:00-05:00,,,,,,,,0.0,79916700
2018-11-14 00:00:00-05:00,,,,,,,,0.0,67809900
2018-11-15 00:00:00-05:00,,,,,,,,0.0,55729800
2018-11-16 00:00:00-05:00,,,,,,,,0.0,69135600
2018-11-19 00:00:00-05:00,,,,,,,,0.0,82711400
2018-11-20 00:00:00-05:00,,,,58.51789746056094,58.75724436560646,,,0.5226655390218349,66456100
2018-11-21 00:00:00-05:00,,,,47.48203997523059,37.94088964188262,,,0.5349706292770693,52896900
2018-11-23 00:00:00-05:00,,,,51.845329557378356,37.67093939575285,,,0.5364692026552909,57689400
2018-11-26 00:00:00-05:00,,,,49.552113779804785,13.973827778464143,,,0.53085302124261,48347500
2018-11-27 00:00:00-05:00,,,,56.46464008147448,35.807324611590325,,,0.5326457041277343,57528200
2018-11-28 00:00:00-05:00,,,,60.43498167965293,50.65509675131171,,,0.5243827702947464,68896900
2018-11-29 00:00:00-05:00,40.3177433013916,40.20524267664176,,54.99153842103917,35.69037291194574,41.39712562023951,39.238360982543696,0.5140023773618327,57332600
2018-11-30 00:00:00-05:00,40.44277286529541,40.3315606958818,,67.96805542157551,96.12220654593806,41.475279978379604,39.41026575221122,0.5661669782648114,82870800
2018-12-03 00:00:00-05:00,40.527919960021975,40.39012732626843,,58.83430233801989,65.5305852374121,41.42246054105596,39.63337937898799,0.6146052193148418,67993600
2018-12-04 00:00:00-05:00,40.580328941345215,40.43448370407266,,57.54413520231908,60.271965524301514,41.421149887671746,39.739507995018684,0.6301532961795738,48933700
2018-12-06 00:00:00-05:00,40.60732860565186,40.45891945726086,,55.174938333764324,51.72814950261232,41.42565788295163,39.788999328352084,0.6422365664332379,31258800
2018-12-07 00:00:00-05:00,40.61175117492676,40.45826805875499,,51.84188782594051,39.33937896491296,41.425708821460596,39.79779352839292,0.6434504299042292,15693100
2018-12-10 00:00:00-05:00,40.623989295959475,40.46945158057278,,53.409692817572626,45.747636491596566,41.427989395745165,39.819989196173786,0.6551724068670094,28024200
2018-12-11 00:00:00-05:00,40.634279823303224,40.50311395329353,,56.462288979316526,58.563162768922005,41.44291860999265,39.825641036613796,0.6572280181331056,46107800
2018-12-12 00:00:00-05:00,40.623619842529294,40.5084576886988,,52.51028898415085,44.893729501927695,41.430311946611695,39.81692773844689,0.6591370353938444,33790900
2018-12-13 00:00:00-05:00,40.62366886138916,40.532911666611966,,55.1513577198616,55.572906263414126,41.43039525820753,39.81694246457079,0.6732702193865358,47557100
2018-12-14 00:00:00-05:00,40.62244930267334,40.5448343772369,,53.485569912380754,47.34127912529905,41.42889001130651,39.81600859404017,0.6546094651110799,33721200
2018-12-17 00:00:00-05:00,40.58043327331543,40.47635617878167,,42.69568025808014,12.449821321874918,41.45783246833145,39.7030340782994,0.6967300549541516,15238500
2018-12-18 00:00:00-05:00,40.520426750183105,40.41361424918044,,42.60396158015351,17.66911775311291,41.43343262722371,39.6074208731425,0.7046465524937648,472800
2018-12-19 00:00:00-05:00,40.42921695709229,40.323887303852985,,38.83399814700774,9.688665746069043,41.37798325100936,39.48045066317521,0.7214149588748375,-17431000
2018-12-20 00:00:00-05:00,40.369366836547854,40.21445231741833,-0.1984141840688033,35.90134128325042,12.903256754751332,41.46475392652059,39.273979746575115,0.7305112060080129,-38561000
2018-12-21 00:00:00-05:00,40.337324714660646,40.11779465042276,-0.20994674053717466,36.332916879208824,13.783222029560152,41.52623110566611,39.14841832365518,0.7677989795354442,-6083300
2018-12-24 00:00:00-05:00,40.22709312438965,39.90399061947197,-0.29119218569858096,26.156851182275574,2.7777271176466725,41.82900317125484,38.625183077524454,0.8330303443614564,-16817000
2018-12-26 00:00:00-05:00,40.163370323181155,39.78745753371218,-0.2750076964279205,37.61106958044653,29.35761061265976,41.89931565353271,38.4274249928296,0.8500460464442151,-2474400
2018-12-27 00:00:00-05:00,40.10351829528808,39.72832708570053,-0.21848520034433838,43.31236911888968,42.88996875029737,41.88953944254326,38.317497148032906,0.8787956247128329,14492100
2018-12-28 00:00:00-05:00,40.01617031097412,39.64892994753951,-0.18752643960195217,41.05271988141018,35.321263817173026,41.85837331640454,38.1739673055437,0.8737072350112364,1273900
2018-12-31 00:00:00-05:00,39.949011421203615,39.58886623404151,-0.1485439428952012,42.52062990821815,38.76155528442553,41.83341933998728,38.06460350241995,0.8454384553317115,11850200
2019-01-02 00:00:00-05:00,39.80604076385498,39.50156171000798,-0.1362121934225734,39.5507746130798,29.128696706005957,41.62108631951271,37.99099520819725,0.831548988345367,246500
2019-01-03 00:00:00-05:00,39.68037452697754,39.39981160213984,-0.1340851609385601,37.59796429508463,24.810138088157228,41.51013802807746,37.85061102587761,0.8215949901762627,-14467900
2019-01-04 00:00:00-05:00,39.597558403015135,39.3807387651708,-0.07400141236047308,46.68827497944789,49.3542192938679,41.355535051675666,37.839581754354604,0.8176497220616915,-1454200
2019-01-07 00:00:00-05:00,39.49743766784668,39.31482501698117,-0.06208452380990881,42.26770990844597,33.33361626797512,41.22268009141529,37.77219524427807,0.8092770364210901,-14589700
2019-01-08 00:00:00-05:00,39.43110294342041,39.29678313768999,-0.020364509514838147,46.89646270326385,57.41364131781892,41.10570036455102,37.75650552228981,0.7879647150631139,831000
2019-01-09 00:00:00-05:00,39.32109355926514,39.2090425869325,-0.037832330610356735,40.84165992143305,29.355054318700915,40.96933700648277,37.672850112047506,0.7934845869109873,-17201500
2019-01-10 00:00:00-05:00,39.21932411193848,39.16889734509201,-0.01724703509040637,45.04027928953709,45.630848014469024,40.72966534273059,37.70898288114636,0.7809520652007879,-1224900
2019-01-11 00:00:00-05:00,39.141863632202146,39.153765557971084,0.014055060026140598,47.2188341393927,54.36889846529473,40.522742486269735,37.76098477813456,0.7481251152805447,9863700
2019-01-14 00:00:00-05:00,39.04627513885498,39.12516451338753,0.026210889597265363,45.84185737675151,63.40452485962057,40.21240276958538,37.88014750812458,0.7188201777745066,-1650600
2019-01-15 00:00:00-05:00,38.97334747314453,39.13224854201395,0.05774726848819639,49.3576535140793,81.27654797102538,39.880916950093074,38.06577799619598,0.7139750663279434,9692300
2019-01-16 00:00:00-05:00,38.915252685546875,39.087645589584426,0.04337678738064904,44.53868129850438,44.94910089997172,39.74229084649437,38.08821452459938,0.7047675339026119,-7215500
2019-01-17 00:00:00-05:00,38.86333866119385,39.058277955424785,0.04243235370499654,45.766883320660476,43.113959144010586,39.58032920572801,38.14634811665969,0.6697304819364446,4829100
2019-01-18 00:00:00-05:00,38.851390266418456,39.07487180993046,0.07141734606333394,50.412743766929935,90.0713317561811,39.53461415839675,38.16816637444016,0.6589746981794296,17589800
2019-01-22 00:00:00-05:00,38.85880699157715,39.098517775600214,0.09433985337622569,51.31105068874789,95.1724776571404,39.558925404874586,38.15868857827971,0.6460439539616482,29290200
2019-01-23 00:00:00-05:00,38.88764820098877,39.163075225752316,0.13518458053890137,55.638450564345746,98.97433956077613,39.682634080487084,38.09266232149046,0.6375682832769428,41348500
2019-01-24 00:00:00-05:00,38.958927154541016,39.17596628963156,0.1253891361161296,50.537380442076426,69.23106123649222,39.62184964221029,38.29600466687174,0.6444126748943109,31076500
2019-01-25 00:00:00-05:00,38.97664451599121,39.16251620947598,0.09775396816505363,47.92660330038646,52.82096845766786,39.62767746870045,38.325611563281974,0.6448823875984944,19010000
2019-01-28 00:00:00-05:00,38.96181144714355,39.13465051834843,0.0664731833750542,46.31606062523268,42.564215350845345,39.60836065820224,38.31526223608487,0.6241295476821981,9043100
2019-01-29 00:00:00-05:00,38.97005195617676,39.1274902133318,0.057009780399876475,48.46104742738274,54.3597781703961,39.61716836901772,38.3229355433358,0.6089788431448394,21041700
2019-01-30 00:00:00-05:00,38.991064834594724,39.15711195722114,0.07368134758982833,52.54466449673494,77.9490046305865,39.66960801749971,38.312521651689735,0.6066823612499385,33994200
2019-01-31 00:00:00-05:00,39.040507316589355,39.20510304430313,0.09570117983301055,54.80819139646534,67.00531584943558,39.7616669510798,38.31934768209891,0.6404543093045161,66175700
2019-02-01 00:00:00-05:00,39.12538318634033,39.29325541840874,0.13547551615348807,59.229106072207465,95.93811681709968,39.93482307908667,38.31594329359399,0.6329651508706977,85305800
2019-02-04 00:00:00-05:00,39.19460220336914,39.41617653613562,0.18293375366165252,62.991351098288746,92.4241924145503,40.22435843830919,38.1648459684291,0.6413158888513137,100411500
2019-02-05 00:00:00-05:00,39.28977813720703,39.52817525516438,0.20390521872482317,63.05806261899299,91.95389137505536,40.45751128140868,38.12204499300538,0.6172859480973638,113063400
2019-02-06 00:00:00-05:00,39.36311702728271,39.62950742952373,0.20618558996086683,63.05806261899299,91.89175856202473,40.657691333301344,38.06854272126408,0.5932064809986992,121752500
2019-02-07 00:00:00-05:00,39.480542945861814,39.733747267313696,0.2045764318517509,64.25451979839856,98.02438413712585,40.820732176063196,38.14035371566043,0.5779101159545681,131800300
2019-02-08 00:00:00-05:00,39.580664253234865,39.834337403290334,0.19593904087443742,64.86709343876575,100.0,40.99588836688853,38.1654401395812,0.5595861656012057,141613600
2019-02-11 00:00:00-05:00,39.67419261932373,39.93397964127217,0.18448021533238984,65.73656513461793,90.81630727660881,41.171088504652374,38.17729673399509,0.5431597896732502,150982900
2019-02-12 00:00:00-05:00,39.77760963439941,40.02805728413743,0.16827911781125304,66.14682925969126,92.51748493844536,41.31854995729156,38.236669311507264,0.5243750554732753,161966200
2019-02-13 00:00:00-05:00,39.86907825469971,40.123377468502504,0.15377764612003997,67.24467837227145,95.00009128344306,41.47760393234093,38.26055257705849,0.5092863146412102,174715000
2019-02-14 00:00:00-05:00,39.81427974700928,39.88000317509229,-0.08695639354581386,31.594973687217788,2.027027450168504,41.64291353602793,37.98564595799063,0.7254183983295691,115809600
2019-02-15 00:00:00-05:00,39.73929214477539,39.63233938567688,-0.2542055275124556,30.160036668496232,0.8438997653269407,41.83503882512814,37.643545464422644,0.7359941918251837,80108000
2019-02-19 00:00:00-05:00,39.62475070953369,39.37608656065055,-0.3692036890715783,28.525699374229646,1.1605685135811483,42.04417868127361,37.20532273779378,0.7316883209834042,54596700
2019-02-20 00:00:00-05:00,39.51680164337158,39.1654281383239,-0.4088226673071426,31.170859866969337,6.382955275305639,42.162499293289116,36.87110399345404,0.7053233925470439,82060700
2019-02-21 00:00:00-05:00,39.41750564575195,39.03447793941731,-0.37241784805418726,38.11375567311966,21.083341850405397,42.16393228744104,36.67107900406286,0.7108601598343258,105181900
2019-02-22 00:00:00-05:00,39.31820869445801,38.87047931381618,-0.35989217082595526,35.1958720494779,9.864397214860709,42.21420596696628,36.42221142194973,0.7042293893823547,80453500
2019-02-25 00:00:00-05:00,39.21808757781982,38.69541634252268,-0.3495476869767321,33.573304208762835,3.287972105101143,42.28006268370726,36.15611247193239,0.6968950186965654,56679100
2019-02-26 00:00:00-05:00,39.11590633392334,38.51740541225452,-0.3355833458173303,32.39082978805253,0.5681566189604625,42.3491419185625,35.88267074928418,0.6753695416894947,36215900
2019-02-27 00:00:00-05:00,39.01454887390137,38.375968526824025,-0.2930223310875904,34.86152919734701,9.420277928459505,42.373172089956455,35.65592565784628,0.6624449582844056,54043400
2019-02-28 00:00:00-05:00,38.91072006225586,38.27939459962743,-0.22621238640208396,38.72016294142218,16.666826435458532,42.33818266153271,35.48325746297901,0.6545642588389565,76577300
2019-03-01 00:00:00-05:00,38.79741439819336,38.195157503504056,-0.16612262213417495,39.1086186738198,17.391489672493776,42.26773090690452,35.327097889482204,0.6337079666275888,92868900
2019-03-04 00:00:00-05:00,38.67174873352051,38.14013199640416,-0.10092147658635897,41.790728930086985,22.282652034906306,42.1218051412763,35.22169232576472,0.6102212272436526,108842700
2019-03-05 00:00:00-05:00,38.521361923217775,38.08642332517388,-0.05253220101829015,41.42683805018229,21.376927817804045,41.88605931750915,35.1566645289264,0.5842919368788201,95780400
2019-03-06 00:00:00-05:00,38.36438274383545,38.02605724642313,-0.022356581367753092,40.29317938108928,40.55120098654933,41.61913840092788,35.10962708674302,0.563157911726168,81548300
2019-03-07 00:00:00-05:00,38.200399208068845,37.95809868682145,-0.00617926831013782,38.990946905731015,46.73918189098368,41.31721899886404,35.08357941727365,0.5464761880167479,69464300
2019-03-08 00:00:00-05:00,38.01169376373291,37.862081368038425,-0.013808470438934073,35.76879345246654,27.45115497301798,40.94616640791492,35.07722111955089,0.5468781863433224,53885200
2019-03-11 00:00:00-04:00,37.87490272521973,37.8803710401114,0.05767884867909534,49.46526644366503,96.70321678895608,40.519313445424004,35.23049200501545,0.5902189986758418,76012100
2019-03-12 00:00:00-04:00,37.728223991394046,37.88671724825183,0.09757213518315044,48.3873472445078,89.07103654079255,39.9867786123105,35.46966937047759,0.5686613898770789,56663600
2019-03-13 00:00:00-04:00,37.58648853302002,37.90579996021613,0.13112471932059366,49.924143591464436,93.75004448585598,39.320469658929596,35.85250740711044,0.5533525078406449,72886100
2019-03-14 00:00:00-04:00,37.43440952301025,37.91356558493606,0.1433401844328825,48.809657736787194,80.23545852349437,38.19352009435208,36.675298951668424,0.542326711384791,54382000
2019-03-15 00:00:00-04:00,37.43875503540039,37.888926732608624,0.1263623169893684,45.18851634501053,60.95365216367089,38.201858126345606,36.675651944455176,0.5487132971600673,7127500
2019-03-18 00:00:00-04:00,37.46209278106689,37.87534211993738,0.11874171344302054,46.36688708041197,66.256049359938,38.232802039425124,36.69138352270866,0.532081200367426,31133900
2019-03-19 00:00:00-04:00,37.50855693817139,37.874925524228125,0.11923677708328345,48.00835367681134,70.83880189560769,38.25997423021829,36.757139646124486,0.5148561299390486,46120900
2019-03-20 00:00:00-04:00,37.54265022277832,37.87217440938348,0.11497319479264234,47.69404363032272,69.24869191883937,38.29033819276998,36.79496225278666,0.5208298917953581,32744800
2019-03-21 00:00:00-04:00,37.54459781646729,37.86810093454543,0.1082176918611899,47.470690431831486,68.18756420519183,38.29505534377608,36.7941402891585,0.5026273451992957,12701800
2019-03-22 00:00:00-04:00,37.58789958953857,37.89766540097265,0.123349785943007,52.49824758803859,90.45631949843448,38.378649354898506,36.79714982417864,0.5053184391259852,31757700
2019-03-25 00:00:00-04:00,37.64936561584473,37.932329519104535,0.13414981496142758,53.635871686238985,91.39690109620967,38.448880224171845,36.849851007517614,0.49356749822990315,43425900
2019-03-26 00:00:00-04:00,37.74648532867432,38.01198345359923,0.16841794718761957,59.93948791672431,94.15440480126533,38.5930004186349,36.899970238713735,0.5034372036154656,54860800
2019-03-27 00:00:00-04:00,37.83205795288086,38.081677467481704,0.1812653058098127,59.51116328326603,88.83130308834653,38.71761185974,36.946504046021715,0.5019140812613773,43317200
2019-03-28 00:00:00-04:00,37.899902153015134,38.142358308097286,0.17959870123465568,59.056339216972745,84.61771585835041,38.83737975331746,36.96242455271281,0.49218745398767333,32196100
2019-03-29 00:00:00-04:00,37.977735710144046,38.21942668188898,0.18495849476205073,61.976457332345774,96.62971177224706,38.99007521248906,36.96539620779903,0.4825619515110082,48241700
2019-04-01 00:00:00-04:00,38.03862628936768,38.278071880130774,0.17173943540235037,59.68438073002825,77.83253525385051,39.10214883263147,36.97510374610388,0.482529913739662,36719000
2019-04-02 00:00:00-04:00,38.0953426361084,38.319257213766015,0.14664682365033677,57.241797808979264,70.44342221399162,39.17503314638448,37.01565212583232,0.46943808894975925,28224000
2019-04-03 00:00:00-04:00,38.14203033447266,38.32564542822412,0.10236156753599693,51.35669634255412,51.231276169435176,39.186692421257426,37.09736824768789,0.46856232800253306,15369500
2019-04-04 00:00:00-04:00,38.208190727233884,38.355174456567546,0.08473763360251205,55.17436514533157,65.32629855579795,39.2006248212227,37.215756633245064,0.4606243301629826,23184400
2019-04-05 00:00:00-04:00,38.29206447601318,38.38109991929307,0.06811101399710873,55.019428077884704,64.82402029975262,39.11381959960035,37.470309352426014,0.4502846903646785,15506800
2019-04-08 00:00:00-04:00,38.32405319213867,38.410890141009396,0.05760029245393908,56.08254014921126,68.84455249254158,39.156014158869894,37.49209222540745,0.43593358940851973,24928100
2019-04-09 00:00:00-04:00,38.36638488769531,38.447342521553146,0.053463740879691024,57.69738498814573,71.09855376133854,39.20343963923564,37.52933013615498,0.4315137230611296,33569900
2019-04-10 00:00:00-04:00,38.400465393066405,38.47794759867178,0.045460140260898854,57.13160940734039,69.00550311947234,39.244730723503196,37.556200062629614,0.4268156911828057,25510000
2019-04-11 00:00:00-04:00,38.442442893981934,38.51118011671123,0.04065433913730104,58.16233038029382,66.66711678373338,39.28385138620775,37.60103440175612,0.40879729557400885,32862400
2019-04-12 00:00:00-04:00,38.50229148864746,38.54362291786336,0.035890014704480444,58.62152396628688,61.94751604195547,39.27888804358102,37.725694933713896,0.40097208658544775,43552400
2019-04-15 00:00:00-04:00,38.56837425231934,38.59355821835238,0.043519889779999904,62.46582895676434,84.95569769440823,39.30002907137046,37.836719433268215,0.3925183156228312,53813700
2019-04-16 00:00:00-04:00,38.62614517211914,38.634779936698465,0.041975063715107674,61.28670687741962,80.53137540041108,39.309262090180624,37.94302825405765,0.3882306692025094,43009100
2019-04-17 00:00:00-04:00,38.69887752532959,38.698199550590836,0.054822276995611874,65.86662709170572,82.11912105887801,39.34290904032175,38.054846010337435,0.3961236827406858,54858400
2019-04-18 00:00:00-04:00,38.780754280090335,38.77141273803922,0.06899638041329859,68.31343391244899,93.50636092556871,39.37636115390224,38.18514740627843,0.38623508701143033,67025400
2019-04-22 00:00:00-04:00,38.84184970855713,38.83131975359426,0.0682480654290793,66.26713840320497,86.6242380206656,39.428435414103625,38.25526400301063,0.3936774010803895,57190700
2019-04-23 00:00:00-04:00,38.93245506286621,38.94964603682709,0.10524335053508882,74.57213179979763,80.97015804030498,39.672340224800195,38.19256990093223,0.443931870254808,82518500
2019-04-24 00:00:00-04:00,38.988148307800294,39.038495055222654,0.10854635997701373,69.35102189720143,71.64753445401752,39.830881860755646,38.14541475484494,0.4306284068768959,66521200
2019-04-25 00:00:00-04:00,39.039269256591794,39.10779929522005,0.09508560010359707,66.30784359682583,65.07945876194488,39.93864236355759,38.139896149626,0.4301496991023967,55076800
2019-04-26 00:00:00-04:00,39.109093284606935,39.20375239607986,0.10131293473212033,70.49130039547816,81.22443646612297,40.10929578901907,38.1088907801948,0.4356428343720107,65231100
2019-04-29 00:00:00-04:00,39.173928833007814,39.30323190130346,0.10552967164075477,71.92145152557603,87.7541958720829,40.28666451050178,38.06119315551385,0.424712578673237,74962600
2019-04-30 00:00:00-04:00,39.271183013916016,39.443903613711875,0.13348898714324553,76.77162851348575,95.45457813002903,40.57251919755082,37.96984683028121,0.44128130265612814,92875500
2019-05-01 00:00:00-04:00,39.35513763427734,39.53397091626572,0.11567698016417605,67.5445660586536,77.65173833432883,40.716236156278306,37.994039112276376,0.4412294690353174,82324300
2019-05-02 00:00:00-04:00,39.44698905944824,39.59962720700176,0.08416883881427129,64.01846503799857,69.73192749061337,40.78186315275811,38.11211496613837,0.43939996948043664,73599700
2019-05-03 00:00:00-04:00,39.540087890625,39.68515574436971,0.07365181111353525,67.07292391569872,81.45219721682723,40.895215311788554,38.18496046946145,0.4418577605702589,80676600
2019-05-06 00:00:00-04:00,39.623210716247556,39.742745514204664,0.045905793830433916,62.72824020864152,71.37051636712837,40.947808024258016,38.298613408237095,0.43761004848940416,72018800
2019-05-07 00:00:00-04:00,39.6834753036499,39.75764489336244,-0.0029569920607072087,55.456459048566884,45.37108766499812,40.941465305124424,38.425485302175375,0.44791237114753074,59531300
2019-05-08 00:00:00-04:00,39.73251838684082,39.75925031309336,-0.045513431401488946,53.33140934866486,38.42652441952887,40.92256619577122,38.54247057791043,0.44026187589410704,50249900
2019-05-09 00:00:00-04:00,39.76410541534424,39.72507755959563,-0.0976972961191056,47.456236882888206,17.592622220193682,40.88146289232386,38.64674793836462,0.4628447225511682,38799400
2019-05-10 00:00:00-04:00,39.82561683654785,39.75670040745874,-0.08717737716743079,56.51326985904646,53.08098228298226,40.862366283600366,38.78886738949534,0.4832213280044459,48453200
2019-05-13 00:00:00-04:00,39.880062675476076,39.774228588402956,-0.08704310445119934,54.71342844188055,46.44600325846525,40.81600638816664,38.94411896278551,0.476017338126583,36541700
2019-05-14 00:00:00-04:00,39.95030212402344,39.84075277464508,-0.051850349512194915,60.851582106855766,72.00007162907626,40.8417057026972,39.05889854534968,0.5174206640026943,53385900
2019-05-15 00:00:00-04:00,40.042984580993654,39.93973207233513,-0.004367304080615364,64.78685513686656,91.34198769002113,40.91613799099377,39.16983117099354,0.5267737477204653,64808400
2019-05-16 00:00:00-04:00,40.138576698303225,40.060950753899384,0.04356567037315934,67.6460120038246,96.91127919898396,41.081556264941426,39.195597131665025,0.5176463236499538,82579700
2019-05-17 00:00:00-04:00,40.21006278991699,40.140542096487465,0.04779173343948495,62.45768209279922,82.23949720446271,41.15530758787258,39.2648179919614,0.5050149806196874,71322700
2019-05-20 00:00:00-04:00,40.27032699584961,40.18484480349052,0.025883600471970802,58.04189677217824,68.72564542182022,41.153033436330304,39.38762055536891,0.49506751121720977,57472200
2019-05-21 00:00:00-04:00,40.28653564453125,40.20513755565065,-0.006009831890947059,55.04827195186793,59.07345102826502,41.166107624838176,39.40696366422432,0.4941422208029511,46884800
2019-05-22 00:00:00-04:00,40.355943298339845,40.30662100807938,0.026484918788175715,63.55148807236591,97.72736819932913,41.312739704769825,39.399146891909865,0.524751137064073,62935200
2019-05-23 00:00:00-04:00,40.43948192596436,40.41427254327997,0.052482977081261206,64.91297363296246,98.23311444475998,41.46500764734984,39.413956204578874,0.5133935226151227,75134600
2019-05-24 00:00:00-04:00,40.49558982849121,40.49267181580427,0.049585527754703373,61.923773981841784,89.75252566572121,41.56584591457177,39.42533374241066,0.4980971533570432,68247000
2019-05-28 00:00:00-04:00,40.523851585388186,40.52322900847693,0.014292230238648673,56.02010264755247,71.73080829436734,41.59634292823982,39.45136024253655,0.5005179563366722,49633000
2019-05-29 00:00:00-04:00,40.50514888763428,40.512086334004245,-0.03842596149889077,50.99046561419177,54.4169282754525,41.57213240844284,39.438165366825714,0.5057337182438635,37098400
2019-05-30 00:00:00-04:00,40.53257942199707,40.55267058579272,-0.03927183541989865,56.48594116738245,73.99978822958577,41.61437633010147,39.45078251389267,0.5111716789114084,46185600
2019-05-31 00:00:00-04:00,40.56333503723145,40.57988998463929,-0.047787258777363784,55.23533258671043,64.51595790771466,41.643192511308264,39.48347756315463,0.5061276735674702,34817000
2019-06-03 00:00:00-04:00,40.61570224761963,40.6718072296383,-0.009098731018385042,61.703320601916346,100.0,41.77630646708028,39.45509802815898,0.5269744714575212,48984200
2019-06-04 00:00:00-04:00,40.67929210662842,40.75655373232156,0.013139708608865541,61.8430213997976,85.0268075822944,41.899354829779185,39.45922938347765,0.5285201230582015,60994800
2019-06-05 00:00:00-04:00,40.79483222961426,40.89497637258408,0.06418681797522718,66.91232395481649,86.81308853969361,42.12976701999576,39.459897439232755,0.5768606809774249,76832400
2019-06-06 00:00:00-04:00,40.942376136779785,41.06930052222823,0.12198334046287351,70.29119777376003,95.52719136145399,42.43641835000218,39.44833392355739,0.5920614916171552,92022800
2019-06-07 00:00:00-04:00,41.11236343383789,41.234146409875954,0.15258527543647726,70.75794219273962,81.48155527419596,42.63924016767775,39.585486699998036,0.5966758763133466,107316400
2019-06-10 00:00:00-04:00,41.24494514465332,41.3745850068846,0.1535815873832389,69.32430083158967,78.5716588974569,42.84119800480397,39.64869228450267,0.5807744192636156,97579000
2019-06-11 00:00:00-04:00,41.381267356872556,41.49769029687252,0.13880195391999095,68.64346151726139,77.24892354095775,42.974395628398455,39.78813908534666,0.5636337747656743,87663400
2019-06-12 00:00:00-04:00,41.50387401580811,41.63361176599478,0.1336892400259473,70.57309012901011,85.44976134369344,43.17401778207005,39.833730249546164,0.5714664775587698,98751500
2019-06-13 00:00:00-04:00,41.601508140563965,41.74781234975793,0.11227398964360535,68.93925065624174,82.51704034584178,43.34121524189515,39.86180103923278,0.5856978536140456,88397900
2019-06-14 00:00:00-04:00,41.69005699157715,41.865497387783215,0.09701090859107997,70.15678268565946,87.3160383423263,43.519521210839116,39.86059277231519,0.57258415456081,97092200
2019-06-17 00:00:00-04:00,41.77596912384033,41.936869302883665,0.05303663334524278,63.5943434838848,75.58479012824237,43.60970514320172,39.942233104478944,0.5837436430189801,84769800
2019-06-18 00:00:00-04:00,41.86679477691651,41.98309447227979,0.0044787472847923615,60.41332545227083,67.19653354363845,43.638580820033894,40.09500873379912,0.5881223972341252,75548700
2019-06-19 00:00:00-04:00,41.98811645507813,42.06321426200593,-0.006458825630449416,64.41417288710322,80.32491907694966,43.671034714355024,40.30519819580123,0.5921883968280769,84962800
2019-06-20 00:00:00-04:00,42.088416290283206,42.17878533326764,0.009977543064067729,68.29595049736986,95.87259596274836,43.82655761230184,40.35027496826457,0.5899794385402563,95619400
2019-06-21 00:00:00-04:00,42.17579612731934,42.27457328899531,0.007937656634220525,66.69976579365445,87.1908400097278,43.94949889744442,40.40209335719425,0.5765599134447122,74355000
2019-06-24 00:00:00-04:00,42.288648414611814,42.39075779962764,0.020067355266651266,69.29884022435249,90.3277542128222,44.096074060087986,40.48122276913564,0.5742710653038048,85135000
2019-06-25 00:00:00-04:00,42.41599674224854,42.483113141720395,0.012063324698025069,66.86854430919627,78.02104097822051,44.14703287459006,40.684960609907016,0.560776799874209,73615100
2019-06-26 00:00:00-04:00,42.536902809143065,42.51561210578553,-0.03383007899995605,58.09181009125133,37.57261797071098,44.00779780984843,41.0660078084377,0.5608118332574371,61210000
2019-06-27 00:00:00-04:00,42.62953357696533,42.541823937065814,-0.06891281541568983,57.58298823373855,35.25996249310308,43.906620102600584,41.352447051330074,0.5464838933034036,48835100
2019-06-28 00:00:00-04:00,42.7204496383667,42.55277360988897,-0.10163873817907931,55.48967808767607,26.01091990578389,43.698435849930306,41.7424634268031,0.5601061959444006,32495200
2019-07-01 00:00:00-04:00,42.80452060699463,42.61693235463169,-0.08603267231550493,61.83879421143206,65.31737674799993,43.64300983483632,41.96603137915294,0.5709604244583812,47471600
2019-07-02 00:00:00-04:00,42.90367755889893,42.70529922999043,-0.05679249294680133,64.85584689112696,87.28365547749397,43.58513644847162,42.22221866932623,0.5600961766726149,56040800
2019-07-03 00:00:00-04:00,42.975443077087405,42.79482328607207,-0.034311292563737106,65.77591753008022,87.63409603653663,43.6518647549159,42.29902139925891,0.5410318845732598,63294500
2019-07-05 00:00:00-04:00,43.021858596801756,42.876620148173274,-0.023046230391129296,65.85625322588184,88.17246152450922,43.74878791912782,42.29492927447569,0.540682573144086,72210800
2019-07-08 00:00:00-04:00,43.059926223754886,42.941850122784565,-0.025765714157431452,64.07675449251455,82.25782031767967,43.81560584429614,42.304246603213635,0.5283909356383324,62715700
2019-07-09 00:00:00-04:00,43.08539218902588,42.96815687146096,-0.05308707289799608,57.80732190597214,60.21476006884233,43.82619909243083,42.34458528562094,0.5247558165059408,52130800
2019-07-10 00:00:00-04:00,43.12256984710693,43.01030799926267,-0.06006019627096848,60.16208986166248,71.82301107324211,43.85020873837642,42.39493095583744,0.5100112780842622,59751700
2019-07-11 00:00:00-04:00,43.15607872009277,43.065997064320804,-0.05431136986389984,62.32789523860976,83.97775572729898,43.90560910917337,42.406548331012175,0.49751690092303613,70128200
2019-07-12 00:00:00-04:00,43.1975456237793,43.122764579074854,-0.048251210231976094,63.11315380639342,88.39731980607316,43.96253447239427,42.43255677516433,0.4847182047388562,77475600
2019-07-15 00:00:00-04:00,43.231892585754395,43.1749245704511,-0.04594488607961139,63.216515110944805,88.95055151377649,44.01678308395659,42.4470020875522,0.475227252069549,83351700
2019-07-16 00:00:00-04:00,43.285088539123535,43.2229147602863,-0.04600830725117466,63.327030897643276,83.07687968323245,44.03910949674359,42.53106758150348,0.48077504507430485,90484200
2019-07-17 00:00:00-04:00,43.34959335327149,43.269525722592554,-0.045845035895050346,63.7956040783279,85.12812029627014,44.01254690729711,42.68663979924587,0.4613932903656523,98748400
2019-07-18 00:00:00-04:00,43.387709045410155,43.29972956874352,-0.055601735791658724,60.66511152854822,77.43550095716634,44.01201766195203,42.76340042886828,0.45895406459723326,86836600
2019-07-19 00:00:00-04:00,43.37639961242676,43.27599550034756,-0.09713379805994915,49.5037679503095,36.09454258499934,44.01634065775838,42.73645856709514,0.4728448573243146,76481100
2019-07-22 00:00:00-04:00,43.362577247619626,43.24095893576833,-0.13105629230632232,47.02871253517456,6.716383554475037,44.0298541570981,42.69530033814115,0.46240672396845783,64390400
2019-07-23 00:00:00-04:00,43.4635232925415,43.457384898940134,0.01722144594772035,73.31466589696822,91.16816970206641,44.615153275926325,42.31189330915668,0.6340213662532056,97808300
2019-07-24 00:00:00-04:00,43.548132705688474,43.60931749471165,0.0762168414424661,66.98402678990062,71.81568131230401,44.88998790999513,42.20627750138182,0.660538896811497,82174900
2019-07-25 00:00:00-04:00,43.62980976104736,43.69013424488978,0.06743200201390182,59.80495670863828,52.57443837269889,44.984303058277284,42.27531646381744,0.6779816781448523,63039900
2019-07-26 00:00:00-04:00,43.759237670898436,43.851016176924084,0.1132364118035466,65.90233370306933,82.38498161597681,45.25559319292204,42.26288214887483,0.7037533377014109,74491800
2019-07-29 00:00:00-04:00,43.887828254699706,43.9822153198584,0.12216612604652688,64.1865278438722,77.50701388326488,45.42460126902668,42.35105524037273,0.6774200168299481,62207900
2019-07-30 00:00:00-04:00,43.97662696838379,44.07937716590704,0.10242476516070609,61.59583105017512,70.18969206806669,45.55495021495038,42.3983037218172,0.6727140521485039,54080800
2019-07-31 00:00:00-04:00,44.003852653503415,44.08032203089599,0.02167647416624774,52.40097790534015,40.65039384291519,45.57017979264874,42.43752551435809,0.7251896508459443,37215300
2019-08-01 00:00:00-04:00,44.00092086791992,44.03330718101806,-0.06693007499380399,48.14090979815785,24.390254589788572,45.57013835062807,42.431703385211776,0.7445968922227516,17688100
2019-08-02 00:00:00-04:00,44.0101354598999,44.01470479975295,-0.1075493657221882,50.3158614269266,32.52032421635188,45.57324130033565,42.447029619464146,0.7404779429443066,30790400
2019-08-05 00:00:00-04:00,43.99547576904297,43.9436225392482,-0.16810828500049058,45.64317824200959,14.092446114995711,45.58048161493498,42.410469923150956,0.7629815382327251,10803900
2019-08-06 00:00:00-04:00,44.02395801544189,43.928774289021256,-0.16810877128371943,50.18553426935148,30.89421156673781,45.572105220886606,42.47581080999718,0.7772955774686879,30707000
2019-08-07 00:00:00-04:00,44.0809232711792,43.98794329274542,-0.11426420923149844,55.99785303928227,55.55566546455415,45.6184302015273,42.5434163408311,0.81871078766188,48644000
2019-08-08 00:00:00-04:00,44.150035285949706,44.08216616751092,-0.05061799222899466,58.89266120478834,69.37669744594804,45.71793136362287,42.582139208276544,0.8158801278431522,59443000
2019-08-09 00:00:00-04:00,44.20448722839355,44.145873658044664,-0.025749308100877333,56.76352085670046,59.06406343384719,45.776450269871646,42.63252418691546,0.8066695177483939,50182100
2019-08-12 00:00:00-04:00,44.249305152893065,44.18596216475619,-0.023756842788458132,55.01822270365046,52.63153403994234,45.80887157639141,42.68973872939472,0.7759768575730736,43593500
2019-08-13 00:00:00-04:00,44.306269836425784,44.246167219005606,-0.008353814195953602,56.961563792704986,72.16457311021513,45.86154672665454,42.75099294619703,0.7648296194141905,52174700
2019-08-14 00:00:00-04:00,44.34019718170166,44.25994908100693,-0.028637238269945964,52.786379427263896,54.63876610660969,45.87158892611013,42.808805437293195,0.7700361999430952,35085800
2019-08-15 00:00:00-04:00,44.417267608642575,44.342627706243995,0.004151928056033538,58.44620285450521,85.17222339242002,45.94435294866159,42.89018226862356,0.7754695149477483,47479000
2019-08-16 00:00:00-04:00,44.54376411437988,44.46051573091905,0.05030105796149187,61.49646790594415,97.4109437928379,46.01515289642979,43.072375332329976,0.7571785931955944,61767700
2019-08-19 00:00:00-04:00,44.68910846710205,44.58951410194666,0.08838865058083423,63.0124549396349,97.3372583477272,46.05608345364417,43.322133480559934,0.7312177669666546,72703900
2019-08-20 00:00:00-04:00,44.670259666442874,44.64160376232209,0.06095410281037239,56.12746649508974,73.37302976906052,46.001169759568356,43.33934957331739,0.7298488359540044,64527200
2019-08-21 00:00:00-04:00,44.68366374969482,44.70628519634666,0.048815624270771685,57.48623874532013,79.88210204159702,46.0349535782652,43.33237392112444,0.7112257383414783,75413700
2019-08-22 00:00:00-04:00,44.74314212799072,44.79592098121841,0.0558770449426208,59.85947287899934,91.42029959586375,46.15290098750413,43.33338326847731,0.69273608028657,82881600
2019-08-23 00:00:00-04:00,44.7251314163208,44.817183773278714,0.01353029547394291,53.65624489384568,67.19302856484806,46.11091584730222,43.339346985339375,0.7222401281410066,68721200
2019-08-26 00:00:00-04:00,44.74816837310791,44.90024687234517,0.02526834258945987,58.586203846008125,92.0267778413282,46.18117925539446,43.315157490821356,0.7191198180784548,77948100
2019-08-27 00:00:00-04:00,44.79005470275879,44.9897606270158,0.03708772695486312,59.626921972276286,89.04766582384515,46.29738846276344,43.28272094275413,0.7000663005221792,91485100
2019-08-28 00:00:00-04:00,44.89393253326416,45.10186483952843,0.05948068258228223,61.863061299171555,98.24558208607816,46.47816624752037,43.309698819007956,0.6937429794120168,101531500
2019-08-29 00:00:00-04:00,45.02042846679687,45.19850483365258,0.06313328822189929,61.30046371835663,88.25908580551514,46.570582709786784,43.47027422380696,0.6884695910599715,92268700
2019-08-30 00:00:00-04:00,45.13393974304199,45.28514320212726,0.0573779501254712,61.20058119271409,87.85423487789033,46.65330007739386,43.614579408690126,0.6638264633556181,83522000
2019-09-03 00:00:00-04:00,45.28682403564453,45.384274984448844,0.060332142268197775,62.893604663027936,98.31278821429584,46.62961369818276,43.9440343731063,0.643935612876481,96513400
2019-09-04 00:00:00-04:00,45.433425712585446,45.511463028852155,0.07967866540344326,65.7986923065056,94.42387885475492,46.728920169057105,44.13793125611379,0.6350392597289494,107231500
2019-09-05 00:00:00-04:00,45.51468410491943,45.57467766180001,0.048226541572962356,58.9272899805896,68.37880466081243,46.78191494568059,44.247453264158274,0.6339598735030884,93554500
2019-09-06 00:00:00-04:00,45.57918872833252,45.64064892696619,0.0271058632360196,59.69446160601143,72.72710895921159,46.86167839017767,44.29669906648736,0.6293663893849628,102648000
2019-09-09 00:00:00-04:00,45.62526397705078,45.64369186653898,-0.030332478110128624,52.83541861623921,44.664086429574525,46.850370192493,44.400157761608554,0.6364696139937832,91833100
2019-09-10 00:00:00-04:00,45.67552738189697,45.63687083881521,-0.07591216367464693,51.75302187954688,39.92089080162167,46.80126161319698,44.54979315059696,0.6310988060488476,79794900
2019-09-11 00:00:00-04:00,45.728722381591794,45.66021792352533,-0.08530127230912615,54.825790599700866,54.54482905423692,46.78581984897451,44.671624914209076,0.6356851276800388,89535300
2019-09-12 00:00:00-04:00,45.817521286010745,45.708469060179915,-0.07292232899849471,57.50437668617602,67.98427330512342,46.6929297113808,44.94211286064069,0.6225922364777455,101893200
2019-09-13 00:00:00-04:00,45.850473403930664,45.71595934058131,-0.08979409483407641,52.99307059721402,42.315491591604726,46.66724393051073,45.0337028773506,0.6215192629694328,90407100
2019-09-16 00:00:00-04:00,45.848149108886716,45.69862664761672,-0.11583205260677149,50.16751215271213,24.372780990079583,46.66823785251641,45.02806036525702,0.6199200563307327,79235100
2019-09-17 00:00:00-04:00,45.8459114074707,45.705447404833095,-0.11475199883023063,52.70237214238943,37.9983314040345,46.666593775902655,45.02522903903875,0.6202434772682979,90582500
2019-09-18 00:00:00-04:00,45.87717895507812,45.71081493656681,-0.11208722049990572,52.59946905998907,37.51172817318369,46.63239952714413,45.121958383012114,0.6042695847473566,80882100
2019-09-19 00:00:00-04:00,45.91146736145019,45.73897798518155,-0.09215740168502617,55.32394394644984,51.62410180136684,46.623563450747135,45.19937127215325,0.5894364571696145,88442400
2019-09-20 00:00:00-04:00,45.90368309020996,45.71543489256381,-0.11070862061488163,48.95057096596949,21.939764835825535,46.63040644340696,45.17695973701296,0.594950742171534,69230900
2019-09-23 00:00:00-04:00,45.93701725006103,45.71261856897422,-0.10691772002721978,51.231849182562314,33.132299095526406,46.55077795629318,45.32325654382888,0.5813861221787426,75716200
2019-09-24 00:00:00-04:00,45.94359378814697,45.72292890290004,-0.0928482402443937,52.811591272639355,44.11519091373843,46.549364974800525,45.337822601493414,0.5742151407029489,85809200
2019-09-25 00:00:00-04:00,45.9371452331543,45.721809026103195,-0.08847975959013216,51.35586070525054,45.03452273166822,46.54988992445005,45.324400541858544,0.5621316302454018,75560800
2019-09-26 00:00:00-04:00,45.92364368438721,45.738477107717806,-0.07136979570081195,53.68261325312645,64.22338912584857,46.52738100251775,45.31990636625667,0.5491030622662504,85592000
2019-09-27 00:00:00-04:00,45.90927982330322,45.74712762661633,-0.06316470214786796,52.69546400074421,58.703192915267365,46.507617583429244,45.3109420631772,0.5484572206830197,77652100
2019-09-30 00:00:00-04:00,45.900820350646974,45.765402924034944,-0.04951695383639576,54.17022529246632,64.77861671747372,46.492415008369285,45.30922569292466,0.5412272599327078,87460800
2019-10-01 00:00:00-04:00,45.890329933166505,45.79881393764062,-0.02875340319117789,56.527621417698676,79.77745854383822,46.45836443668973,45.32229542964328,0.5489797611221701,101722300
2019-10-02 00:00:00-04:00,45.7939115524292,45.7028680231927,-0.10040922570468325,39.97259886530568,9.523834290526821,46.41795259073502,45.16987051412338,0.6152475914596991,87378700
2019-10-03 00:00:00-04:00,45.75678615570068,45.67713856767286,-0.10053058141026192,47.92344095540658,52.041090873170845,46.37398046238078,45.13959184902058,0.6412200558152469,101196200
2019-10-04 00:00:00-04:00,45.74458694458008,45.71011505871667,-0.05881200469496031,53.97068853295825,87.75496029811202,46.329744058661575,45.15942983049858,0.637610264928332,110491600
2019-10-07 00:00:00-04:00,45.73385791778564,45.68610593470478,-0.06669863927611161,48.20118952021223,53.571415093899354,46.33163394443999,45.13608189113129,0.6384778064703616,104526700
2019-10-08 00:00:00-04:00,45.715919494628906,45.64107704685715,-0.08464790368010985,45.91331434451364,38.7753594670788,46.352323139089606,45.07951585016821,0.6302425341112075,91224800
2019-10-09 00:00:00-04:00,45.69303245544434,45.62042917997361,-0.0786893957138681,48.19618831087915,51.531136562390024,46.3367778561495,45.049287054739175,0.6171707652833506,98359800
2019-10-10 00:00:00-04:00,45.64873046875,45.58808498421534,-0.08049793310676312,46.751171043925574,42.8573003952556,46.27773012574894,45.01973081175107,0.6044300451333446,89416900
2019-10-11 00:00:00-04:00,45.608225631713864,45.52988834416358,-0.09712866610585734,43.75914409435878,24.489258151039063,46.297781107715,44.91867015571273,0.5913938471276227,80435200
2019-10-14 00:00:00-04:00,45.5803783416748,45.47723424125961,-0.10256899947670284,43.75914409435878,24.489258151039063,46.32264919176668,44.838107491582925,0.5768777608073926,87741500
2019-10-15 00:00:00-04:00,45.54957809448242,45.446472852048316,-0.08916671288377023,46.093228273832345,35.20429542645492,46.30870943426123,44.79044675470361,0.560384852897361,97305800
2019-10-16 00:00:00-04:00,45.51835556030274,45.4170331332288,-0.07684079355187515,45.89779372754082,34.183464228121174,46.29124511874353,44.74546600186194,0.5468781736282721,86851000
2019-10-17 00:00:00-04:00,45.4875545501709,45.41450681048175,-0.048427540263908164,49.364462684056974,49.48947416572255,46.22861477986237,44.74649432047943,0.545788206072093,100041300
2019-10-18 00:00:00-04:00,45.524261474609375,45.491783685813466,0.0258480866592552,58.75643803325055,76.26446443021592,46.33222932259687,44.71629362662188,0.6032429184247802,118163700
2019-10-21 00:00:00-04:00,45.52805862426758,45.5175001431681,0.04198480000879066,52.88749909392003,54.863966585813344,46.33973396212728,44.716383286407876,0.6264557498233179,105384800
2019-10-22 00:00:00-04:00,45.50907192230225,45.51022803771291,0.0298938285173503,49.22870404974096,40.07782906824036,46.31015694247394,44.70798690213056,0.6226955383036464,95851400
2019-10-23 00:00:00-04:00,45.528902244567874,45.5671374285827,0.0636829773939255,56.037765216341015,66.814143745814,46.36776157042063,44.690042918715115,0.6270394944140104,104408000
2019-10-24 00:00:00-04:00,45.538184356689456,45.61621635209752,0.08015421008782486,55.73215119290426,65.48696406693001,46.39699380341596,44.67937490996295,0.6021415105941408,93356600
2019-10-25 00:00:00-04:00,45.514556884765625,45.591506044057354,0.04002703988023635,47.69961108651413,27.433812279305403,46.36599871405055,44.6631150554807,0.6157897802627195,83574200
2019-10-28 00:00:00-04:00,45.4778491973877,45.55468304004742,0.0030568840441618068,46.19875297291183,19.469133989357776,46.3161282414819,44.6395701532935,0.606764267321576,74708100
2019-10-29 00:00:00-04:00,45.425531196594235,45.50850927918818,-0.028925715628708926,44.84803012350326,12.389975584627845,46.22774765495089,44.62331473823758,0.5875339636403714,66708400
2019-10-30 00:00:00-04:00,45.46181697845459,45.50932720242212,-0.01888219587524959,50.057327338812456,35.84135052540211,46.20983596783483,44.71379798907436,0.5992117643743603,75329300
2019-10-31 00:00:00-04:00,45.48671054840088,45.54944652973051,0.014864774391918665,54.35030281839442,57.52268583114331,46.261844066857684,44.711577029944074,0.5937814467236754,89311300
2019-11-01 00:00:00-04:00,45.45970821380615,45.54315114896935,0.006736658948496091,49.403675910000004,34.07151091744951,46.194767664266976,44.72464876334533,0.6050132273998311,79421800
2019-11-04 00:00:00-05:00,45.42890796661377,45.476376212186,-0.03961394241672005,43.31557171467539,7.02475233041082,46.21174023177014,44.6460757014574,0.6238809321552031,61906700
2019-11-05 00:00:00-05:00,45.37996501922608,45.35809692193503,-0.10524710531413331,38.477927646177285,9.174315697714574,46.31767316518252,44.442256873269635,0.6407982956607096,42622700
2019-11-06 00:00:00-05:00,45.33650665283203,45.28162170238876,-0.12004799415986905,42.15015389855866,20.79520665173835,46.34021353005847,44.33279977560559,0.6185341111658922,55911600
2019-11-07 00:00:00-05:00,45.278702926635745,45.17144254983611,-0.14986767573382764,38.80256155745505,11.538515319104093,46.41321493457256,44.14419091869893,0.6370389074198656,44186100
2019-11-08 00:00:00-05:00,45.232713890075686,45.06532797675369,-0.16403884472518734,38.28891624533924,8.741591029533122,46.4812528798747,43.98417490027667,0.6222761597942906,37044300
2019-11-11 00:00:00-05:00,45.17111339569092,44.93958344334635,-0.18290305025869036,35.92032211398947,1.9737286762623922,46.575836723777414,43.76639006760442,0.6133899806125779,28846000
2019-11-12 00:00:00-05:00,45.09516658782959,44.81536630562903,-0.1903784956606012,35.09873406356307,4.012254136772255,46.65139967517069,43.53893350048849,0.5894669593051987,16189100
2019-11-13 00:00:00-05:00,45.04959926605225,44.759237073559255,-0.1451911951185066,42.69852746729306,26.266080118414187,46.65093832044528,43.44826021165922,0.5919664990092574,28447000
2019-11-14 00:00:00-05:00,45.00065593719482,44.726132606290406,-0.09488472337079074,44.88276308243052,33.227485511913265,46.61709020742097,43.38422166696867,0.5689710783758292,37107300
2019-11-15 00:00:00-05:00,44.91163024902344,44.699396190266285,-0.053482576218795985,45.29120364089087,34.49353371651782,46.44217517512709,43.38108532291979,0.5464126687739206,46089700
2019-11-18 00:00:00-05:00,44.86099967956543,44.7041389434673,-0.002476969126074313,48.9567719171314,45.88625088242714,46.341888284657315,43.38011107447355,0.5537954726180327,59871700
2019-11-19 00:00:00-05:00,44.82851161956787,44.712447790369225,0.035184528619348676,49.463147250409946,47.46831044115277,46.28537991511638,43.37164332401936,0.5407596950792045,72551200
2019-11-20 00:00:00-05:00,44.76859874725342,44.73121649562517,0.06727471783911082,50.93118094267867,51.898620819502874,46.10355779813376,43.433639696373085,0.5256413521066913,84521500
2019-11-21 00:00:00-05:00,44.69898090362549,44.72730152013036,0.07249588511621619,48.13452982191242,57.02432076662863,45.89007775676027,43.50788405049071,0.5218494835525709,76665400
2019-11-22 00:00:00-05:00,44.668602752685544,44.72938662286813,0.0782100855861681,48.94751618215374,77.95715664869691,45.82142125780491,43.51578424756618,0.5110953372880338,85778700
2019-11-25 00:00:00-05:00,44.653835487365725,44.74654210598132,0.09021629392425745,51.18351452127641,88.17170362084947,45.78618306253386,43.52148791219759,0.5119588142886,96742200
2019-11-26 00:00:00-05:00,44.674509811401364,44.81671381319627,0.13171991943406755,58.234339496518864,98.30521796669096,45.85073406690434,43.49828555589839,0.5187887034561831,109962000
2019-11-27 00:00:00-05:00,44.67493152618408,44.88422028515842,0.15530808429582993,58.70654943251697,94.0477303627894,45.852369281953045,43.49749377041512,0.5118697507367818,119557200
2019-11-29 00:00:00-05:00,44.64830265045166,44.9331519365254,0.15524580532383347,56.6224306457146,86.96911395003524,45.73124260973507,43.565362691168254,0.5062772678428996,112334900
2019-12-02 00:00:00-05:00,44.65891284942627,45.00576118173541,0.1671366418502176,60.17484267691642,100.0,45.77792781020542,43.539897888647126,0.5247671823803427,125508700
2019-12-03 00:00:00-05:00,44.703715324401855,45.07550428940402,0.16923966408755078,60.67046074625436,98.23414168599027,45.916304936073175,43.491125712730536,0.5140027255814142,140007000
2019-12-04 00:00:00-05:00,44.79972534179687,45.1782795011228,0.18858387851115196,65.23572540844225,99.14824902911342,46.14527263044395,43.454178053149796,0.5131160042422478,153631000
2019-12-05 00:00:00-05:00,44.87545108795166,45.26316926671062,0.18527958285185286,63.6127625037134,94.82357077875379,46.32393990771177,43.42696226819155,0.5043986620335944,139562900
2019-12-06 00:00:00-05:00,44.98247165679932,45.35859619155142,0.18543473433950722,65.72465451211262,96.39712174445293,46.507544349388105,43.45739896421053,0.48840954326482144,147406400
2019-12-09 00:00:00-05:00,45.07798957824707,45.41659636011089,0.15585995771057093,60.016082272046724,79.54526167024872,46.59859337110198,43.557385785392164,0.4832782596463821,133519200
2019-12-10 00:00:00-05:00,45.17636699676514,45.44478325403727,0.11155935567172942,55.561575992860746,65.5991182513112,46.590118150267344,43.762615843262935,0.469404889997128,124525300
2019-12-11 00:00:00-05:00,45.287881469726564,45.48486036856162,0.08613922864531057,57.59539008639603,73.96738837317602,46.54047140907939,44.03529153037374,0.4656313210833379,133404400
2019-12-12 00:00:00-05:00,45.377937126159665,45.53650438084705,0.07423140608402337,59.692341143766676,82.80020314098628,46.569709948004224,44.186164304315106,0.46334182208534275,144637700
2019-12-13 00:00:00-05:00,45.47061271667481,45.60589939005581,0.07612992091704235,62.62536536673112,94.01260655596856,46.63536654238855,44.30585889096106,0.4733606632340686,157709900
2019-12-16 00:00:00-05:00,45.561600303649904,45.6686853507685,0.07121845644955604,62.62536536673111,79.54658600162853,46.67496588274812,44.44823472455169,0.46748285762567926,167248000
2019-12-17 00:00:00-05:00,45.637398147583006,45.72549169617522,0.06213377470267473,62.62536536673112,79.29282951515393,46.72533114568497,44.549465149481044,0.4517015269304841,176478000
2019-12-18 00:00:00-05:00,45.689408493041995,45.735596177026835,0.023099027191297306,53.73075784591107,53.53614262575781,46.707824509186764,44.670992476897226,0.4716606719193828,161345900
2019-12-19 00:00:00-05:00,45.752939796447755,45.777934185278745,0.017198832631888816,58.79725823271989,74.24283646029274,46.726359196415565,44.779520396479946,0.4640820458401761,174731800
2019-12-20 00:00:00-05:00,45.85507183074951,45.86886901896313,0.04535870893903782,65.28708126840861,87.22231573386487,46.788830551587054,44.921313109911964,0.48437181401988105,198564600
2019-12-23 00:00:00-05:00,45.95169849395752,45.946284194589225,0.05476519171939198,64.2803604747657,79.11371366457514,46.804129157310676,45.09926783060437,0.47406391579673285,189263800
2019-12-24 00:00:00-05:00,46.03180751800537,46.00013328810584,0.044204730654236246,60.90965401992694,66.45552415980117,46.77103748207537,45.292577553935374,0.4620632417478462,185904500
2019-12-26 00:00:00-05:00,46.09640254974365,46.073953514619944,0.04925194425281337,64.0558764543116,86.07583148988103,46.8580774827945,45.3347276166928,0.4478834380508739,192133000
2019-12-27 00:00:00-05:00,46.172915840148924,46.16746247293274,0.06479018565080186,67.09227816857333,94.41327060816172,46.994889466930395,45.35094221336745,0.44321805812826237,199028500
2019-12-30 00:00:00-05:00,46.25240497589111,46.245588460211096,0.06369724018714046,65.64454511864824,89.94397343396354,47.06669663992419,45.43811331185803,0.431598752581262,192596800
2019-12-31 00:00:00-05:00,46.320417404174805,46.322751233229496,0.060773068333192015,66.42476970840372,94.41327060816172,47.1640040172185,45.47683079113111,0.4250603610413605,200579400
2020-01-02 00:00:00-05:00,46.371001434326175,46.36341725056794,0.03284391516920182,59.83905180226717,71.42862148878436,47.18980580202973,45.55219706662262,0.4353847723412082,188711700
2020-01-03 00:00:00-05:00,46.38800411224365,46.37592013820917,-0.00611353741991294,54.94975300229557,52.79503146270153,47.20224134326458,45.57376688122272,0.45893844709294285,177357200
2020-01-06 00:00:00-05:00,46.40840740203858,46.385612299874325,-0.03473619418553464,54.6291639342432,49.99908764357594,47.21006337356367,45.606751430513484,0.4498398367199526,162658900
2020-01-07 00:00:00-05:00,46.401181602478026,46.36037646048897,-0.07700227670149556,48.263804431658805,23.076753266412403,47.21044145084255,45.5919217541135,0.44928453047918065,152685000
2020-01-08 00:00:00-05:00,46.41308422088623,46.34564063849858,-0.09721700084303098,49.76470841750551,29.48698354589687,47.203262905648685,45.62290553612378,0.44694789801719537,163361000
2020-01-09 00:00:00-05:00,46.479821395874026,46.412465553507644,-0.05404225202765356,61.632020146529804,92.81078841209529,47.247197616741566,45.712445175006486,0.4787846256743723,178759000
2020-01-10 00:00:00-05:00,46.54698314666748,46.48830959340331,-0.016680392631687913,63.41811050412893,78.26084725788415,47.32264948206239,45.77131681127257,0.4804133681273505,191799100
2020-01-13 00:00:00-05:00,46.6315731048584,46.605510742734126,0.03736230093016685,68.41806606492392,95.32718797177141,47.52245658619115,45.74068962352565,0.4952854622318085,206102000
2020-01-14 00:00:00-05:00,46.69873523712158,46.70102349321685,0.05933548969811464,66.30341282983065,86.81814136107366,47.668071884703664,45.7293985895395,0.4878413704648708,189756700
2020-01-15 00:00:00-05:00,46.79565296173096,46.844117110027305,0.10495325087463864,71.42464781974479,90.31148053768045,47.94339411672583,45.64791180673609,0.512506473517232,207492100
2020-01-16 00:00:00-05:00,46.897671127319335,46.98329788900629,0.13129172062961786,72.20445597895636,94.46334754317651,48.19201633831588,45.60332591632279,0.4965453743471248,217726200
2020-01-17 00:00:00-05:00,47.02646827697754,47.11893920798485,0.14386684441793596,72.9980679089244,93.13715537733735,48.38205087717863,45.67088567677645,0.48233173304268107,231990500
2020-01-21 00:00:00-05:00,47.14761390686035,47.26028384163659,0.15279582813022358,74.50079109103501,97.46828646245096,48.60801575098942,45.68721206273128,0.48917247126535734,243959400
2020-01-22 00:00:00-05:00,47.2598331451416,47.42379344763214,0.17001784703703626,77.12384867726277,99.15496317764546,48.90828932110362,45.61137696917958,0.48277303058013504,256829000
2020-01-23 00:00:00-05:00,47.383955001831055,47.58954316660301,0.17921062598461968,78.32442223211912,99.46817328939014,49.204459914252695,45.563450089409415,0.4853312901414948,269687900
2020-01-24 00:00:00-05:00,47.510202407836914,47.72736265517709,0.16240672500364017,75.41823095563952,94.89250214694425,49.419285258408436,45.60111955726539,0.4755620078853106,261093600
2020-01-27 00:00:00-05:00,47.61477127075195,47.835863633236855,0.1271066307726174,71.60329984380478,89.51631142164186,49.579663579105016,45.64987896239889,0.4853151366917002,246733700
2020-01-28 00:00:00-05:00,47.685333824157716,47.89597649150187,0.06712496154428438,63.47693925641128,76.88175795571044,49.66615953938545,45.704508108929986,0.49801519426237884,231493500
2020-01-29 00:00:00-05:00,47.75929698944092,47.95036431564641,0.020164603177326823,63.47693925641128,71.6171869961922,49.740884522035344,45.777709456846495,0.4988775866539807,244657100
2020-01-30 00:00:00-05:00,47.90849857330322,48.14936097645631,0.08415271474040564,75.94139805024332,96.62924313084595,50.09455161387977,45.72244553272667,0.5828718805024794,264882700
2020-01-31 00:00:00-05:00,48.05344924926758,48.29216068675288,0.0888065720497313,69.58254117578133,81.42074883609882,50.296648614351696,45.81024988418346,0.5977124394591619,247197500
2020-02-03 00:00:00-05:00,48.218803787231444,48.43593474802195,0.09054779759269782,70.6192798871042,84.61551044327328,50.46557290039955,45.97203467406334,0.5896321491484272,259531100
2020-02-04 00:00:00-05:00,48.396060371398924,48.58706663097633,0.09450543908089859,72.09850542568891,82.31878398166063,50.62471230971231,46.16740843308554,0.6003457913036535,274949000
2020-02-05 00:00:00-05:00,48.59159469604492,48.724614807002204,0.08586636897104605,72.15658130424816,79.16679420811555,50.66843363528107,46.514755756808775,0.5902555022226011,286363900
2020-02-06 00:00:00-05:00,48.788829231262206,48.86039825718633,0.0766419386323598,73.00361964392187,84.02778531109949,50.6610060544314,46.916652408093015,0.5784568895368949,295710900
2020-02-07 00:00:00-05:00,48.95248298645019,48.9994438850594,0.07061532757727773,74.21068826488143,90.97245894649711,50.758157522672484,47.1468084502279,0.5656793644213012,304468700
2020-02-10 00:00:00-05:00,49.13186416625977,49.17058747396837,0.0862786499899515,77.27447173762116,97.169797427807,50.921760131080035,47.3419682014395,0.5647442549631271,312453600
2020-02-11 00:00:00-05:00,49.27893962860107,49.31247732484786,0.07545659353525136,74.54940345556415,92.13845716624846,51.06365942478267,47.494219832419475,0.553553347368268,305022400
2020-02-12 00:00:00-05:00,49.42389049530029,49.42628062312779,0.04734455273402405,71.4948945218581,86.47835811383528,51.11056368972753,47.737217300873056,0.5413401192030693,295843300
2020-02-13 00:00:00-05:00,49.54758701324463,49.54543835698355,0.030377158636331947,72.82714070588813,92.76730128514063,51.22092840058034,47.87424562590892,0.5409297787745366,304016500
2020-02-14 00:00:00-05:00,49.680635643005374,49.68077640722526,0.02881120933267156,74.96898129658635,96.48096526552139,51.3609246509045,48.00034663510625,0.5302253758130104,313982000
2020-02-18 00:00:00-05:00,49.790730476379395,49.769219454704924,-0.004318254564016244,67.85393792472632,84.16435425561971,51.410378632464244,48.171082320294545,0.5227142627042354,303906300
2020-02-19 00:00:00-05:00,49.901251029968265,49.868671785981164,-0.0196764829461733,69.62784977733281,87.01341818426356,51.4828598692555,48.31964219068103,0.5175617074547016,310172000
2020-02-20 00:00:00-05:00,49.99094181060791,49.954603074686084,-0.0387809233024079,68.7761442921131,81.77066280714405,51.5561210174479,48.425762603767915,0.5261367562425052,302574800
2020-02-21 00:00:00-05:00,50.08870944976807,50.06554737995686,-0.034185309065006275,71.81947137445184,100.0,51.67917386600527,48.498245033530864,0.5310631039280136,313417200
2020-02-24 00:00:00-05:00,50.12994155883789,50.04609429405881,-0.11743993805335218,52.08480439550478,6.917890228904781,51.65038685245039,48.609496265225395,0.5878615855505284,299001700
2020-02-25 00:00:00-05:00,50.14439353942871,49.961291269540936,-0.215859687008919,44.671397574617565,7.9681194259209205,51.62140659973104,48.667380479126386,0.6418170635709366,283086600
2020-02-26 00:00:00-05:00,50.16947288513184,49.86675263044961,-0.2850374555421893,42.92736534146342,4.528256654177423,51.54527660394123,48.793669166322445,0.6560908356670304,267248800
2020-02-27 00:00:00-05:00,50.081057167053224,49.56503659740177,-0.46453501803270114,28.423363783113757,0.9523655952063582,52.002286498876096,48.15982783523035,0.7920093311896205,243494800
2020-02-28 00:00:00-05:00,49.85279178619385,49.175463744026644,-0.6359771566296863,23.760580542879367,22.339176669086235,52.63243129139904,47.07315228098866,0.9388657289106669,202604200
2020-03-02 00:00:00-05:00,49.74737281799317,49.01974134655331,-0.581968956406701,41.26956740778586,50.76012365828007,52.70424078205926,46.790504853927075,1.0217941558668864,228302800
2020-03-03 00:00:00-05:00,49.64025363922119,48.89018548065668,-0.5123998159205854,42.094705549142326,52.397621789497066,52.73355284883602,46.546954429606366,1.061150235248698,255402000
2020-03-04 00:00:00-05:00,49.64365425109863,49.004532745031455,-0.287984428009995,55.766323373273494,85.84788487736364,52.738777276286655,46.54853122591061,1.1638852578924048,275928100
2020-03-05 00:00:00-05:00,49.553963088989256,48.93148193474851,-0.2510656054641144,46.7128575852152,60.350734307833974,52.70245567695647,46.405470501022045,1.2465304170521192,257979600
2020-03-06 00:00:00-05:00,49.395409965515135,48.745557804244186,-0.2950504662789579,41.756576887572024,43.04081199163766,52.722137479779605,46.068682451250666,1.3250933462740129,235625700
2020-03-09 00:00:00-04:00,49.08383007049561,48.302055103788824,-0.49093414657162915,33.07466108720402,4.39307638019123,53.10125964481349,45.06640049617773,1.4599836088644174,207727400
2020-03-10 00:00:00-04:00,48.824959945678714,48.04653071983424,-0.48851444659056,40.16731797734331,27.790196901701268,53.03043404647826,44.619485844879165,1.515405880942536,235184800
2020-03-11 00:00:00-04:00,48.5112548828125,47.697940141838494,-0.5371429570140517,36.78531621043068,11.90210923609376,53.04544345349997,43.97706631212503,1.5601897208749755,212530900
2020-03-12 00:00:00-04:00,47.99053745269775,46.97366616209123,-0.8093110039948075,27.95666081725693,3.5850573281068114,53.722076559704895,42.25899834569061,1.7839502929100577,180617800
2020-03-13 00:00:00-04:00,47.53507308959961,46.45885505776353,-0.8373544383930835,33.832613784422534,17.626619343936643,53.76614659032585,41.30399958887336,1.8372350922704084,214315000
2020-03-16 00:00:00-04:00,46.92751064300537,45.73089161918002,-0.9788275918638976,29.067704814829256,23.6183246298166,54.01284256477679,39.84217872123395,2.153183916903518,185632700
2020-03-17 00:00:00-04:00,46.42013149261474,45.229077693348515,-0.9009821925418409,34.967437174468344,34.705676838671295,53.824309756443455,39.01595322878603,2.1366022130731324,217739400
2020-03-18 00:00:00-04:00,45.80263900756836,44.58474831609416,-0.9203041392805755,31.539145712122036,21.250708679201324,53.68284221453526,37.922435800601455,2.326417745294115,182331100
2020-03-19 00:00:00-04:00,45.05777454376221,43.755120956586126,-1.0351812038689965,27.74255958391811,4.527991707150038,53.6982842244563,36.41726486306811,2.3936356010125017,140374200
2020-03-20 00:00:00-04:00,44.14411373138428,42.716185820956085,-1.2294828305534864,24.091908021408713,3.7660222096771934,53.82886297831051,34.45936448445805,2.501996178857399,88860700
2020-03-23 00:00:00-04:00,43.26163272857666,41.71575573532932,-1.307880140845299,23.396845357853195,5.8063495893365324,53.87382850989145,32.64943694726186,2.483776874935997,43882200
2020-03-24 00:00:00-04:00,42.495477294921876,40.96497460468132,-1.1625984659554773,29.02868375292607,14.863843166337478,53.500217677135716,31.490736912708037,2.541593964112277,92978400
2020-03-25 00:00:00-04:00,41.831294250488284,40.46211746808407,-0.8673091030998545,34.9176512989242,27.87941085825331,52.79651144081326,30.866077060163306,2.605081214435485,135490100
2020-03-26 00:00:00-04:00,41.39552536010742,40.22604499263131,-0.4630404219376696,41.4133002163242,47.00426534469181,52.244458047535296,30.546592672679544,2.6432064835451774,173311800
2020-03-27 00:00:00-04:00,40.95750484466553,39.891575119821184,-0.238280302366348,39.09288820945055,38.33023983489977,51.819704341590494,30.095305347740563,2.5701819812129676,150013900
2020-03-30 00:00:00-04:00,40.51009902954102,39.76783103870168,0.06358758602284587,44.085411081925685,54.82887270774745,50.98094996193394,30.039248097148096,2.555055509802339,173459900
2020-03-31 00:00:00-04:00,40.02458171844482,39.594614609560075,0.23690882255503265,42.79176636156322,60.045197754387885,50.013830049825465,30.035333387064178,2.4613748201370393,148086000
2020-04-01 00:00:00-04:00,39.326158142089845,39.263923716220276,0.24450590085618495,39.26759230514714,44.01812912305566,48.30465962071234,30.347656663467344,2.435643185437645,126149600
2020-04-02 00:00:00-04:00,38.79887237548828,39.11419611515446,0.364007328308249,43.56773323660915,66.14995723478516,46.80844187017115,30.789302880805412,2.4043986904062544,143771500
2020-04-03 00:00:00-04:00,38.329351615905765,38.968926330168586,0.4398290247959964,43.35095912856077,67.31968227798205,45.413165545524706,31.24553768628682,2.295751135194897,129564400
2020-04-06 00:00:00-04:00,38.12613582611084,39.06945369430152,0.6452984220346814,49.725890388739465,96.8342647534696,44.75604625767988,31.496225394541806,2.3265679399746184,152414400
2020-04-07 00:00:00-04:00,37.83954563140869,39.147338597532105,0.7555953930103074,49.38867947897776,83.04947784111963,43.58573811156186,32.09335315125552,2.2902504742024314,131134800
2020-04-08 00:00:00-04:00,37.67076454162598,39.324802336359966,0.8791897527445354,52.24414187263462,93.67395809227511,42.80340105362729,32.538128029624666,2.2344743491118404,150071900
2020-04-09 00:00:00-04:00,37.76724548339844,39.581743274796295,0.9955208607363135,54.7221899161972,94.57652767979522,43.14507538137858,32.3894155854183,2.1918709060460135,169237200
2020-04-13 00:00:00-04:00,37.70121021270752,39.64514335841875,0.9210588587910935,49.83674093224271,74.31197207918224,42.92083802526887,32.48158240014617,2.1884521860930843,149651200
2020-04-14 00:00:00-04:00,37.85815200805664,39.865041596628316,0.9510203025037143,54.0809927907258,91.7515467167609,43.38220406496803,32.334099951145255,2.1742516890285244,171453100
2020-04-15 00:00:00-04:00,37.87659034729004,39.95700070005582,0.8620841947677209,51.02068262506913,73.26608870024033,43.43762004350709,32.31556065107299,2.1114468890473304,158559900
2020-04-16 00:00:00-04:00,37.97307090759277,39.99854638940598,0.7451068009874486,49.83826633976057,66.83476785164673,43.63748545591741,32.308656359268134,2.0273999983792064,140953100
2020-04-17 00:00:00-04:00,38.240214347839355,40.114544813861734,0.6954412974850229,52.089084653141086,78.94067468250762,43.986746391125,32.49368230455371,1.9560944940346783,160797700
2020-04-20 00:00:00-04:00,38.593119049072264,40.09453064655384,0.5527057212598073,48.36432676623571,59.64688041221409,43.81418270995876,33.37205538818577,1.9235738042320238,141839800
2020-04-21 00:00:00-04:00,38.928443336486815,39.98249493451691,0.3786560887199375,45.718089717897044,45.14506719337141,43.25120719870719,34.60567947426644,1.9478958372580788,114976100
2020-04-22 00:00:00-04:00,39.195587921142575,39.90563308900488,0.2725995447941174,46.53987467434089,48.53889456940633,42.83143811157939,35.55973773070576,1.8559294050564463,130787700
2020-04-23 00:00:00-04:00,39.343953704833986,39.78626711331282,0.16429191839720725,45.04654040574477,27.414276554985804,42.61893620194576,36.068971207722214,1.7925838852890252,113119500
2020-04-24 00:00:00-04:00,39.39283714294434,39.70767264900084,0.11296585047964791,46.14478588038582,21.389240541476166,42.61386708265688,36.17180720323179,1.706197067923314,128294500
2020-04-27 00:00:00-04:00,39.56307163238525,39.74682774118585,0.1539716569243761,50.16682598610825,46.06950868722207,42.55128265021128,36.57486061455923,1.679275684882277,147470000
2020-04-28 00:00:00-04:00,39.63768310546875,39.778986216285894,0.17427267201480812,50.047544083389,45.33813667333481,42.599611399436824,36.67575481150068,1.6469257365915955,130223300
2020-04-29 00:00:00-04:00,39.76074924468994,39.83911908303378,0.20312196664378895,51.23364178581829,52.28511367426749,42.63504220746172,36.88645628191816,1.5978967033182294,146003300
2020-04-30 00:00:00-04:00,39.92240734100342,39.79306223281739,0.1472377140686011,47.31720283852514,32.66510641137639,42.27661496756541,37.568199714441434,1.5707471569850375,125202200
2020-05-01 00:00:00-04:00,39.99315967559814,39.727706838922764,0.0922858090378092,46.41634080846189,26.853811388964232,42.151901642585756,37.83441770861053,1.5308348813341315,110911800
2020-05-04 00:00:00-04:00,40.049333000183104,39.63100426993031,0.0312834122031046,44.95422691086377,21.256102998339376,42.00369273398987,38.094973266376336,1.4827472972620177,88367600
2020-05-05 00:00:00-04:00,39.9948751449585,39.564747344134304,0.009021195755180789,45.98980387782659,28.217928156980495,42.008763579558895,37.9809867103581,1.4356437872415697,101738100
2020-05-06 00:00:00-04:00,39.91940574645996,39.45171018833599,-0.0376179308284299,43.772669208733554,12.12861765354886,42.05332155223967,37.78548994068024,1.388842166690018,89845200
2020-05-07 00:00:00-04:00,39.78133144378662,39.33718748485235,-0.06963948996799263,43.2544646171568,9.09095133082283,41.97154911270239,37.59111377487085,1.3349698551386777,73379200
2020-05-08 00:00:00-04:00,39.65740776062012,39.35690377454368,0.00019054308623173144,49.709171081930606,49.46544346637287,41.59186891100406,37.72294661023617,1.3388522867134356,87364300
2020-05-11 00:00:00-04:00,39.59780426025391,39.32818666701645,0.016358845275872946,47.51216755828178,29.71443136410493,41.529329548527215,37.6662789719806,1.2793619534193952,76489700
2020-05-12 00:00:00-04:00,39.42199535369873,39.243397149063995,-0.010201538091827222,44.81761304882565,9.14289735765324,41.08507374081484,37.758916966582625,1.2522993534348579,63065300
2020-05-13 00:00:00-04:00,39.264624404907224,39.09480629741858,-0.07088529263978649,41.70443237717985,9.374960210396308,40.960092943888974,37.569155865925474,1.2424848528111758,47210500
2020-05-14 00:00:00-04:00,39.11883125305176,38.94076449777139,-0.11458611699406424,40.870607540276865,9.853268238248965,40.90031888926722,37.3373436168363,1.2045798102402734,29209700
2020-05-15 00:00:00-04:00,38.913005638122556,38.76545526442244,-0.15603659937554748,39.318511036092744,1.2499481646935018,40.62744296298178,37.19856831326333,1.2098120050186054,-2369700
2020-05-18 00:00:00-04:00,38.84611263275146,38.74651056778288,-0.07587670479089237,47.64056608606035,37.98304796568788,40.50407339845695,37.188151867045974,1.2538762394582075,23748800
2020-05-19 00:00:00-04:00,38.81009311676026,38.69424911850277,-0.04064681418569682,45.93461001112544,35.263477570276436,40.491365574859586,37.12882065866093,1.2304719286735544,5908900
2020-05-20 00:00:00-04:00,38.81909694671631,38.75722750300362,0.062087066322415674,51.773405497655155,84.32555101752531,40.510000518419844,37.12819337501277,1.2424300292598291,28204800
2020-05-21 00:00:00-04:00,38.823384857177736,38.755400936381065,0.08831309381462493,48.7495549965852,65.23153410777272,40.51300914203484,37.13376057232063,1.2186181153918496,15011300
2020-05-22 00:00:00-04:00,38.80623245239258,38.74231295599563,0.096752431955342,48.160507197413864,60.59554077500689,40.4968840708504,37.11558083393476,1.1720039311593566,2002900
2020-05-26 00:00:00-04:00,38.776645278930665,38.81705054568224,0.1590585664066203,52.80972413760799,77.47998246979148,40.393479155452155,37.159811402409176,1.204680051871812,24226000
2020-05-27 00:00:00-04:00,38.77621688842773,38.93694324796753,0.22851061719171012,55.40992078736879,90.74551962171468,40.391668397968374,37.16076537888709,1.1798889713150094,42673600
2020-05-28 00:00:00-04:00,38.7749303817749,39.07482019426415,0.2829548662551822,56.85013227607099,91.31458121056154,40.385206898387565,37.16465386516224,1.1403283624138258,58904200
2020-05-29 00:00:00-04:00,38.80880641937256,39.16607950030707,0.28235247552431186,54.68384591252554,81.69044549706078,40.49330996055083,37.124302878194285,1.1231967310605835,7779200
2020-06-01 00:00:00-04:00,38.86840972900391,39.273966861187425,0.2860409497450796,56.04759852521088,88.96733290479084,40.671088885799335,37.06573057220848,1.0821731911509154,24789900
2020-06-02 00:00:00-04:00,38.94387855529785,39.364227768729656,0.26968126929168706,55.52510977888858,86.85449618471654,40.8381541828912,37.0496029277045,1.048980380701685,9534800
2020-06-03 00:00:00-04:00,39.051078987121585,39.527569427474155,0.30065543792581984,59.98804262483422,95.52851095775789,41.161603956759514,36.940554017483656,1.048787484110975,25043100
2020-06-04 00:00:00-04:00,39.18701000213623,39.67698924471899,0.3053532440798512,60.074385916291526,93.09662702770187,41.451185833133664,36.9228341711388,1.0283932929863249,38647800
2020-06-05 00:00:00-04:00,39.37954254150391,39.907740039423025,0.3555783772863247,64.8501499347694,92.53728795887335,41.928911370680574,36.830173712327245,1.0511108248882455,59152600
2020-06-08 00:00:00-04:00,39.53991432189942,40.17858804848002,0.40845604499766947,67.56423532808097,97.90204798415324,42.48358479407948,36.59624384971935,1.0299376651119072,79049300
2020-06-09 00:00:00-04:00,39.688279724121095,40.354216061952535,0.3711781955962171,61.81526690503852,81.76695900758092,42.81286259216735,36.56369685607484,1.0280417980133894,62335600
2020-06-10 00:00:00-04:00,39.85122451782227,40.48208049438934,0.30422392713058033,59.382600374417315,74.62412623589326,43.037279656316464,36.66516937932807,0.9974905772572491,46619000
2020-06-11 00:00:00-04:00,39.9198335647583,40.34620369925777,0.07371387668276952,44.19962667981259,16.729639735071167,42.972491775258824,36.867175354257775,1.1198147146345314,20548600
2020-06-12 00:00:00-04:00,40.01907081604004,40.26200453044825,-0.052867818413708634,46.469298607825415,13.081742521562163,42.87005372688016,37.168087905199926,1.1164775221143282,42371300
2020-06-15 00:00:00-04:00,40.167463874816896,40.24351635832409,-0.09485161276700704,49.7476613128584,36.236751029797055,42.68466938964869,37.6502583599851,1.159120955566348,57993600
2020-06-16 00:00:00-04:00,40.26286792755127,40.26552594366413,-0.09409553894151795,51.87867514373401,45.54350676347172,42.672471719777214,37.853264135325325,1.1690477062620512,76797100
2020-06-17 00:00:00-04:00,40.36848907470703,40.269779500787266,-0.10282665871404334,50.93825624014969,41.78114182551861,42.58413463325879,38.152843516155265,1.1238691874573008,64194300
2020-06-18 00:00:00-04:00,40.433963203430174,40.30741999882892,-0.08367509288025282,52.92145511010029,49.89985122543121,42.60290342990481,38.265022976955535,1.103552539083227,73575100
2020-06-19 00:00:00-04:00,40.48833961486817,40.261530168676316,-0.12407433081398028,47.980071659389466,30.692534805574113,42.53560023263165,38.44107899710468,1.1341383101539608,43110500
2020-06-22 00:00:00-04:00,40.53660335540771,40.19693224338572,-0.16129254744554183,46.62659837977998,25.14779486685535,42.44609126105074,38.62711544976469,1.1007252841979087,22234300
2020-06-23 00:00:00-04:00,40.535086441040036,40.13024530214437,-0.18425600623036834,46.12621474725342,23.167804929667884,42.447825339877724,38.62234754220235,1.0659899846325986,7559000
2020-06-24 00:00:00-04:00,40.46328926086426,39.98831530347939,-0.2458138961799063,41.390127903205524,3.564385779474127,42.540323241209116,38.3862552805194,1.060315694628588,-10072800
2020-06-25 00:00:00-04:00,40.38817119598389,39.88297954947893,-0.2576360869823666,43.16748783619503,16.39313180907639,42.57681787275969,38.19952451920808,1.0433022779588923,3756900
2020-06-26 00:00:00-04:00,40.271786499023435,39.67558616081483,-0.32765121210047765,37.25749397503789,1.0650747400320828,42.75176159680963,37.79181140123724,1.0615017985960231,-18198200
2020-06-29 00:00:00-04:00,40.17629261016846,39.553055956208766,-0.31098360425766075,42.20721214730301,15.988368585436534,42.78830636253142,37.5642788578055,1.0487306351304138,-594300
2020-06-30 00:00:00-04:00,40.098504638671876,39.46856938518405,-0.26610721806360665,44.12987516336881,27.33662678317146,42.7918721001471,37.40513717719665,1.0226544881042947,23085500
2020-07-01 00:00:00-04:00,39.98389377593994,39.40366734191968,-0.21523742101805152,44.9920586735419,30.60752418880642,42.69558058085862,37.27220697102126,1.0021493190900517,37402000
2020-07-02 00:00:00-04:00,39.8710205078125,39.34989065659362,-0.16720570733946177,45.38102116655736,32.00913138025722,42.57599113727302,37.166049878351984,0.9695101497391142,52513900
2020-07-06 00:00:00-04:00,39.723122215271,39.33008266437339,-0.1070726741660728,47.704488953459425,40.1868383547283,42.241481908448115,37.20476252209388,0.9410567033278223,67659900
2020-07-07 00:00:00-04:00,39.54177017211914,39.31051319838396,-0.06269729314551853,47.57996769251778,39.719670287976825,41.65075980512728,37.43278053911101,0.9171082708332705,54616300
2020-07-08 00:00:00-04:00,39.39080810546875,39.281268213483926,-0.037009869616616675,46.6615030025875,36.44846390875274,41.175087761842406,37.606528449095094,0.8973433423338559,40765100
2020-07-09 00:00:00-04:00,39.20594787597656,39.159203432456444,-0.0806291611031088,39.805537384806534,9.345918618206385,40.74560577418602,37.66628997776711,0.9098961677602178,24678000
2020-07-10 00:00:00-04:00,39.20681324005127,39.15096324146078,-0.032672335266935526,48.51416682927757,58.99304376150505,40.74615106772973,37.66747541237281,0.9308251181250405,40305800
2020-07-13 00:00:00-04:00,39.19166870117188,39.1517497564807,0.00728359763449643,49.15305274385431,62.59018608612964,40.726615272375014,37.65672212996874,0.9088438249822286,57011100
2020-07-14 00:00:00-04:00,39.173063087463376,39.20356087005155,0.06883180988044635,53.04353658588727,97.11936090065664,40.673713082748506,37.672413092178246,0.9224303217330768,74091200
2020-07-15 00:00:00-04:00,39.15705318450928,39.294118781981155,0.1355593990634615,56.13337261272613,78.53265611058477,40.607821423956935,37.706284945061626,0.9381362675624988,97829200
2020-07-16 00:00:00-04:00,39.13844757080078,39.35544804267696,0.15864975264818315,54.31775055640491,71.73936596264485,40.53823292110826,37.738662220493296,0.9174870913917632,84523100
2020-07-17 00:00:00-04:00,39.13109169006348,39.46615652580092,0.203625792722797,58.21824364269274,89.83525551252633,40.499915247099324,37.76226813302763,0.9001671992162519,98422900
2020-07-20 00:00:00-04:00,39.13541812896729,39.50862786242014,0.18383578113245605,53.1154596723993,68.15464356910904,40.513510173228404,37.75732608470617,0.8964475348459615,81789700
2020-07-21 00:00:00-04:00,39.19859218597412,39.63606645583363,0.22237539859135985,59.075373925694905,81.00953251821427,40.757047379790315,37.64013699215793,0.9480078434557042,107471200
2020-07-22 00:00:00-04:00,39.321478843688965,39.8568651281017,0.3059940685046793,64.78846548221449,99.14710173888459,41.288597380119135,37.354360307258794,0.9723960816179941,137302400
2020-07-23 00:00:00-04:00,39.47854804992676,40.040150776941346,0.33104842180299976,63.30142761934622,93.88182347014005,41.68947359726237,37.267622502591145,0.9363188724808381,121367400
2020-07-24 00:00:00-04:00,39.63258876800537,40.22328920276092,0.33997216552245046,64.22978143779615,93.76261578572931,42.07323965360605,37.19193788240469,0.9145631993007123,137564200
2020-07-27 00:00:00-04:00,39.8450439453125,40.388161899131156,0.32539254960653075,64.14659056414871,93.56146027127325,42.31720646799688,37.37288142262811,0.8696357805357205,120217700
2020-07-28 00:00:00-04:00,40.0103343963623,40.512606292875546,0.2800876408775116,61.569486423311105,79.81650656702625,42.512861582878536,37.50780720984607,0.8804595627599282,106345000
2020-07-29 00:00:00-04:00,40.15485553741455,40.61201233941065,0.22499384133421402,60.18089362437003,76.75287480599629,42.663972203744855,37.64573887108424,0.8596031869348278,92586900
2020-07-30 00:00:00-04:00,40.27903995513916,40.67475271521919,0.15675066683546363,57.309863831068235,65.50981255131488,42.75065632497956,37.807423585298764,0.8618713844212078,75310400
2020-07-31 00:00:00-04:00,40.381157302856444,40.6944295138023,0.07685881072502498,53.55772393646624,55.748446412038405,42.77385396586208,37.98846063985081,0.8645958388509537,60461200
2020-08-03 00:00:00-04:00,40.42745590209961,40.63475800993013,-0.0333834110681121,46.682190871470375,13.119587188177487,42.75745662770724,38.09745517649198,0.8726889569650297,46323700
2020-08-04 00:00:00-04:00,40.49149513244629,40.6129132355004,-0.08334002406637958,49.57458142569989,24.489981053969302,42.74385205206453,38.239138212828045,0.8499150025248021,58040900
2020-08-05 00:00:00-04:00,40.58452548980713,40.63683083251469,-0.08497045651884522,53.28348219162334,39.94184716967841,42.73473271862442,38.43431826098983,0.8250588820680617,68539600
2020-08-06 00:00:00-04:00,40.73899841308594,40.67989898925343,-0.07094358114703647,55.03084736790182,47.52185271911704,42.53968481671034,38.938312009461534,0.823613206312856,79284600
2020-08-07 00:00:00-04:00,40.85366306304932,40.74523950706448,-0.04436260807078335,57.15499784744547,51.63384326014306,42.500835464770546,39.20649066132809,0.8185621015288714,90954300
2020-08-10 00:00:00-04:00,40.96053924560547,40.79776386832434,-0.03329621271589567,56.43729689119772,49.01955880400984,42.420855951042775,39.50022254016816,0.7984180376990588,79066300
2020-08-11 00:00:00-04:00,41.04967498779297,40.862594099219606,-0.01644227647984675,57.930747582902654,55.882415635321436,42.404099923126545,39.69525005245939,0.8001115968714364,95597900
2020-08-12 00:00:00-04:00,41.137513160705566,40.96245965201435,0.01920914990047029,61.32998972349075,72.22241375407783,42.476074723031786,39.79895159837935,0.7899395476269061,105160100
2020-08-13 00:00:00-04:00,41.23400478363037,41.048692873516146,0.03435417584235656,60.80087468673697,70.58826988861743,42.48838514682073,39.979624420440004,0.774930609583125,95277200
2020-08-14 00:00:00-04:00,41.30453453063965,41.13248231943499,0.04240126493970442,61.30412436363201,72.87569676094162,42.548506856719,40.0605622045603,0.7603756977283342,105353000
2020-08-17 00:00:00-04:00,41.39496898651123,41.18851206784446,0.028361234472111085,58.529565222648124,78.65610673676441,42.47276135953181,40.31717661349065,0.7400608449867454,96250600
2020-08-18 00:00:00-04:00,41.447758483886716,41.25651311288512,0.026000388809066244,60.225863972994716,86.95626570100254,42.5163553114501,40.37916165632333,0.7205790127249054,106079600
2020-08-19 00:00:00-04:00,41.39972858428955,41.23149800905845,-0.03856225238265576,49.35503489620916,45.45425126746179,42.45922359979958,40.34023356877952,0.7432859465250728,88708600
2020-08-20 00:00:00-04:00,41.35948791503906,41.20721734685366,-0.08175456727249891,49.173015029569854,44.66394246455275,42.41908175266561,40.29989407741251,0.7217191692829833,77399900
2020-08-21 00:00:00-04:00,41.30713119506836,41.179479489880244,-0.11186371222648406,48.49863250938931,41.89699050269239,42.34551711358938,40.268745276547335,0.7029291830455388,62665800
2020-08-24 00:00:00-04:00,41.28506374359131,41.2112532037114,-0.08996542378210715,55.043360519458915,63.721301071591505,42.285552306654466,40.28457518052815,0.702171175600846,71923500
2020-08-25 00:00:00-04:00,41.27338066101074,41.23505445877088,-0.07783495696457671,54.395875559627406,60.92990466410373,42.259814875916604,40.28694644610488,0.6767415764796342,64095700
2020-08-26 00:00:00-04:00,41.27943840026855,41.27719446904513,-0.055163290513585095,56.681867817184376,66.85395383716346,42.274202475991046,40.28467432454606,0.6722908320205453,74219900
2020-08-27 00:00:00-04:00,41.302804183959964,41.32109042049117,-0.03688892849854292,57.32684933874502,68.10815669097768,42.3174130776738,40.28819529024613,0.6650673309010481,85151500
2020-08-28 00:00:00-04:00,41.414873123168945,41.49267589325596,0.06225371567783089,68.77219111235533,99.30567224261264,42.68219390412707,40.14755234221082,0.7177011616748014,101571800
2020-08-31 00:00:00-04:00,41.5546350479126,41.62319411466182,0.10181130798484117,65.23898015572246,82.58063220098371,42.813432803046254,40.29583729277894,0.7109430049198259,83061000
2020-09-01 00:00:00-04:00,41.6597806930542,41.70748998767022,0.09564124955109776,60.65274498125704,69.35470315310951,42.8672951718207,40.452266214287704,0.7034312948631045,70472600
2020-09-02 00:00:00-04:00,41.83156242370605,41.954365476195676,0.19788080428308286,71.53337888487403,96.12752680350651,43.44625548923224,40.21686935817986,0.7916505652553327,96805200
2020-09-03 00:00:00-04:00,41.96137256622315,42.11921155737831,0.20872532669855165,64.90386656716976,67.89173025078925,43.72681756562052,40.19592756682577,0.8612048850700588,74515800
2020-09-04 00:00:00-04:00,42.10156745910645,42.31451257895519,0.23138020033864248,67.46502939215316,78.72344863158855,44.08720892360857,40.115925994604325,0.8732491606769733,95535300
2020-09-08 00:00:00-04:00,42.19200134277344,42.3898373784483,0.16086443205329115,57.53372883092313,54.93213822581517,44.18751037899336,40.196492306553516,0.9147226917278551,77758600
2020-09-09 00:00:00-04:00,42.28979091644287,42.48930741536877,0.12419811467835018,59.516457083537205,62.282199345730675,44.32710056307163,40.252481269814105,0.9241803238997806,93010900
2020-09-10 00:00:00-04:00,42.35772438049317,42.56364496481654,0.07890761887071562,58.05691168437139,58.607254047368635,44.430308688726456,40.28514007225988,0.9032916892246108,77571400
2020-09-11 00:00:00-04:00,42.473687744140626,42.718266944427576,0.09944045947664215,63.44329819882377,78.22571549171066,44.67895649134713,40.26841899693412,0.9129479348676057,95843700
2020-09-14 00:00:00-04:00,42.58923969268799,42.86314828558793,0.1047261561335937,63.72953771499139,78.16880254360619,44.90742536771496,40.27105401766102,0.8888648966913645,106755400
2020-09-15 00:00:00-04:00,42.73000659942627,43.02248014529385,0.11552797932060854,65.38355717533489,85.50812280969137,45.15940215202044,40.300611046832095,0.8671249838459583,119593800
2020-09-16 00:00:00-04:00,42.85034599304199,43.14503545651214,0.09555332773763725,63.01695005638703,76.1707666509771,45.34151661895287,40.35917536713111,0.8494306847506462,104239900
2020-09-17 00:00:00-04:00,43.00565013885498,43.23597850246002,0.058231414627883615,60.8282594622619,67.29059498079877,45.39990100646106,40.61139927124891,0.8417241666821436,90952800
2020-09-18 00:00:00-04:00,43.15745735168457,43.309951531987636,0.019654466535593218,59.8947790160589,61.28033931294812,45.39791151908756,40.91700318428158,0.8407997850942512,67136200
2020-09-21 00:00:00-04:00,43.25297031402588,43.26388272850872,-0.08788155578290435,48.90338918438244,19.860248816223233,45.25302860282889,41.25291202522287,0.8954011520323805,49621400
2020-09-22 00:00:00-04:00,43.34348964691162,43.269559625110006,-0.12535073351969916,52.81188806768582,33.747298026382694,45.17734499913597,41.509634294687274,0.8918890083738658,62656000
2020-09-23 00:00:00-04:00,43.3733570098877,43.15422191237166,-0.22911535806163386,43.66220131012263,1.1263631487631194,45.09993214799154,41.64678187178386,0.9372329369844247,45534800
2020-09-24 00:00:00-04:00,43.413780212402344,43.090580646140396,-0.26046267158695857,47.00363998656229,29.30588811847573,45.012792583888015,41.81476784091667,0.9662517903722866,62322900
2020-09-25 00:00:00-04:00,43.452047157287595,43.034662570977844,-0.27034998553265954,47.14147951802009,29.82015041452519,44.92008910310248,41.98400521147271,0.9458389999763387,74926300
2020-09-28 00:00:00-04:00,43.44550971984863,43.030598434288734,-0.23558784722173848,50.98474189858145,44.216122492132726,44.920507333246896,41.970512106450364,0.9399706125796298,86142000
2020-09-29 00:00:00-04:00,43.43624973297119,42.997009772020164,-0.22534696274023652,48.54129808435362,34.96142449030885,44.92798641685884,41.94451304908354,0.9133343407576551,73715400
2020-09-30 00:00:00-04:00,43.46435947418213,43.00400842282479,-0.18540201976475468,51.65984449411516,46.529459771410956,44.90541987153169,42.02329907683257,0.8935856882400923,89471300
2020-10-01 00:00:00-04:00,43.39461212158203,42.99455386495438,-0.16414239692775512,50.2744323471433,41.64503582600391,44.801836030306724,41.98738821285733,0.896434566310072,71894000
2020-10-02 00:00:00-04:00,43.36343841552734,43.00095589757964,-0.13473439996681444,51.59876318886454,46.272497233975095,44.771150749258915,41.95572608179577,0.8965875667503145,85504100
2020-10-05 00:00:00-04:00,43.308906173706056,43.008410330906315,-0.1103618307247908,51.752549498434234,46.786759530024554,44.67120093292408,41.94661141448803,0.8593408307993077,96132800
2020-10-06 00:00:00-04:00,43.2884033203125,42.978596576130634,-0.11578239145022126,48.13022604848096,38.33332186498101,44.67446637534975,41.90234026527524,0.8540422033432148,86055400
2020-10-07 00:00:00-04:00,43.278502464294434,43.003135535142185,-0.08031319619672411,53.110465484879875,55.55554736826311,44.663084344028675,41.89392058456019,0.8441368690574815,96191000
2020-10-08 00:00:00-04:00,43.316080474853514,43.100114236152635,-0.005302879849544029,59.22988020863862,97.31537131054671,44.73797585484807,41.89418509485896,0.8461558179870712,108334900
2020-10-09 00:00:00-04:00,43.3230598449707,43.21693794252631,0.05995093304396218,61.34284452871845,88.55592031443436,44.76324251550284,41.88287717443856,0.8336988763404618,119742700
2020-10-12 00:00:00-04:00,43.3396354675293,43.34589942207458,0.11163416316223718,62.995055907860795,88.91691612450504,44.82843852287157,41.850832412187025,0.8190151092623382,131129200
2020-10-13 00:00:00-04:00,43.30343132019043,43.39029470242202,0.08782253527807676,55.113053537840315,67.00275263447534,44.7068576523782,41.90000498800266,0.8346677525694995,116763900
2020-10-14 00:00:00-04:00,43.27420558929443,43.42215199696907,0.06060851449932844,54.27234744549225,60.28149710794674,44.61560032382968,41.93281085475918,0.8273927676529629,106181800
2020-10-15 00:00:00-04:00,43.24977836608887,43.440174947243776,0.030881588704596452,53.137805437464515,48.32231634688727,44.54720872105547,41.95234801112227,0.8200143924831177,96220100
2020-10-16 00:00:00-04:00,43.23145771026611,43.45980420903437,0.010531255473473333,53.4601476360049,49.6643327818211,44.49518930529702,41.96772611523521,0.7913528407422499,109789900
2020-10-19 00:00:00-04:00,43.25457592010498,43.44349840743455,-0.027952634763142137,49.686738416599376,35.90580303788868,44.50465215244782,42.00449968776215,0.7983883937549451,99859500
2020-10-20 00:00:00-04:00,43.28031196594238,43.481090088590335,-0.01781899628024608,54.94873673594529,57.04689050003956,44.55593627255946,42.004687659325306,0.8036753408624457,110830200
2020-10-21 00:00:00-04:00,43.35795593261719,43.49349988728206,-0.027253763833549355,52.508137634504514,48.32231634688727,44.50967973939073,42.20623212584365,0.7873974873670074,98312800
2020-10-22 00:00:00-04:00,43.44432373046875,43.56205652410992,0.004493218824120432,57.85777969397439,68.51838296168278,44.58050271579546,42.308144745142044,0.8065548918982172,118502000
2020-10-23 00:00:00-04:00,43.52283935546875,43.610789555807415,0.013054124297813052,56.27471014380984,62.592162816202276,44.60377787722356,42.44190083371394,0.7931870193589934,105010700
2020-10-26 00:00:00-04:00,43.54552173614502,43.59506071708934,-0.024572633164766183,49.68682064231151,32.94593691698414,44.59965729837837,42.49138617391167,0.8187848530563867,90314300
2020-10-27 00:00:00-04:00,43.58826942443848,43.589137910351106,-0.04346842383544089,50.552603804383736,30.04264260925642,44.564679636507286,42.61185921236967,0.8064130131453932,104206400
2020-10-28 00:00:00-04:00,43.52676525115967,43.422592598878865,-0.16311027358623748,37.183727547792955,4.800006219490052,44.74972433502769,42.30380616729164,0.8809186394594243,84320200
2020-10-29 00:00:00-04:00,43.476166343688966,43.276894010011496,-0.22790487712415178,37.73220509348135,17.02130097528998,44.86972296551736,42.08260972186057,0.8915269470056639,99690100
2020-10-30 00:00:00-04:00,43.41946010589599,43.148394623501844,-0.255519968987288,38.12007174413707,19.487129272610556,44.96036047887577,41.878559732916216,0.874582282400567,115494100
2020-11-02 00:00:00-05:00,43.38630828857422,43.07866095469921,-0.22885092188491976,43.43294163174694,33.84597388371868,44.98259644374012,41.79002013340832,0.8675717588673659,130650200
2020-11-03 00:00:00-05:00,43.40419235229492,43.07622154760174,-0.1595689218815947,49.51770565268867,52.564001729357535,44.97695706240994,41.831427642179904,0.8891039155803201,145935300
2020-11-04 00:00:00-05:00,43.38718051910401,43.05905939849049,-0.11750997554449996,48.1426164652911,47.94873890358018,44.97413946970641,41.800221568501605,0.8960116495472308,133004500
2020-11-05 00:00:00-05:00,43.34268779754639,43.065963976215166,-0.0693981938410044,50.36896225220534,54.871521023335866,44.90574219301205,41.77963340208073,0.8968171375033432,145456900
2020-11-06 00:00:00-05:00,43.28336410522461,43.07304257911283,-0.03433080871204852,50.45388427128042,55.12816120913424,44.78122057700477,41.785507633444446,0.8788715626866156,154751800
2020-11-09 00:00:00-05:00,43.34792232513428,43.33867641690938,0.16394915819925632,68.53028896702072,88.42286168424401,45.143851387166286,41.55199326310227,1.0535139567401728,188193800
2020-11-10 00:00:00-05:00,43.51193332672119,43.69616151029524,0.3585542493342567,73.27548321477417,95.70201375053479,45.93653796149698,41.0873286919454,1.09229826553722,217900500
2020-11-11 00:00:00-05:00,43.66285915374756,43.986366398428395,0.43906731422428225,70.04857452512772,89.714319201911,46.4676575050477,40.858060802447426,1.0747218105457108,200500600
2020-11-12 00:00:00-05:00,43.79459171295166,44.201573804190986,0.43338345548174895,65.61422631623373,81.57146892298434,46.816432066698,40.772751359205316,1.0584007953442647,185476200
2020-11-13 00:00:00-05:00,43.94377250671387,44.43284278200985,0.4292144088002001,67.33330306332674,87.85713517016126,47.20657694050767,40.680968072920074,1.0208125865602964,197924100
2020-11-16 00:00:00-05:00,44.128285789489745,44.67532051208071,0.4230083067950383,68.85758132303764,89.48086477024027,47.63060075924931,40.62597081973018,1.0313987679582335,212832300
2020-11-17 00:00:00-05:00,44.277902603149414,44.88058020928861,0.3831518619171431,67.41773449221013,87.15840900940178,47.968469524849546,40.58733568144928,1.008825594496003,198583900
2020-11-18 00:00:00-05:00,44.39218711853027,44.97739002578214,0.27331349998351107,59.048588089197395,72.27591387845564,48.13431787509921,40.65005636196134,1.0277456589440017,183305700
2020-11-19 00:00:00-05:00,44.49905643463135,45.10818439437394,0.2132690257332417,61.5468860991638,76.64579776162672,48.3355444394171,40.6625684298456,1.0340976673787865,200495200
2020-11-20 00:00:00-05:00,44.59284019470215,45.18830288618115,0.13253503435963265,58.166354863499876,65.30257503083344,48.47459211286035,40.71108827654395,1.001361076680148,184849600
2020-11-23 00:00:00-05:00,44.71846580505371,45.26162155952569,0.06893008265553702,58.22005754892413,64.98191582172524,48.606198979035085,40.83073263107234,0.9902801344612013,198041500
2020-11-24 00:00:00-05:00,44.863284492492674,45.372823791486795,0.04874618544714293,61.123512838126764,73.929221177835,48.77925252339496,40.94731646159039,0.9762518329261572,211869100
2020-11-25 00:00:00-05:00,45.08007659912109,45.449340980151,0.010515209299432726,58.76182544966483,68.52897621696575,48.7765663969783,41.38358680126388,0.9370535067043925,201674300
2020-11-27 00:00:00-05:00,45.28421859741211,45.49946063743107,-0.033707338759798255,56.88448891629844,28.08988554657396,48.69390066218812,41.87453653263609,0.9062633672259544,193175000
2020-11-30 00:00:00-05:00,45.456281661987305,45.48702740940564,-0.10520204924223553,51.52459986744165,16.692944989611146,48.49858894963321,42.4139743743414,0.9175223258329173,149971400
2020-12-01 00:00:00-05:00,45.62326164245606,45.51262391426694,-0.1263958031801381,54.47070954282988,30.818283645911187,48.327631326368675,42.91889195854344,0.897832170711088,168940200
2020-12-02 00:00:00-05:00,45.76147613525391,45.541644211587496,-0.13542476799289616,54.9398809497771,33.06540165140079,48.19530747255965,43.32764479794817,0.8644749008860906,183853300
2020-12-03 00:00:00-05:00,45.93699626922607,45.6240039687103,-0.10238084310584117,59.26653571120681,54.573471441764774,47.99644467002747,43.87754786842467,0.8680416737913915,201172200
2020-12-04 00:00:00-05:00,46.147779083251955,45.78811918551095,-0.02202016818790753,65.03994863085262,88.92273286905268,47.8469716636765,44.44858650282741,0.875750114580695,219294600
2020-12-07 00:00:00-05:00,46.32031803131103,45.86459052668346,-0.024459312769511188,57.93270114752831,68.45893937518944,47.31955713179081,45.321078930831256,0.8854198666839421,203083700
2020-12-08 00:00:00-05:00,46.365114402771,45.94968907701606,-0.019695540688021596,58.998714923977936,75.2690038121047,47.358498591697305,45.37173021384469,0.8655096071243104,215569500
2020-12-09 00:00:00-05:00,46.355001258850095,46.03924316673291,-0.012866761637754576,59.86341032587864,80.64514949093542,47.3223452892347,45.38765722846549,0.8413692202461813,227077900
2020-12-10 00:00:00-05:00,46.350027084350586,46.09682280282531,-0.029199193030582715,57.428720800562644,70.60973975942836,47.310330505193114,45.38972366350806,0.8145569620482848,214980600
2020-12-11 00:00:00-05:00,46.38310489654541,46.17403971711166,-0.026582161867643284,59.33701172450059,81.3623421286413,47.3719533201091,45.39425647298172,0.8041047778281137,225618700
2020-12-14 00:00:00-05:00,46.39347267150879,46.23720294124928,-0.03348720080240297,58.58278830710887,78.49466011824799,47.396697507303266,45.39024783571431,0.7881187208531689,203326700
2020-12-15 00:00:00-05:00,46.41145076751709,46.34208083902744,-0.009449494553534388,62.262936488433354,87.89807129004313,47.467489225011626,45.35541231002255,0.7914874135418506,219520400
2020-12-16 00:00:00-05:00,46.40255432128906,46.3716558456156,-0.04300567097568986,55.0539541355668,63.05758478505207,47.4472574449888,45.35785119758932,0.7914750266878477,203840800
2020-12-17 00:00:00-05:00,46.44956283569336,46.415998486086174,-0.05525419289729272,56.51376382138272,69.74526458818855,47.48361211314969,45.41551355823702,0.7757625746238112,216518100
2020-12-18 00:00:00-05:00,46.49455165863037,46.49547552119571,-0.038789560184408045,59.6710151204787,81.39575014022789,47.58428135241094,45.4048219648498,0.7969707649726911,251998200
2020-12-21 00:00:00-05:00,46.518720626831055,46.48950717844976,-0.08365933096144673,51.676183800220834,45.349009690414476,47.580089963260775,45.457351290401334,0.8505780302630773,237071600
2020-12-22 00:00:00-05:00,46.54025535583496,46.479920164919015,-0.11505153046114258,51.27837704867643,37.06916570352029,47.572328697349256,45.50818201432066,0.8394369238420599,227382100
2020-12-23 00:00:00-05:00,46.55230312347412,46.49804208710771,-0.11532715389133569,53.73305029151361,49.10717987354344,47.584537238197804,45.52006900875043,0.81904284927265,234422400
2020-12-24 00:00:00-05:00,46.592826461791994,46.54458293965159,-0.09357813108802582,56.39464037286413,65.17830622094677,47.626460798088175,45.55919212549581,0.7938253230330176,237687900
2020-12-28 00:00:00-05:00,46.675035285949704,46.64698207537488,-0.038750981558578146,61.20195625223759,88.6178792714901,47.75951517248094,45.59055539941847,0.7999263466493722,246708400
2020-12-29 00:00:00-05:00,46.78625984191895,46.73711738843907,-0.00805979965403436,60.90075496051615,85.65732627564677,47.763040818512245,45.80947886532565,0.7723062572578143,238387800
2020-12-30 00:00:00-05:00,46.89176864624024,46.844626855909155,0.024990242060556833,62.931356262068675,92.8300880356853,47.856316592488156,45.92722069999232,0.7548234947328715,246530500
2020-12-31 00:00:00-05:00,47.01178531646728,46.975392911601034,0.06277978716317106,65.42648514644364,96.94914918580191,48.008509547545486,46.01506108538908,0.7423575347892882,255025500
2021-01-04 00:00:00-05:00,47.01090641021729,46.9195310663416,-0.03774048252507922,47.51602309828009,26.44063699850749,48.00979297245006,46.01201984798452,0.8658086876634441,229414400
2021-01-05 00:00:00-05:00,46.93749008178711,46.82042212445322,-0.13542797076146257,43.906674427487374,6.7798018861585225,48.03743895309067,45.83754121048355,0.849811218158491,209090600
2021-01-06 00:00:00-05:00,46.82890357971191,46.591747467488,-0.286511099863566,35.576994004940715,6.962054273070964,48.38033502987406,45.277472129549764,0.9140890332226831,170366100
2021-01-07 00:00:00-05:00,46.687345314025876,46.33795818405629,-0.4007659626171053,33.28303534440606,8.133052176484071,48.689853236425115,44.68483739162664,0.9116000862649614,117140400
2021-01-08 00:00:00-05:00,46.58843078613281,46.20212563902061,-0.3907674401163471,41.418650351642526,28.835531207627962,48.7316197314274,44.44524184083822,0.927501782301415,146814400
2021-01-11 00:00:00-05:00,46.463138580322266,46.005540838113134,-0.41474538091386387,37.54474313459984,12.569423705699284,48.85704526042006,44.06923190022447,0.9322189344057837,127510000
2021-01-12 00:00:00-05:00,46.3207010269165,45.820141647313484,-0.4134894070770201,37.16190140328949,10.905754308682535,48.921902183980094,43.71949986985291,0.9039417639737858,108971300
2021-01-13 00:00:00-05:00,46.18397903442383,45.65658660668393,-0.38768474630090616,37.54293553549675,11.830015084802952,48.94476069205786,43.423197376789794,0.8651237360488804,127835400
2021-01-14 00:00:00-05:00,45.9813138961792,45.43073246347854,-0.4019516835778692,33.476981381013786,0.17510197402866115,48.95986295211563,43.002764840242776,0.8636200545116297,93531800
2021-01-15 00:00:00-05:00,45.789638710021975,45.18200696077188,-0.4172265220100533,31.390499618099184,2.656277143734832,49.050707214554755,42.528570205489196,0.8458955079006027,69165000
2021-01-19 00:00:00-05:00,45.58037910461426,44.94105977045098,-0.41230311438636064,30.652950371415486,4.035824309798818,49.07448675595923,42.08627145326929,0.8357167917615828,40050500
2021-01-20 00:00:00-05:00,45.35793037414551,44.73729529187101,-0.3738383539156467,32.18822300382055,6.576930902484251,48.963119172493556,41.752741575797465,0.8080521836787448,63166300
2021-01-21 00:00:00-05:00,45.1882360458374,44.575545393235785,-0.3099041778855298,34.66227228646534,10.612687819076001,48.89319081314877,41.48328127852603,0.7899001504250596,82868800
2021-01-22 00:00:00-05:00,45.00051746368408,44.39068125038576,-0.27361207286721334,32.48752444738467,3.9122265210891958,48.821745978646106,41.17928894872206,0.7623679584583142,67468500
2021-01-25 00:00:00-05:00,44.81147994995117,44.247706852562565,-0.2138412256762967,35.24583416062622,12.328672755902286,48.65759481508377,40.96536508481857,0.7455948316355773,84072700
2021-01-26 00:00:00-05:00,44.62903728485107,44.16105550820579,-0.12965540098169792,39.89657952853895,27.777789362026972,48.39034424967053,40.86773032003162,0.7419525183611416,96995300
2021-01-27 00:00:00-05:00,44.381530570983884,44.0190158967007,-0.10554611763673782,35.77331860775004,10.344772673362602,47.9705887481734,40.79247239379437,0.7574112318446475,75752900
2021-01-28 00:00:00-05:00,44.16259918212891,43.94242153372437,-0.042680900711249414,41.119469908671896,31.7242247310214,47.463910093916446,40.86128827034137,0.7642296485771994,93251800
2021-01-29 00:00:00-05:00,43.886077880859375,43.789385270653895,-0.04962238940457475,35.92535367038434,1.4545803018741195,46.80454319078778,40.96761257093097,0.7749564472346,74581500
2021-02-01 00:00:00-05:00,43.606478691101074,43.6785568301638,-0.025213273316483598,38.67816078883695,16.371574211320137,45.790492273930546,41.4224651082716,0.7535157038733014,86765100
2021-02-02 00:00:00-05:00,43.43942241668701,43.618476946157315,0.026040320761323454,42.54478587233829,37.777412893374645,45.2205501491891,41.658294684184916,0.7543314028221805,100084900
2021-02-03 00:00:00-05:00,43.28951148986816,43.54820948844107,0.05377960319766417,41.43118614520928,31.88401699012748,44.6876410794427,41.891381900293624,0.726827994995494,87810800
2021-02-04 00:00:00-05:00,43.223128700256346,43.50473072135925,0.08933096734952206,43.444933037357316,64.74816434995135,44.52299993480242,41.92325746571027,0.7012888751426691,108408200
2021-02-05 00:00:00-05:00,43.20950088500977,43.51898528947013,0.15015667672488775,48.52747616805307,92.21571841489143,44.48505812891088,41.933943641108655,0.699555412241393,121150200
2021-02-08 00:00:00-05:00,43.15850486755371,43.55449108209778,0.20253130870034197,50.546604359694335,87.86405416421361,44.221633123740084,42.095376611367335,0.6922930241814457,138983400
2021-02-09 00:00:00-05:00,43.13652362823486,43.56819292600421,0.21890735201568945,48.86456238901199,77.18429674715559,44.133880857206634,42.13916639926309,0.6673366722671303,124390500
2021-02-10 00:00:00-05:00,43.11410274505615,43.572215663636435,0.21809598766251825,48.08131259537762,60.32362086183868,44.04549497340639,42.18271051670591,0.6856131538446479,101425100
2021-02-11 00:00:00-05:00,43.120257186889646,43.634471558278015,0.25094666026274937,53.678272693642114,88.30637068511928,44.07892806903571,42.16158630474358,0.6988159319832496,123353700
2021-02-12 00:00:00-05:00,43.18444175720215,43.72345612503986,0.2852076072128008,56.49242040269697,94.16057264595135,44.33195914958231,42.03692436482199,0.6834423400009125,136490800
2021-02-16 00:00:00-05:00,43.253462409973146,43.76879627889116,0.2724562051701498,52.77408056196872,78.83206747990472,44.468833917183964,42.03809090276233,0.6697948217086106,121397400
2021-02-17 00:00:00-05:00,43.32468128204346,43.79809557650234,0.24599729809827303,51.55597922257681,73.72277688341873,44.557548197617635,42.09181436646928,0.6596343093970685,108603100
2021-02-18 00:00:00-05:00,43.416561889648435,43.878195511831734,0.2555389583894501,56.499174842673334,97.08012203132986,44.7496105340222,42.083513245274666,0.6640160463269271,121350200
2021-02-19 00:00:00-05:00,43.46755828857422,43.89540063782079,0.21361877321202702,50.7482097214361,72.28462448014585,44.81685451823292,42.11826205891551,0.6705969865103591,105381400
2021-02-22 00:00:00-05:00,43.5616376876831,43.954511041408175,0.20736516098147664,54.66378481619029,88.88891533239801,44.927749362906646,42.19552601245956,0.698689076103754,119752300
2021-02-23 00:00:00-05:00,43.639011192321775,44.000454767561266,0.18909324327828064,53.865519446859935,66.08389277624607,45.01929055457982,42.25873183006373,0.7172380372912028,103530000
2021-02-24 00:00:00-05:00,43.70143814086914,44.056259714247204,0.17840574014624752,55.19644092030858,72.02857735122409,45.133554336794916,42.26932194494337,0.7143651372205014,117972000
2021-02-25 00:00:00-05:00,43.773536682128906,44.061531209328194,0.13278536272444616,50.238998483369784,40.17887042871089,45.134011087451384,42.41306227680643,0.7116974395578352,103760900
2021-02-26 00:00:00-05:00,43.76650276184082,43.96748982555289,0.03144727506095107,41.47330190106293,0.7874211713941245,45.13985379577836,42.39315172790328,0.7387375475575916,80122500
2021-03-01 00:00:00-05:00,43.84343566894531,43.95860497679302,0.017699399351973837,48.880714682321205,36.613882221778795,45.049755536263184,42.63711580162744,0.7770341941907523,94023700
2021-03-02 00:00:00-05:00,43.9146541595459,43.967314641624114,0.019693879679662803,50.36760176320355,44.4883177398092,44.98557676268291,42.84373155640888,0.7755424112770415,105778800
2021-03-03 00:00:00-05:00,43.959495544433594,43.96514617535988,0.013449658755256305,49.43846756047729,39.76382724104124,44.95382711882629,42.9651639700409,0.7735292561457635,90368100
2021-03-04 00:00:00-05:00,44.010931396484374,43.959835652102015,0.0068278713201096915,49.11333207516602,38.189452573586,44.8745524905541,43.147310302414645,0.8105977401475098,68331700
2021-03-05 00:00:00-05:00,44.08918399810791,44.02620696776399,0.05023888218004013,55.771569127310165,71.65375378061184,44.8865271523177,43.29184084389813,0.818641051615157,89642500
2021-03-08 00:00:00-05:00,44.17666854858398,44.15743437045741,0.12262003055282146,61.234127995778465,75.85226357169272,45.132248563087636,43.22108853408033,0.8669323031575453,114727400
2021-03-09 00:00:00-05:00,44.21799259185791,44.21084795208423,0.11762321614260528,54.57316335486526,53.69295319055811,45.19202541212305,43.24395977159276,0.8715798756253278,91644700
2021-03-10 00:00:00-05:00,44.29448680877685,44.307742888218506,0.14043348635660857,58.213166769755965,70.17041439824726,45.33152724067771,43.257446376876,0.8664749380371465,112976300
2021-03-11 00:00:00-05:00,44.35075855255127,44.34851656997206,0.11518948758705,53.73607487782877,54.26128601494869,45.3548321301044,43.34668497499814,0.8441499389956145,95558600
2021-03-12 00:00:00-05:00,44.3718240737915,44.37696384732498,0.08665156126222454,52.94649864603387,51.39681955673201,45.38219428626933,43.36145386131367,0.8142498632637691,77960000
2021-03-15 00:00:00-04:00,44.4054443359375,44.45927345731282,0.1009130424171378,57.45707175124005,70.5894843620139,45.48235382894818,43.32853484292683,0.8042171879888697,91371900
2021-03-16 00:00:00-04:00,44.465950393676756,44.54978540378433,0.11386401962507564,58.667011280183026,76.03172412088219,45.622797468523366,43.30910331883015,0.7778017979879916,105586100
2021-03-17 00:00:00-04:00,44.5334976196289,44.63336616750502,0.11543787019090201,58.799875789434545,76.60474066839723,45.747816975241605,43.3191782640162,0.7520074792945651,123088800
2021-03-18 00:00:00-04:00,44.543209648132326,44.65241562465018,0.07049581014415443,52.690529400906044,51.48590181082544,45.76384410538235,43.322575190882304,0.7457870215109482,105081500
2021-03-19 00:00:00-04:00,44.592575263977054,44.68991524626553,0.05008018213340701,54.5136773685289,56.19875852575469,45.81071802368688,43.374432504267226,0.7501432117941192,172927200
2021-03-22 00:00:00-04:00,44.627502822875975,44.73988627552279,0.043164492970902746,55.96060339940197,62.87418638664946,45.87458214244512,43.38042350330683,0.7446892862870665,190838600
2021-03-23 00:00:00-04:00,44.68367500305176,44.818026989237886,0.05628953848392404,58.85378817153499,76.57591098984526,45.991102681102824,43.3762473250007,0.7434243131245795,207775300
2021-03-24 00:00:00-04:00,44.738135719299315,44.89970261242617,0.06644971509624636,59.801832089668885,79.10491760979512,46.113781900472524,43.362489538126106,0.7371835204754834,222772700
2021-03-25 00:00:00-04:00,44.83850040435791,45.01581704112553,0.09500134510007474,63.30383729900594,97.88355858432034,46.306460763357734,43.370540045358084,0.7408877075269437,239864600
2021-03-26 00:00:00-04:00,45.03595504760742,45.206995374797174,0.16278722386372385,69.19887023417166,97.61905776733195,46.562684721869346,43.5092253733455,0.7734571004512437,256991300
2021-03-29 00:00:00-04:00,45.2293098449707,45.44835723061076,0.23935831689663023,72.91929736521602,97.6127220677236,47.066480611567464,43.39213907837394,0.7961008298970949,274505400
2021-03-30 00:00:00-04:00,45.38284320831299,45.60763023001595,0.23144507897468086,65.5505966292009,79.04567615853361,47.31112431678013,43.45456209984585,0.7974947463555758,259633600
2021-03-31 00:00:00-04:00,45.5221471786499,45.71458212740376,0.18517423465313587,61.353443104902844,67.37420504815313,47.416931853598946,43.62736250370086,0.7829589924315703,243807100
2021-04-01 00:00:00-04:00,45.65434341430664,45.794461009964074,0.13044449620553267,59.488912803098664,62.06907391290539,47.446762219002984,43.86192460961029,0.7707282910165831,227972400
2021-04-05 00:00:00-04:00,45.76247062683105,45.892062696352355,0.10127389137149845,61.38457536958491,70.02665648275487,47.562017604395,43.962923649267104,0.7745692590611789,244341100
2021-04-06 00:00:00-04:00,45.85007438659668,46.01245385778141,0.09394773464525774,63.7015416756224,80.10620020028574,47.739641669334766,43.960507103858596,0.7724365785039528,259955400
2021-04-07 00:00:00-04:00,45.975958824157715,46.12897879787459,0.08407595436597948,64.24871615307141,82.49363475747158,47.88253240966146,44.06938523865397,0.7413264017275429,270018100
2021-04-08 00:00:00-04:00,46.06925239562988,46.22089664673772,0.05878960672188849,62.44661621118248,78.24959832908667,48.00275905593165,44.135745735328115,0.7143380766266592,260322500
2021-04-09 00:00:00-04:00,46.18982486724853,46.3091270593345,0.03748085535961587,62.8672825006831,79.00595479887691,48.07586775522316,44.30378197927391,0.693076884406307,271150700
2021-04-12 00:00:00-04:00,46.3223653793335,46.40330764643379,0.025919497168994554,64.0943282798811,81.02918003910781,48.126965129926184,44.51776562874081,0.6720680416722733,279716000
2021-04-13 00:00:00-04:00,46.41368083953857,46.46656634261141,-0.003313103153173458,60.78586198444359,69.53449617323926,48.174504831879354,44.65285684719779,0.6582585577739791,268644300
2021-04-14 00:00:00-04:00,46.49613094329834,46.52295535478736,-0.02793805170767749,60.656064503101824,68.95321939528019,48.215110384273125,44.777151502323555,0.6454358238545314,258856700
2021-04-15 00:00:00-04:00,46.58877658843994,46.59508306630129,-0.03360931444026283,62.79332787250476,72.01892592302401,48.26660145210517,44.91095172477471,0.6360624582502526,271934800
2021-04-16 00:00:00-04:00,46.726636505126955,46.68989266010779,-0.02136994166642725,65.60979869116208,84.24263726178465,48.25094578722116,45.202327223032746,0.6203918415295239,289908900
2021-04-19 00:00:00-04:00,46.868042945861816,46.80269245117453,-0.00019375650098174546,67.99534348175541,82.60871478516242,48.26165639220083,45.474429499522806,0.6432035534303518,309261800
2021-04-20 00:00:00-04:00,47.00856266021729,46.91910320254611,0.016986975134632876,69.21696196865682,81.73909634362754,48.26718105724062,45.74994426319395,0.6466544755515284,323681000
2021-04-21 00:00:00-04:00,47.15129928588867,47.061578734014006,0.046000496248914446,72.1771449234926,94.69385606474015,48.36737356531289,45.93522500646445,0.6365609285991096,337547500
2021-04-22 00:00:00-04:00,47.28073692321777,47.17613064308857,0.04629134872616825,69.4002156962941,83.3333320824867,48.387119293578465,46.17435455285708,0.6259214204545079,324988600
2021-04-23 00:00:00-04:00,47.389340782165526,47.282306895434864,0.039775422052710674,69.6224081622145,81.98251590627207,48.443404536657425,46.33527702767363,0.6078097045798403,334009100
2021-04-26 00:00:00-04:00,47.41682434082031,47.309978688038534,-0.01828274929223639,57.48921514314697,45.49572127843686,48.45987351615127,46.373775165489356,0.6232874811726826,322324500
2021-04-27 00:00:00-04:00,47.404856300354005,47.328260151226644,-0.06425902240601156,56.442971585935666,41.892027420155415,48.43818642915442,46.37152617155359,0.6028308099987513,312472100
2021-04-28 00:00:00-04:00,47.42435989379883,47.34564447903951,-0.09501408721935045,56.54936798721977,42.34227110502541,48.45020001636491,46.39851977123275,0.5984002274271426,323340200
2021-04-29 00:00:00-04:00,47.49306869506836,47.417945117033696,-0.07705748009271052,63.062656005577686,72.52294066573616,48.507864659580164,46.478272730556554,0.6145503575146086,338731200
2021-04-30 00:00:00-04:00,47.55823097229004,47.459717576241985,-0.0830855060637633,59.07701814545039,59.9099152517888,48.48700533809733,46.62945660648275,0.6073829701345945,323818600
2021-05-03 00:00:00-04:00,47.63225917816162,47.539729505597286,-0.05950930233269913,63.51174904412063,82.43275959114206,48.549586091121746,46.71493226520149,0.615926054050828,334236500
2021-05-04 00:00:00-04:00,47.67437114715576,47.583413292801374,-0.06600433066307654,58.842146615469325,58.285877680226044,48.577629675950845,46.771112618360675,0.6149928870684559,320085500
2021-05-05 00:00:00-04:00,47.7062873840332,47.61111588075444,-0.07954069369935701,56.9842923077708,44.58611815671321,48.59023029496903,46.822344473097374,0.6046276519243765,310419600
2021-05-06 00:00:00-04:00,47.76923313140869,47.68177447862995,-0.058126456354147926,61.97172667941372,78.98092714699611,48.649125848879336,46.889340413938044,0.600068511295465,321992300
2021-05-07 00:00:00-04:00,47.828189277648924,47.74317109055172,-0.04804511566407754,61.5448705860939,76.774592394066,48.691350532113,46.96502802318485,0.5958352429363757,311354800
2021-05-10 00:00:00-04:00,47.897340965271,47.832493555862825,-0.021158038541446433,65.00639182532124,72.93575894442952,48.80021470006252,46.99446723047948,0.6159676626047378,326900600
2021-05-11 00:00:00-04:00,47.95186519622803,47.8634949862987,-0.0411093169087417,56.874427599624575,45.87268955983268,48.77597664551924,47.12775374693681,0.6409951104768391,313913900
2021-05-12 00:00:00-04:00,47.99442043304443,47.86790076920236,-0.07174158476443337,53.45639540379961,33.02782740563403,48.710454091001814,47.27838677508705,0.63827129766544,298077400
2021-05-13 00:00:00-04:00,48.04672756195068,47.91157106773628,-0.06486451592495102,58.01706208237775,54.587450288409656,48.69619862461099,47.39725649929037,0.652839794213836,313553200
2021-05-14 00:00:00-04:00,48.093271827697755,47.969656596162444,-0.04883536513799969,59.993050287216484,64.67851673936943,48.738724900448986,47.447818754946525,0.643569576109497,325278500
2021-05-17 00:00:00-04:00,48.1216423034668,48.01461310906978,-0.04533588792660581,58.774569604738595,58.45465404721793,48.77592053320871,47.46736407372489,0.6305297633193977,313158700
2021-05-18 00:00:00-04:00,48.12917823791504,48.02995700625752,-0.06165317017906852,54.77946918777592,43.96140043977228,48.78230155458799,47.476054921242095,0.619688499973462,299926200
2021-05-19 00:00:00-04:00,48.1096736907959,48.02948541904977,-0.08203986512995537,52.59767293616079,29.629598663375937,48.75066427587513,47.46868310571667,0.6216529399493386,284800100
2021-05-20 00:00:00-04:00,48.11898326873779,48.06958826848644,-0.06694473995642497,57.71834247028023,55.027149139003875,48.77394682250475,47.46401971497084,0.6203107168775119,295748500
2021-05-21 00:00:00-04:00,48.12563247680664,48.10333847664027,-0.05910481544247442,57.301666963895414,53.4396599453418,48.790077035455475,47.46118791815781,0.6329958761224681,279715300
2021-05-24 00:00:00-04:00,48.17616653442383,48.14907213316188,-0.04420724358583389,59.204371679515546,62.963229133535094,48.81811410750164,47.53421896134601,0.6156451435750362,290041400
2021-05-25 00:00:00-04:00,48.2298038482666,48.18960624699114,-0.036315590150294674,59.04701554076165,62.434369618709766,48.81412704772571,47.645480648807485,0.6014336884758718,278124900
2021-05-26 00:00:00-04:00,48.29363651275635,48.24654364090214,-0.01900211860529999,61.68051036417971,75.13246186963417,48.82649126596295,47.76078175954975,0.5876039416377302,294189200
2021-05-27 00:00:00-04:00,48.348159599304196,48.336897856905324,0.015799821193889008,66.17083361930659,95.9184530208813,49.001992448795065,47.69432674981333,0.5956596515991374,353298800
2021-05-28 00:00:00-04:00,48.40622959136963,48.40176051625046,0.022361742757972314,62.72911190443067,80.00006989226156,49.08106249815649,47.73139668458277,0.5854085762586427,336287200
2021-06-01 00:00:00-04:00,48.44169178009033,48.45960109650154,0.02157773124854412,62.553843084105395,79.52368770110492,49.163351584341804,47.72003197583886,0.5784230502332155,322983200
2021-06-02 00:00:00-04:00,48.5019775390625,48.53050808261411,0.029194219569441016,64.87784865743109,89.99958820409701,49.26566348304733,47.738291595077676,0.5561050427767584,334311700
2021-06-03 00:00:00-04:00,48.574675750732425,48.606483950908675,0.0370850130863124,66.31090316027934,95.30506801413962,49.36196520074434,47.787386300720506,0.5569119607684516,351676000
2021-06-04 00:00:00-04:00,48.65003414154053,48.725885381737314,0.07067530150808965,71.64937991674418,91.63773125775697,49.608051811840454,47.692016471240606,0.5703266100150327,370611100
2021-06-07 00:00:00-04:00,48.717855834960936,48.81702703797346,0.07318760884584813,67.79279427132073,84.66856258836198,49.76275156183522,47.67296010808665,0.5631515797634393,356600300
2021-06-08 00:00:00-04:00,48.75065898895264,48.866559706371454,0.04517374442624966,60.90869379084057,71.07999550891797,49.82951472366559,47.671803254239684,0.5672545643864096,345632000
2021-06-09 00:00:00-04:00,48.80207843780518,48.89702045362086,0.011838612431090856,58.13719360528546,57.62653108056259,49.86088936241124,47.743267513199115,0.5545996363843841,335793200
2021-06-10 00:00:00-04:00,48.88497200012207,48.96088773928792,0.010836640915680873,62.75368384224513,74.77852075322855,49.91042806352713,47.85951593671701,0.5555144055635314,348237600
2021-06-11 00:00:00-04:00,48.958113288879396,49.039780781160985,0.019943526246626653,65.15922800349172,84.97616983013451,50.02174797774234,47.89447860001645,0.5506639383336602,360063400
2021-06-14 00:00:00-04:00,49.01301746368408,49.094997146031815,0.00988856440820196,61.8644591677178,75.98899422540961,50.094049214706345,47.93198571266181,0.5457840250861257,350352600
2021-06-15 00:00:00-04:00,49.065657424926755,49.13304496131859,-0.0088221009261234,59.47790039593272,65.4768669290277,50.1327234891114,47.99859136074211,0.5450813670558592,339198400
2021-06-16 00:00:00-04:00,49.09854602813721,49.10451649774063,-0.06616010040204301,48.76854409261719,17.7613690222412,50.091867140136834,48.10522491613758,0.558465378786373,323986700
2021-06-17 00:00:00-04:00,49.151475715637204,49.102524363724974,-0.0864077562454944,52.27037998575536,21.8672754632518,50.01462540421242,48.28832602706199,0.5504764624211483,334645100
2021-06-18 00:00:00-04:00,49.13042640686035,49.000339106474755,-0.16537562531962802,39.89426860820966,2.138899603301167,50.07738490382515,48.183467909895555,0.5896339512452993,303199500
2021-06-21 00:00:00-04:00,49.137057876586915,48.95807774858505,-0.17573363646105938,46.690838766179404,27.378462123742793,50.0658170516694,48.20829870150443,0.589627404790607,317603800
2021-06-22 00:00:00-04:00,49.14464282989502,48.936855195032116,-0.16437693519377372,48.804149372161255,35.934088109199614,50.05753869255031,48.23174696723973,0.5851549074871084,330676600
2021-06-23 00:00:00-04:00,49.133019256591794,48.880222210962835,-0.17611372636398093,44.613803244333475,17.111199404973743,50.07993373534224,48.18610477784135,0.5746214315430779,318337400
2021-06-24 00:00:00-04:00,49.12281608581543,48.851952044921546,-0.1608346941255274,47.58765042340818,30.473079237804548,50.088614354137775,48.157017817493085,0.5603741611741525,329825800
2021-06-25 00:00:00-04:00,49.08909683227539,48.82042116808471,-0.1484374628655766,46.88500917329293,28.445909658255214,50.088914098192205,48.08927956635857,0.5496969838206737,310945500
2021-06-28 00:00:00-04:00,49.06156253814697,48.786787713739585,-0.13759009563073346,46.25423821192808,26.08698995955051,50.097382770292484,48.02574230600146,0.5340399361481605,300388600
2021-06-29 00:00:00-04:00,49.01660671234131,48.72232889269519,-0.1473500996780832,42.18097360230556,6.763234519689502,50.13257908655786,47.90063433812475,0.5354519816252831,288087700
2021-06-30 00:00:00-04:00,48.97306461334229,48.68527685250547,-0.1321256155124539,45.41630465546779,18.84060442479762,50.12378808398023,47.822341142704346,0.5246406967457694,302701900
2021-07-01 00:00:00-04:00,48.916616439819336,48.63899250743333,-0.1245405720408344,43.83147589309662,11.593976172031603,50.102336462082974,47.7308964175557,0.526724115138179,289487200
2021-07-02 00:00:00-04:00,48.843396759033205,48.61583182661936,-0.10076546869010382,46.76551348505548,22.222020426586518,49.966190916923,47.72060260114341,0.5203645102665562,300091800
2021-07-06 00:00:00-04:00,48.765645027160645,48.569356236919006,-0.09750152966276263,43.433761377952045,17.27758435095687,49.86015232606975,47.67113772825154,0.5233912212337973,284813600
2021-07-07 00:00:00-04:00,48.724832916259764,48.5647392465586,-0.06485854855491609,49.155528057952495,48.12622728982937,49.79157991878335,47.65808591373618,0.5281160805489192,299191300
2021-07-08 00:00:00-04:00,48.68307056427002,48.54439746238115,-0.05127920334775228,46.94710784380701,44.615788150699075,49.73961782600572,47.626523302534316,0.5273999942785429,287247400
2021-07-09 00:00:00-04:00,48.636985206604,48.554066256421486,-0.020600463172466915,51.05948580065393,70.00042418205652,49.61247724161178,47.66149317159623,0.5146117797693729,298094400
2021-07-12 00:00:00-04:00,48.58071098327637,48.56451520461014,0.0015628914052034232,51.305780636467254,71.53850868742477,49.40138848114376,47.760033485408975,0.4989086401003525,313202000
2021-07-13 00:00:00-04:00,48.55703964233398,48.61990668926222,0.046865923773773716,57.5229490933503,84.00000209025374,49.27771336979442,47.83636591487355,0.5155903085925327,328372800
2021-07-14 00:00:00-04:00,48.59500217437744,48.77551079956221,0.14409459253086065,67.71630557888669,96.78570802331048,49.55082905367777,47.639175295077116,0.5674484835684411,350375500
2021-07-15 00:00:00-04:00,48.67405376434326,48.93160766561023,0.20801843576196424,68.88357627445765,98.97251251077667,49.914766183063705,47.43334134562282,0.5626461816653773,365443700
2021-07-16 00:00:00-04:00,48.73881435394287,49.06943654341577,0.23470249455548917,68.2928360513188,91.05436867962017,50.177663012310376,47.29996569557537,0.5492545343576928,350583200
2021-07-19 00:00:00-04:00,48.826351928710935,49.13714074480084,0.2001973873951419,59.1406226972649,69.64835170114851,50.29467835177861,47.35802550564326,0.5891383123101688,331056200
2021-07-20 00:00:00-04:00,48.892005157470706,49.206904428517724,0.17258698376386333,60.002237006019016,72.84339975826487,50.42232715898395,47.361683155957465,0.5987374772723785,347314100
2021-07-21 00:00:00-04:00,48.980882453918454,49.3312741843955,0.18569420676572518,65.6228248073558,74.8129030649727,50.66336882760925,47.29839608022766,0.6663492946285955,368232300
2021-07-22 00:00:00-04:00,49.08583850860596,49.43699378169637,0.1776090085069547,64.5376712608398,72.81795624988735,50.855498898049994,47.316178119161926,0.6627771012989045,354829600
2021-07-23 00:00:00-04:00,49.20285301208496,49.57858252030714,0.19160222490649453,68.34309862310536,86.28416674992219,51.12690225647548,47.278803767694434,0.6715825334778752,366973600
2021-07-26 00:00:00-04:00,49.32522621154785,49.71094054955337,0.19033184629141553,68.67828623923444,86.9791001314637,51.367880567740066,47.282571855355634,0.6593418431540637,375654700
2021-07-27 00:00:00-04:00,49.45921173095703,49.84770623870491,0.18767712337083348,70.04437135896836,92.14629880648695,51.60797139996308,47.31045206195098,0.6518039898122018,388449100
2021-07-28 00:00:00-04:00,49.58783874511719,49.92721139463554,0.14282445747140932,62.421262870466464,75.73978745360864,51.705901490977105,47.46977599925727,0.6454413471856871,378591100
2021-07-29 00:00:00-04:00,49.71914539337158,50.02551654141226,0.12086148202107838,64.87555534731453,84.49867959516114,51.83543608381137,47.60285470293179,0.631877965325009,388190200
2021-07-30 00:00:00-04:00,49.85625820159912,50.11275757497289,0.09530945808358071,64.58244619324692,81.138937201503,51.91546887363125,47.79704752956699,0.6090747588376264,376463200
2021-08-02 00:00:00-04:00,49.97684593200684,50.17892923136033,0.0612196700094817,62.309069896766474,73.84620514114783,51.96093098500753,47.99276087900615,0.5993851438445247,366685200
2021-08-03 00:00:00-04:00,50.1126184463501,50.24220153519562,0.03425695884903601,62.68626016934842,73.33335420612005,51.937237679409385,48.28799921329081,0.5725226552975299,375510700
2021-08-04 00:00:00-04:00,50.19211616516113,50.22969017130608,-0.03592703774304962,51.34259154489252,39.16676120323286,51.86460795940763,48.519624370914634,0.5916031046754318,363622300
2021-08-05 00:00:00-04:00,50.297964859008786,50.25239819210059,-0.059895056722427176,55.56653305542353,55.83322701387934,51.743585216900186,48.852344501117386,0.5806088839242101,373429100
2021-08-06 00:00:00-04:00,50.39532814025879,50.28485411902479,-0.06832328900570306,56.974454751745384,54.902157115226075,51.62962155998226,49.16103472053532,0.5582779000204595,383838400
2021-08-09 00:00:00-04:00,50.49224510192871,50.31506986443203,-0.07382489433407413,57.079082512573116,41.29071900572584,51.43818883157237,49.54630137228505,0.547112282453272,392698300
2021-08-10 00:00:00-04:00,50.57174377441406,50.35516790050175,-0.06905535215756281,58.70103003812417,51.63421635855518,51.29217067136887,49.85131687745925,0.5412098398313013,403605200
2021-08-11 00:00:00-04:00,50.59273490905762,50.38549215190951,-0.0704812756469157,57.60693891068565,47.05903504756767,51.299206560938366,49.88626325717687,0.5325394549629675,395234500
2021-08-12 00:00:00-04:00,50.610600280761716,50.4222867400275,-0.06529379703784721,58.90329123035298,54.24908418366232,51.3162130305962,49.90498753092723,0.510452066960775,401403700
2021-08-13 00:00:00-04:00,50.6476692199707,50.48875368542946,-0.040124025909899386,63.199619105978364,79.73874205310706,51.378137515758894,49.91720092418251,0.5078066843509413,409117900
2021-08-16 00:00:00-04:00,50.7258279800415,50.57015865437665,-0.011637373602646606,65.67682179507298,99.32418140743306,51.40075853466583,50.05089742541717,0.500884318211738,417089900
2021-08-17 00:00:00-04:00,50.7905876159668,50.6267961294202,-0.008191338448336194,62.07672207767551,81.93528818882,51.36565242576693,50.21552280616667,0.5001986783393891,406743500
2021-08-18 00:00:00-04:00,50.7883544921875,50.61168453515622,-0.05366452878738115,50.45996117389231,31.612653658457877,51.36804530904355,50.20866367533145,0.5193408212744401,392869800
2021-08-19 00:00:00-04:00,50.805772972106936,50.6286383465169,-0.06230753659567212,54.67585770011907,56.521989147166025,51.36321622973885,50.24832971447502,0.5479620072484123,402093500
2021-08-20 00:00:00-04:00,50.7892484664917,50.62526187778241,-0.08033425570196517,51.7761177717118,42.85725721681921,51.35130650479622,50.22719042818718,0.5375329959462,391549900
2021-08-23 00:00:00-04:00,50.76155776977539,50.60519197447612,-0.10197484847343086,49.22035568848546,30.43419490048682,51.33992647132316,50.18318906822763,0.5227448006877414,382637100
2021-08-24 00:00:00-04:00,50.70573081970215,50.55045381349551,-0.13762369409015957,44.17220262536695,6.626340304979603,51.33758517116795,50.07387646823634,0.5326199307623204,370569900
2021-08-25 00:00:00-04:00,50.67580699920654,50.50603287564493,-0.1519385277355471,45.019541500818,18.57925740121114,51.36344915839785,49.98816484001524,0.5226488573174081,381840600
2021-08-26 00:00:00-04:00,50.60836696624756,50.42075496145125,-0.18541757654619598,39.33939696109266,1.463539266723545,51.424148341415126,49.79258559107999,0.5210467061718044,371509100
2021-08-27 00:00:00-04:00,50.54673328399658,50.35295675072059,-0.19224758819643398,41.00318474255245,9.478718013430573,51.43550782183653,49.65795874615663,0.5055220944373461,380353200
2021-08-30 00:00:00-04:00,50.51546974182129,50.336702690988645,-0.15763668281480547,48.35321791540907,34.59709454052496,51.40932003148758,49.621619452155,0.5051431077693941,390387900
2021-08-31 00:00:00-04:00,50.488226127624515,50.33305635257976,-0.12130779692921134,49.99878970111937,40.758538004726525,51.37362373227729,49.60282852297174,0.5022390186454376,404573600
2021-09-01 00:00:00-04:00,50.51457614898682,50.362082665819926,-0.07128023577741019,54.5563378638782,58.76722973558516,51.38471568519471,49.644436612778925,0.49954235612579134,414092500
2021-09-02 00:00:00-04:00,50.526634979248044,50.3951510781107,-0.03222650070033126,55.47658551167855,62.55918306656921,51.400541811155755,49.65272814734033,0.5034185138583332,425745700
2021-09-03 00:00:00-04:00,50.53065433502197,50.42166740784142,-0.008865807667097221,54.87828814847857,60.663510000222985,51.40648586390151,49.654822806142434,0.5006376078611404,412525300
2021-09-07 00:00:00-04:00,50.48688526153565,50.35548365243502,-0.05469027192957397,41.96267368061011,12.359588080703947,51.42903853453801,49.544731988533286,0.5427172805625823,392490000
2021-09-08 00:00:00-04:00,50.46991367340088,50.35940592177157,-0.03817370231274219,50.787904278881975,61.39217926955574,51.40570583969108,49.53412150711068,0.5594602533333395,404530100
2021-09-09 00:00:00-04:00,50.431057929992676,50.31531561228086,-0.058037357969762476,45.25454749977883,25.94959092957695,51.393940515553396,49.468175344431955,0.559056566018533,391984700
2021-09-10 00:00:00-04:00,50.37612323760986,50.254156171062895,-0.0818591658136566,43.002020832356536,10.126471480272398,51.37948419667329,49.37276227854643,0.5580437865232113,381411000
2021-09-13 00:00:00-04:00,50.32431545257568,50.237954056301135,-0.06625279835860942,48.118947156373245,39.24058116500009,51.274227704380216,49.37440320077115,0.5685880674184108,401685300
2021-09-14 00:00:00-04:00,50.263141822814944,50.22672350466866,-0.05052552998788364,48.55470566743193,41.7913396908491,51.092575882674026,49.43370776295586,0.5556169782974242,415604200
2021-09-15 00:00:00-04:00,50.21945075988769,50.23284801696584,-0.02681649725885535,50.674011390538865,53.90751026197425,50.93907877741787,49.499822742357516,0.5532151640697658,431350200
2021-09-16 00:00:00-04:00,50.186746215820314,50.1929609209025,-0.04063992246773204,45.093517051381276,29.728273662305533,50.91756154786593,49.4559308837747,0.5889127512338003,413919800
2021-09-17 00:00:00-04:00,50.09701366424561,50.078874025859335,-0.09899554210810987,37.46474261319849,3.135045969115378,50.94152622118717,49.25250110730405,0.609846375349984,380549600
2021-09-20 00:00:00-04:00,50.0000078201294,49.9430830274423,-0.15153700457039176,34.81606117267121,11.487118372331729,51.02143777044401,48.978577869814785,0.611927058176349,353007100
2021-09-21 00:00:00-04:00,49.91148433685303,49.819366379832466,-0.17608522600716467,34.7463599716843,11.138620176470859,51.07136708799202,48.751601585714035,0.6247883853965147,336588900
2021-09-22 00:00:00-04:00,49.84576568603516,49.71429036916483,-0.176229104316051,35.85166908629081,13.923802413247177,51.115027675021025,48.57650369704929,0.6129465654231587,349308600
2021-09-23 00:00:00-04:00,49.77331695556641,49.611506463214795,-0.17043292102735055,35.13074295570044,11.855480302648749,51.141468383964636,48.40516552716818,0.609020970555572,335472400
2021-09-24 00:00:00-04:00,49.717789268493654,49.505654517685414,-0.16427449465372934,33.90710658581338,6.3103787803689295,51.19374548832744,48.24183304865987,0.5899476400973777,325790200
2021-09-27 00:00:00-04:00,49.64474887847901,49.385884177761696,-0.16530390164173026,31.68833378144575,1.6084429059734375,51.25381960369537,48.035678153262644,0.5915219815181726,313360700
2021-09-28 00:00:00-04:00,49.50438899993897,49.19438011823529,-0.21003722786934015,25.47033219861504,5.882339354826694,51.37061084875099,47.63816715112694,0.6251254078282878,293434600
2021-09-29 00:00:00-04:00,49.372622108459474,49.04854185060388,-0.2052497833353336,30.327347391225345,14.845702714272074,51.36393401971194,47.38131019720701,0.6190441782649583,307376100
2021-09-30 00:00:00-04:00,49.2018346786499,48.87459348820448,-0.21572870458449017,27.384362579628814,1.120471622361469,51.312157165063304,47.0915121922365,0.6326828543434476,289704100
2021-10-01 00:00:00-04:00,49.052223205566406,48.76435330201387,-0.17500310773309413,35.007956455513536,16.52651356742113,51.137970075600016,46.966476335532796,0.634418693958429,305981500
2021-10-04 00:00:00-04:00,48.90304889678955,48.66204216513123,-0.13723062203200442,34.793497944234986,16.388925526196132,50.9295376655335,46.8765601280456,0.6617443595929258,287008100
2021-10-05 00:00:00-04:00,48.80526580810547,48.57718826391803,-0.09608569631845187,36.059523502977875,18.941295845597725,50.8519681060522,46.75856351015874,0.6491905774150126,304181200
2021-10-06 00:00:00-04:00,48.70233573913574,48.554414724599575,-0.023749488286214815,44.224001128952416,46.95333806245083,50.621646854280385,46.783024623991096,0.6838183956901841,325465700
2021-10-07 00:00:00-04:00,48.63206615447998,48.54838151073332,0.03797908159246988,46.2196166560134,61.15706450245827,50.47264906289508,46.79148324606488,0.6716164300561188,339240100
2021-10-08 00:00:00-04:00,48.58376197814941,48.563493552842615,0.0937565221389336,48.99409408194072,71.07428442503364,50.362179661496455,46.80534429480237,0.6564286629707137,353026900
2021-10-11 00:00:00-04:00,48.519862747192384,48.58659410465987,0.135199570761945,50.26058615342106,82.43209612465981,50.16490260594738,46.874822888437386,0.6339690658130609,365405400
2021-10-12 00:00:00-04:00,48.454163551330566,48.60749460392311,0.1588600404647456,50.26058615342107,75.30840164295103,49.935096371158544,46.97323073150259,0.6278991225854554,384879800
2021-10-13 00:00:00-04:00,48.380364990234376,48.6272627046795,0.17034735637077503,50.39062038743044,75.720406384636,49.61430582652811,47.14642415394064,0.6241912093604148,397023100
2021-10-14 00:00:00-04:00,48.34706630706787,48.67686243232629,0.19389061163242255,55.06604317019987,90.94713878118498,49.45384757377306,47.24028504036268,0.6162487961607702,410727100
2021-10-15 00:00:00-04:00,48.34886646270752,48.710594737413516,0.19459571955456167,53.16986478220052,83.87085406989145,49.45996628074228,47.23776664467276,0.6101588729581033,392860100
2021-10-18 00:00:00-04:00,48.343466186523436,48.69482981183116,0.1569583656279394,46.07342860525826,62.0966791541905,49.44963841107177,47.237293961975105,0.6064321994516774,376998300
2021-10-19 00:00:00-04:00,48.3479663848877,48.69856622925908,0.1399801159050778,48.928219115783314,70.56457526168273,49.45971182181858,47.23622094795682,0.5907579578284314,388066800
2021-10-20 00:00:00-04:00,48.37046604156494,48.74308957898366,0.1520292716255105,54.81614624577232,89.9198151968743,49.52835596305489,47.212576120074985,0.5903457294841203,400541600
2021-10-21 00:00:00-04:00,48.384415817260745,48.75937198770954,0.13764245241530534,51.11414901889665,78.62894522708618,49.56128731570481,47.20754431881668,0.5777489765501765,386153300
2021-10-22 00:00:00-04:00,48.40961513519287,48.7826744073371,0.12895212276460383,52.35167560641898,81.8562610765453,49.61651214662227,47.202718123763475,0.5660519869759867,398981900
2021-10-25 00:00:00-04:00,48.437514305114746,48.78490059205964,0.10561501049545119,49.38927897194121,72.57347721791989,49.65394323044041,47.22108537978908,0.5545477594449151,387126900
2021-10-26 00:00:00-04:00,48.51986255645752,48.80748687658633,0.10050108040013246,52.544237433924735,63.063312064593056,49.65791523781579,47.38180987509924,0.5374376248097936,399213600
2021-10-27 00:00:00-04:00,48.635060501098636,48.91792024080932,0.1533694848744092,63.317540183514964,75.75752765586695,49.865559863318445,47.404561138878826,0.602547233172718,423233400
2021-10-28 00:00:00-04:00,48.79570751190185,49.06240633801554,0.20901846944373587,67.27921844739652,97.0085539705897,50.0839513735099,47.50746365029381,0.5974356855219661,439161400
2021-10-29 00:00:00-04:00,48.946455001831055,49.221417289803306,0.2521044789362364,69.52837348069886,96.29621253580791,50.39070018565482,47.50220981800729,0.599118152952493,463625100
2021-11-01 00:00:00-04:00,49.089551734924314,49.34814145521359,0.2540421639681915,66.54296586088613,88.88865183513745,50.57407639704549,47.60502707280314,0.5884662349051403,451974000
2021-11-02 00:00:00-04:00,49.22544937133789,49.456797405256495,0.2369754768338605,65.48329836130117,85.34794587865055,50.699889109142404,47.75100963353337,0.5805036281452559,440475100
2021-11-03 00:00:00-04:00,49.3415470123291,49.571389930555725,0.22328395641090276,67.01864102870758,92.30737130040974,50.882379915754626,47.80071410890358,0.5743957370292578,451263400
2021-11-04 00:00:00-04:00,49.46394424438476,49.701639520037766,0.21880916467285938,69.40957110201775,98.95095602288809,51.10100139202853,47.826887096741,0.5719382976934665,462083600
2021-11-05 00:00:00-04:00,49.58634223937988,49.84005650410876,0.21582758403494373,71.15321365991149,90.56048966739439,51.34059468589018,47.83208979286958,0.5677276960618705,474970300
2021-11-08 00:00:00-05:00,49.680840492248535,49.921576304126674,0.17036869912558056,62.94304661847469,73.5665713523913,51.460218200893145,47.901462783603925,0.5760318013142219,462142300
2021-11-09 00:00:00-05:00,49.782539176940915,50.009047421902366,0.13876341047387525,64.33355795672665,78.66249374095618,51.58267902337538,47.98239933050645,0.5625290174041504,472298100
2021-11-10 00:00:00-05:00,49.89413719177246,50.10790194919701,0.1212015840999448,66.29151892686423,85.98733378680122,51.71711991413437,48.071154469410544,0.5628474183331991,481111700
2021-11-11 00:00:00-05:00,49.98998489379883,50.19905546693997,0.10102457552352057,66.4638660336955,86.62407098334862,51.847236369231,48.132733418366655,0.5425723055973085,488369400
2021-11-12 00:00:00-05:00,50.085833358764646,50.27038551152269,0.07142133093042519,64.16669716445207,81.22867008826378,51.9330722016431,48.23859451588619,0.5321024682827035,478206900
2021-11-15 00:00:00-05:00,50.206431007385255,50.33577889054062,0.04533923180672861,64.26895155182426,71.42830789862721,51.9474403005653,48.46542171420521,0.5204517737034698,488496100
2021-11-16 00:00:00-05:00,50.2995792388916,50.36065964619876,-0.000819663158375894,57.23027253163097,38.961323540501105,51.9099661555386,48.68919232224461,0.5314900043498405,474739600
2021-11-17 00:00:00-05:00,50.357177925109866,50.35660016805911,-0.05197164195682957,52.437180053537425,17.21847014506618,51.88137317934935,48.83298267087038,0.5301682684878231,461450900
2021-11-18 00:00:00-05:00,50.404877281188966,50.3100708179761,-0.1143661758800339,45.77766079208012,13.366354001522685,51.799653328033585,49.01010123434435,0.5430839041144015,446070800
2021-11-19 00:00:00-05:00,50.435477066040036,50.24397293919935,-0.16764030798492324,42.520916841069955,10.176951802059598,51.72917016520135,49.14178396687872,0.5422200456932748,430257100
2021-11-22 00:00:00-05:00,50.491276550292966,50.213312567083456,-0.1764132174408004,47.413167832894054,25.221262250222583,51.57889058553002,49.40366251505591,0.5639173610571477,447162700
2021-11-23 00:00:00-05:00,50.55472526550293,50.22071431153161,-0.15241139900732942,52.647134541135344,43.362770762849365,51.41675747645889,49.69269305454697,0.5647795100548099,460998600
2021-11-24 00:00:00-05:00,50.55067520141601,50.1888401789276,-0.15817188510893787,47.105440477913625,23.45116685647126,51.42439572697037,49.67695467586166,0.5790802149635527,448399700
2021-11-26 00:00:00-05:00,50.44672756195068,50.01429077828382,-0.25371725141456763,32.98152888929435,4.398762580875506,51.74316467476306,49.1502904491383,0.6566430421854154,433645400
2021-11-29 00:00:00-05:00,50.36617908477783,49.92922039828822,-0.2534931089122696,42.297574293714604,29.325301262145686,51.776853286395344,48.95550488316032,0.6740239424439464,456357900
2021-11-30 00:00:00-05:00,50.217085456848146,49.70454688111959,-0.3404707648549756,32.449275197013336,0.24327448583527364,52.07658433021576,48.35758658348053,0.7373061519874099,425872700
2021-12-01 00:00:00-05:00,50.06433925628662,49.48831431333997,-0.38647625923061213,31.75091430193656,0.46823485113618096,52.277620968280566,47.85105754429268,0.7649724437461566,407153100
2021-12-02 00:00:00-05:00,49.93796176910401,49.35918620514055,-0.35025869801669385,39.00761579412649,18.49495748351504,52.285340819762936,47.59058271844508,0.7777061544226008,424227300
2021-12-03 00:00:00-05:00,49.818948364257814,49.28295347352653,-0.280969798808461,42.99206751277428,29.844954424278338,52.192460746904075,47.44543598161155,0.7629690708336129,445291700
2021-12-06 00:00:00-05:00,49.751261138916014,49.332317270899935,-0.14185263198533354,52.69315867665537,62.29508901758284,52.04435532239343,47.4581669554386,0.8192497071757959,471915800
2021-12-07 00:00:00-05:00,49.7201286315918,49.40289317441542,-0.02786910873082607,54.51836882890827,86.221486467219,51.97770306881414,47.46255419436946,0.7976581560669099,495748500
2021-12-08 00:00:00-05:00,49.672272300720216,49.448607769551074,0.03493002978304388,52.977475843741196,80.04160159905221,51.87271484694711,47.47182975449332,0.8048175876436153,477722200
2021-12-09 00:00:00-05:00,49.607717514038086,49.4778760033894,0.06632828348401973,51.9238933341349,75.92188463856893,51.71690963939825,47.49852538867792,0.7823134882181629,463875800
2021-12-10 00:00:00-05:00,49.60665740966797,49.62701274574238,0.1665409922647491,60.50386551915873,99.0098783183762,51.71293795652842,47.500376862807514,0.8210173017441144,487029400
2021-12-13 00:00:00-05:00,49.678561973571775,49.889784123589266,0.3077248723800147,67.09518671981377,96.99111419781201,52.04519655801764,47.311927389125906,0.8692650459495292,518392200
2021-12-14 00:00:00-05:00,49.751830673217775,50.13098468173608,0.3831389153870425,67.25424214343388,93.71817833588877,52.351506718836966,47.152154627598584,0.8570573657545469,543198800
2021-12-15 00:00:00-05:00,49.85488986968994,50.37167287913213,0.42523748687310614,68.32605115667832,96.81744596683643,52.72932346233521,46.980456277044674,0.8347086805269042,568122600
2021-12-16 00:00:00-05:00,49.99865379333496,50.640400566703626,0.4623779700901634,70.67183074004693,96.51515901175938,53.21825161118663,46.77905597548329,0.8385739314190676,592819500
2021-12-17 00:00:00-05:00,50.12319717407227,50.80406809434458,0.4060112743572265,62.854713279252195,82.07833626634358,53.50173465448873,46.744659693655805,0.8577108759978246,540945100
2021-12-20 00:00:00-05:00,50.25172443389893,50.93573668415495,0.3353181132922944,61.3455688126736,79.21691476501451,53.73719628214939,46.766252585648466,0.8469764685138618,520065600
2021-12-21 00:00:00-05:00,50.375382041931154,51.07473235162848,0.2828966899385865,62.51877086715811,82.05935121981027,53.978783302567635,46.77198078129467,0.8149828253401675,535930500
2021-12-22 00:00:00-05:00,50.499182510375974,51.23590453268153,0.25444886487951324,64.58236419284637,87.54206226857207,54.24961944452723,46.74874557622472,0.8021176607924762,548377900
2021-12-23 00:00:00-05:00,50.645047187805176,51.385183097928376,0.22052392297331336,64.78612454576387,85.35588370127925,54.513806688260054,46.7762876873503,0.7882282812631326,559405200
2021-12-27 00:00:00-05:00,50.886909294128415,51.557386002757376,0.2070137964506098,66.9843584450219,94.07896217254319,54.75784733718912,47.01597125106771,0.7766264345723222,569265200
2021-12-28 00:00:00-05:00,51.100952339172366,51.73305521099086,0.1949601080272938,68.13036556996364,98.6900101461127,55.030621727554106,47.171282950790626,0.7626141898609741,578245100
2021-12-29 00:00:00-05:00,51.395714950561526,51.89804049525847,0.1747461571572031,68.4888708093258,96.6741091352507,55.09970867688087,47.69172122424218,0.7366461734861206,588241100
2021-12-30 00:00:00-05:00,51.689570617675784,52.03262885396897,0.1361876597369711,66.53149771148213,89.18267851128203,55.00153750934254,48.37760372600903,0.7144766747535798,580537200
2021-12-31 00:00:00-05:00,51.96800765991211,52.1915413461598,0.12256998264959029,68.94883228333784,94.14228996212319,54.95761640231005,48.97839891751417,0.7055514210917125,590558500
2022-01-03 00:00:00-05:00,52.22921257019043,52.34309366831218,0.10534034586952123,69.44627993966141,97.87255643881868,54.87476628748209,49.583658852898765,0.7154030949820384,610745800
2022-01-04 00:00:00-05:00,52.47318534851074,52.56572559631611,0.13860156204709118,74.31959701824121,92.93784539447569,55.07777213045627,49.86859856656521,0.7446334909407396,636887400
2022-01-05 00:00:00-05:00,52.726227569580075,52.81034303278117,0.17308885084067782,76.36958912558805,90.23808678446377,55.33239940235172,50.12005573680843,0.7659459169036749,659394700
2022-01-06 00:00:00-05:00,52.97428188323975,53.004023000757556,0.15868066952594972,72.38692622049885,82.61907681420777,55.38800904386562,50.56055472261387,0.7552879455633208,641492400
2022-01-07 00:00:00-05:00,53.22233619689941,53.16716466716606,0.12443786525501532,70.6510110111171,79.285803764958,55.25108222273837,51.19359017106046,0.7440955699715316,629184500
2022-01-10 00:00:00-05:00,53.410531234741214,53.32340732314373,0.09316601134398517,71.18264852224596,79.24556809658496,55.28873007308854,51.53233239639389,0.7324069658163851,650138800
2022-01-11 00:00:00-05:00,53.532517433166504,53.46649578585772,0.06055148377519948,71.29454067445148,79.78418827533592,55.44532664950828,51.619708216824726,0.7222012180227898,669508400
2022-01-12 00:00:00-05:00,53.656771659851074,53.60373185556863,0.032720453094526425,71.82522917379366,79.75474778722527,55.58775779471448,51.72578552498767,0.7030069133182703,685262200
2022-01-13 00:00:00-05:00,53.785559844970706,53.75899305568468,0.02489849312547654,73.90318506267987,90.62499793296253,55.77564798942071,51.7954717005207,0.6949011729436976,699580200
2022-01-14 00:00:00-05:00,53.90981330871582,53.94179208595615,0.03749576599923876,76.44922382515547,98.0951938693081,56.04173727778751,51.777889339644126,0.715878837319437,719309800
2022-01-18 00:00:00-05:00,54.0535665512085,54.06485707365434,0.005423374261698477,69.18068602655292,82.08469517925516,56.134926664635714,51.97220643778128,0.7256404857010608,697333100
2022-01-19 00:00:00-05:00,54.210470581054686,54.184839150856526,-0.018829157632510807,69.81149603570408,85.34197097357408,56.17505783646564,52.24588332564373,0.7139744037190535,715987800
2022-01-20 00:00:00-05:00,54.34560775756836,54.27180063390832,-0.05712363058692138,66.16540409001944,77.19884998989654,56.15807169575338,52.53314381938334,0.7096198182409061,692985400
2022-01-21 00:00:00-05:00,54.448547554016116,54.32456592416854,-0.10497671304500455,61.981725868964716,67.42647458998175,56.11899297809119,52.77810212994104,0.7172372215750357,666342200
2022-01-24 00:00:00-05:00,54.52745246887207,54.32998133757083,-0.1670695596457673,55.778277793841845,48.26385941203051,56.019108084427515,53.035796853316626,0.7877977588596166,636157100
2022-01-25 00:00:00-05:00,54.58050975799561,54.32278877028823,-0.21419353829193122,54.11194913630684,43.402989024729145,55.94897455910625,53.21204495688497,0.8196313982468706,617130000
2022-01-26 00:00:00-05:00,54.61316032409668,54.29727784085416,-0.25360786879151187,51.50773325632564,35.76395683663358,55.89607167697418,53.330248971219184,0.8349388654358003,597939800
2022-01-27 00:00:00-05:00,54.644904136657715,54.27851585096533,-0.26991755366331605,52.07233250619199,37.500253196284646,55.841135844825146,53.44867242849028,0.8679400715693079,616833600
2022-01-28 00:00:00-05:00,54.73832130432129,54.36432973325341,-0.2042924092375049,63.08682514816696,78.81969607990445,55.78593351883252,53.690709089810056,0.9322712364793244,635935100
2022-01-31 00:00:00-05:00,54.81994781494141,54.456654542884046,-0.1493247627400437,64.34732598954415,84.7222858660948,55.782561227016785,53.85733440286603,0.9298154540500795,657980400
2022-02-01 00:00:00-05:00,54.877086067199706,54.50131656488802,-0.1394636900826811,58.638960169811604,69.09722509403093,55.71415234942628,54.04001978497313,0.9268873584160165,637138700
2022-02-02 00:00:00-05:00,54.91744594573974,54.59527941424671,-0.09614143004319775,63.44995318459707,90.62516773679344,55.78984393860678,54.04504795287271,0.9066773624183372,657364300
2022-02-03 00:00:00-05:00,54.9546314239502,54.717435493214474,-0.04489587562666275,66.37146261987616,94.70410909444266,55.919334180862315,53.98992866703808,0.919006359352597,676804800
2022-02-04 00:00:00-05:00,54.97685203552246,54.771812582239626,-0.053778567458338644,58.72948461554983,74.45496048641917,55.950765468034675,54.00293860301025,0.9252722074156916,659401100
2022-02-07 00:00:00-05:00,55.03444404602051,54.87629240374136,-0.025094928955707863,63.219933368015774,94.39265428506468,56.07409245618547,53.99479563585555,0.9148947479095314,677247500
2022-02-08 00:00:00-05:00,55.10564041137695,55.00537311405747,0.011797134750311633,65.72972291380171,91.22338297573515,56.26191341442475,53.94936740832916,0.8968371411106448,696019200
2022-02-09 00:00:00-05:00,55.132396125793456,55.03923762414444,-0.026844469830961004,55.87516290588457,65.69137377370544,56.28629488581081,53.9784973657761,0.9247690686826626,672423600
2022-02-10 00:00:00-05:00,55.170488357543945,55.099245388781355,-0.035497541774451635,58.26187517833059,74.73394638336552,56.34233203198907,53.99864468309882,0.9947583134415574,695985100
2022-02-11 00:00:00-05:00,55.142826080322266,55.05938667674061,-0.10758875658209865,49.093868116242675,43.95591304217526,56.333340068851555,53.952312091792976,1.0422568860615817,673203700
2022-02-14 00:00:00-05:00,55.11062927246094,55.05701144241375,-0.1297544496720111,52.004051420311555,51.32735423662638,56.27603135787849,53.94522718704339,1.0656324202970657,696845000
2022-02-15 00:00:00-05:00,55.11108283996582,55.074729000934795,-0.12843123133513168,53.68558895628886,58.11193309428797,56.27668363724597,53.94548204268567,1.0640161077932253,710253700
2022-02-16 00:00:00-05:00,55.106548118591306,55.08989523482549,-0.12605348191428634,53.59764785118567,57.8168920664819,56.26949249991846,53.943603737264155,1.0424326745826242,694769000
2022-02-17 00:00:00-05:00,55.16867465972901,55.20899716919014,-0.05165952831261178,61.814311325079125,93.11435747260239,56.449883624281775,53.88746569517624,1.0891173108381822,716237700
2022-02-18 00:00:00-05:00,55.26345272064209,55.353035286400825,0.017787180105858946,64.16678785187142,92.09043445309828,56.700201419854075,53.82670402143011,1.0650929721497224,738212700
2022-02-22 00:00:00-05:00,55.36866054534912,55.460897093318195,0.04109277453595972,61.63539107592438,84.74571086987544,56.83940850950957,53.89791258118868,1.0486151356546207,716481300
2022-02-23 00:00:00-05:00,55.448926544189455,55.498885880422186,0.009274273056460891,55.39029347466891,65.25415921658761,56.840788513830056,54.05706457454885,1.0378493213771873,697232800
2022-02-24 00:00:00-05:00,55.490193367004395,55.43996917443239,-0.07802130378118022,47.310104454983076,35.83324583925276,56.757669421547625,54.222717312461164,1.117252731061648,670025400
2022-02-25 00:00:00-05:00,55.63530712127685,55.58878658948366,0.0026154649004447306,60.69034685565587,98.64122179326237,56.89758116355885,54.37303307899486,1.192280566427201,691513200
2022-02-28 00:00:00-05:00,55.6987943649292,55.67074086553637,0.013529372751805269,56.651602158940705,82.06517520384467,56.990379220023826,54.40720950983457,1.20040520689089,665634100
2022-03-01 00:00:00-05:00,55.74232864379883,55.72156800327268,-0.00018149358045271846,54.909803526439035,74.72819158141428,57.04043889817727,54.444218389420385,1.1949929916484703,649763000
2022-03-02 00:00:00-05:00,55.8271297454834,55.80728798463882,0.013645038008806232,57.31755460891818,87.22817425634254,57.122333003585545,54.53192648738125,1.1808977849162723,667082100
2022-03-03 00:00:00-05:00,55.88562870025635,55.888299184064955,0.019665873570615833,57.529923745246364,85.52632197779492,57.219378637578906,54.55187876293379,1.143839493741688,688344900
2022-03-04 00:00:00-05:00,55.92916259765625,55.97023223238317,0.023906305876061518,58.091298319904894,88.15774187764224,57.314889404189195,54.54343579112331,1.1521849780344466,705507900
2022-03-07 00:00:00-05:00,55.934604454040525,55.91566078698135,-0.06527452701139902,47.92570089190297,48.94743808523407,57.31104686334806,54.55816204473299,1.1897339766624324,676356500
2022-03-08 00:00:00-05:00,55.8012809753418,55.65725320098629,-0.2620155747125484,36.694224277536236,1.5801289956702842,57.62217011235862,53.98039183832498,1.2958628430995636,646114400
2022-03-09 00:00:00-05:00,55.66342258453369,55.44936928145411,-0.3578281393687624,38.61477562913051,8.352198697334083,57.73353941944735,53.593305749620036,1.2797453786956343,669137100
2022-03-10 00:00:00-05:00,55.52012271881104,55.1679963170792,-0.46441728407984834,34.55102551709423,6.884080400037953,58.00865363737175,53.031591800250325,1.2829182347993642,648249800
2022-03-11 00:00:00-05:00,55.36321811676025,54.91687544038751,-0.506289373966136,34.824567627101175,7.6086281630231065,58.169738629917276,52.556697603603226,1.2554162371010575,668105400
2022-03-14 00:00:00-04:00,55.30417976379395,54.78193128921035,-0.4447416587340079,41.81820478775909,26.95844994392054,58.21344114090135,52.39491838668654,1.2675784286901464,685904800
2022-03-15 00:00:00-04:00,55.276806640625,54.75384109527886,-0.3194181143068402,47.946957674229154,46.67355534830634,58.205938786168275,52.34767449508172,1.2651640429587123,704512000
2022-03-16 00:00:00-04:00,55.23169212341308,54.71449960645673,-0.23228420795165194,47.154459399537416,43.752734084397424,58.1891714978436,52.27421274898256,1.2616159723364133,687164700
2022-03-17 00:00:00-04:00,55.215819358825684,54.73373956441695,-0.12704923336418233,50.615628958028275,55.25322493628913,58.17648520091058,52.25515351674079,1.2309043257063514,702750900
2022-03-18 00:00:00-04:00,55.14507923126221,54.75201798631865,-0.051856236813381196,50.67088583810088,55.435866748033305,58.062166459980766,52.22799200254365,1.1814971476643807,732948700
2022-03-21 00:00:00-04:00,55.07722625732422,54.810334170587595,0.028095150811160652,53.366714174288504,64.19810195176038,57.906296930977426,52.248155583671014,1.162383223752554,750388800
2022-03-22 00:00:00-04:00,55.03121643066406,54.882244032991636,0.09160910723600699,54.59153143832667,68.21393593013555,57.79638172980959,52.26605113151853,1.1374540200142644,767948300
2022-03-23 00:00:00-04:00,54.998219108581544,54.912490593302884,0.10512271520697442,51.92126804290259,66.05811827663847,57.73868746955594,52.25775074760715,1.1201805890941818,752419100
2022-03-24 00:00:00-04:00,55.04070072174072,54.990338415913364,0.14350510482876203,55.332983704953776,86.36297310636085,57.79882227405492,52.28257916942652,1.0806403205173556,765570400
2022-03-25 00:00:00-04:00,55.002200508117674,55.10864406773207,0.19338671018495585,58.35121161911949,98.24048636472757,57.669714930007,52.33468608622835,1.044578088280033,777830200
2022-03-28 00:00:00-04:00,55.00918312072754,55.2496264174942,0.2380872040187763,60.39475346697707,99.58988577283662,57.692497369466665,52.32586887198842,1.0176189243487965,789315400
2022-03-29 00:00:00-04:00,55.03937683105469,55.39807152233385,0.2679068867050099,61.64210790042172,93.23189761696659,57.78858981317338,52.290163848936,0.9965019911926498,804036000
2022-03-30 00:00:00-04:00,55.0509952545166,55.53673102276448,0.2751441347452016,61.91124827372223,93.73724942865095,57.82867363511506,52.27331687391814,0.9677544071148106,817677000
2022-03-31 00:00:00-04:00,55.051203918457034,55.64390700701756,0.2520567027837365,60.006911186595765,86.29553723369649,57.82936570803191,52.27304212888216,0.9404075438012661,800854100
2022-04-01 00:00:00-04:00,55.086633110046385,55.81659967522478,0.27358736225843067,64.83306795839167,98.15664451960733,57.96668139371214,52.20658482638063,0.9352509482190624,813499000
2022-04-04 00:00:00-04:00,55.174551010131836,55.94412256876271,0.2513432774144905,61.78731294572987,90.55294053543564,58.19126811927529,52.15783390098838,0.9435181233746525,801993200
2022-04-05 00:00:00-04:00,55.369012451171876,56.05340708172188,0.21741894677737617,61.131206822440035,80.79798988077526,58.35338060940032,52.384644292943435,0.9329167825364222,786272000
2022-04-06 00:00:00-04:00,55.57865734100342,56.20711782084639,0.21828320369882392,64.75795226454628,95.49295207337347,58.59018221301706,52.56713246898978,0.9289475439281497,805539400
2022-04-07 00:00:00-04:00,55.85281467437744,56.37578277343226,0.22349586646269537,66.57082814684391,93.73297917975175,58.68446642294212,53.02116292581276,0.9252618248770712,819500200
2022-04-08 00:00:00-04:00,56.14297943115234,56.56232938999248,0.2335673621026304,68.56812998428374,94.80199958169649,58.73270045651688,53.5532584057878,0.9166171863630758,832203700
2022-04-11 00:00:00-04:00,56.38379344940186,56.72936870694725,0.2217113331338374,68.34259904665336,88.60460688823571,58.8378096001581,53.92977729864561,0.8942288347099302,819483600
2022-04-12 00:00:00-04:00,56.609527587890625,56.94577807035276,0.24113654272302754,72.05425056205924,94.25286909180035,59.153038359766995,54.066016816014255,0.895633982894599,837573500
2022-04-13 00:00:00-04:00,56.850341606140134,57.156374047236945,0.24477339048203328,72.83182346758161,96.33508721008151,59.40102303198837,54.299660180291895,0.8734385746569371,849456500
2022-04-14 00:00:00-04:00,57.07561893463135,57.37215420796326,0.2447641766387978,74.15297219586196,87.38526703157471,59.698174060715246,54.453063808547455,0.8658844019045626,865844900
2022-04-18 00:00:00-04:00,57.27393627166748,57.51690235340556,0.19117177283688558,67.12269924624545,71.82059641541964,59.8147765507254,54.73309599260956,0.8693144106005428,854165500
2022-04-19 00:00:00-04:00,57.47910747528076,57.70269850959629,0.17693824653140156,70.40487872930466,87.53111939574775,60.032683305351895,54.92553164520963,0.8600962648210821,866159300
2022-04-20 00:00:00-04:00,57.71489486694336,57.948263942880644,0.20288140575630265,74.30715065436974,93.80532328229755,60.38625676010761,55.043532973779115,0.8750369381400803,880986400
2022-04-21 00:00:00-04:00,57.98038387298584,58.192201951854805,0.2148574401922031,75.29266147481536,85.03784363263061,60.65456025496,55.306207491011676,0.8960911986315389,896106800
2022-04-22 00:00:00-04:00,58.17550201416016,58.329349913982846,0.14638984054162596,64.98459081498387,66.85581298978833,60.73122674499413,55.61977728332619,0.9078079245800895,881204600
2022-04-25 00:00:00-04:00,58.37701778411865,58.51349403257302,0.1269920711784005,68.33970285329188,74.28581998427471,60.923720660551595,55.830314907685704,1.0009392978569607,906286600
2022-04-26 00:00:00-04:00,58.52004470825195,58.60263719355658,0.04692672528623287,60.31246127862499,56.12275212083598,60.9684074544892,56.0716819620147,1.0162646905513137,884304000
2022-04-27 00:00:00-04:00,58.67540817260742,58.727678347067375,0.014577065345388718,62.99476646331994,63.474233318981796,61.06317129245159,56.287645052763246,1.0272312482467936,901275000
2022-04-28 00:00:00-04:00,58.857275581359865,58.89564654752803,0.020798264757073026,66.04763795984331,75.0002710204376,61.21632758466939,56.498223578050336,1.0700539437223786,923285600
2022-04-29 00:00:00-04:00,58.97653999328613,58.91009612356796,-0.07807448363213565,54.012936634080205,27.247276368922087,61.110006557340114,56.84307342923215,1.1045964048932437,903148500
2022-05-02 00:00:00-04:00,59.00258598327637,58.82133457113273,-0.21354393999728216,47.16019727268726,18.614675149548496,61.07300903582939,56.93216293072335,1.2039077590495784,878178200
2022-05-03 00:00:00-04:00,59.027261352539064,58.70969293984646,-0.31712128528503947,45.25756416888262,10.822533192224055,61.019326506348825,57.0351961987293,1.200818571369219,856491900
2022-05-04 00:00:00-04:00,59.14424133300781,58.77840880883337,-0.2598303984864907,55.68642537404545,53.03034524383524,60.93222116470504,57.356261501310584,1.2573540741425542,876272100
2022-05-05 00:00:00-04:00,59.208671760559085,58.795320197854444,-0.24817987261503016,52.797850752332316,41.774898580783955,60.86732346166302,57.55002005945515,1.2341275973134849,856116900
2022-05-06 00:00:00-04:00,59.26807556152344,58.83063978303832,-0.22143847525548832,53.936009943648884,46.75324663324426,60.828367182090055,57.70778394095682,1.2269213144045217,875100900
2022-05-09 00:00:00-04:00,59.30371780395508,58.85128047950584,-0.20713194391692524,53.155824662816386,43.939362380515206,60.80866516206748,57.798770445842685,1.2254521916314525,855045600
2022-05-10 00:00:00-04:00,59.31285705566406,58.817732553095496,-0.22830889328532022,49.59046618520249,30.952398886397866,60.795765082904936,57.82994902842319,1.2338799415527224,833723400
2022-05-11 00:00:00-04:00,59.301433372497556,58.81349072512212,-0.21760529983817256,51.34760163756226,37.44579028559162,60.79721870094644,57.805648044048674,1.2266913438429476,853371800
2022-05-12 00:00:00-04:00,59.29138050079346,58.827060979258555,-0.19281645993887353,52.5354832924251,41.774898580783955,60.79360125893383,57.789159742653084,1.2252386480473871,875946500
2022-05-13 00:00:00-04:00,59.32336711883545,58.94465499034851,-0.10115334854163388,59.04959879464892,82.84921117484798,60.86215481026052,57.78457942741038,1.2473901493367259,892113500
2022-05-16 00:00:00-04:00,59.39282341003418,59.07193885403741,-0.028722547656540365,60.21589577750953,88.9473911952361,60.97232367665656,57.81332314341181,1.2196526690715868,905336700
2022-05-17 00:00:00-04:00,59.42526683807373,59.171433301671875,0.0034264062203038237,58.86184227792368,84.21047465006237,61.03593967459317,57.81459400155429,1.2036883679323762,884036100
2022-05-18 00:00:00-04:00,59.2077579498291,58.86281658667355,-0.24798716392840775,36.42073703204658,4.428082370029782,61.37583622465085,57.039679675007356,1.4323542974102652,852598800
2022-05-19 00:00:00-04:00,58.923990631103514,58.479145165332994,-0.4662559118183771,32.883294030756204,5.059528659411641,61.72844917336964,56.11953208883739,1.4305731891760034,821104900
2022-05-20 00:00:00-04:00,58.7288724899292,58.21731160013108,-0.5241003979961232,38.165313093527004,19.642864747743875,61.83577252025307,55.62197245960533,1.4315301541575576,850238700
2022-05-23 00:00:00-04:00,58.5881311416626,58.14404727572314,-0.4246760918969594,46.81286726193669,47.61912008787041,61.65913718834848,55.51712509497672,1.4676693278686546,869645600
2022-05-24 00:00:00-04:00,58.541064453125,58.17872500681126,-0.2729158742481304,51.33516965786055,64.88100275809806,61.586570274362835,55.49555863188717,1.4568375702270093,885799800
2022-05-25 00:00:00-04:00,58.472978591918945,58.214451394857704,-0.1604251154522468,51.52645979096149,65.62494340256531,61.452700551447926,55.493256632389965,1.4095705511762928,901160300
2022-05-26 00:00:00-04:00,58.38661441802979,58.26679516431136,-0.0675797039808045,52.452505937945055,69.0477411994567,61.22405931012334,55.549169525936236,1.383304836916851,917320100
2022-05-27 00:00:00-04:00,58.389813613891604,58.34722905468015,0.016987500814030998,54.01552769304929,74.7026093861728,61.23037383723613,55.54925339054708,1.3295399498571439,935029100
2022-05-31 00:00:00-04:00,58.387071990966795,58.30685175085365,-0.0060897463660420925,48.180438326737864,55.35723326705434,61.22932175970697,55.54482222222662,1.3409780822111077,891870100
2022-06-01 00:00:00-04:00,58.386614608764646,58.24333727920892,-0.037672765726658494,46.879889579210385,50.744018633625025,61.22934216137681,55.54388705615248,1.3463761557793152,876461800
2022-06-02 00:00:00-04:00,58.32721080780029,58.24331787594349,-0.01627109766952571,49.97585683515137,60.56556314759402,61.12950742505062,55.524914190549964,1.35661109577472,891047800
2022-06-03 00:00:00-04:00,58.25683994293213,58.177150563586146,-0.04556424827833484,46.60729956304517,49.255951002373294,61.06312706934349,55.450552816520776,1.3197672327234984,877507900
2022-06-06 00:00:00-04:00,58.17139015197754,58.1085819406916,-0.06649821917282805,46.16640662414212,49.84488553267201,60.96576908308946,55.37701122086562,1.2979577619982272,862395100
2022-06-07 00:00:00-04:00,58.10924453735352,58.0796174514321,-0.05294987015213301,48.172900250781275,61.26274792967153,60.878101068432414,55.34038800627462,1.280317064396535,880281400
2022-06-08 00:00:00-04:00,58.05806560516358,58.02207756161937,-0.06153688635131371,46.40810720286114,59.374950447694786,60.83404159573908,55.282089614588074,1.2339081913552263,870069900
2022-06-09 00:00:00-04:00,57.94337100982666,57.875146503621025,-0.1259828975953903,41.45607684766171,39.33836372405532,60.78055993697721,55.10618208267611,1.248259741185855,856687700
2022-06-10 00:00:00-04:00,57.801716041564944,57.70826388692572,-0.18094900000907455,39.818866287597636,20.474182327509673,60.7046697023116,54.89876238081829,1.2524471741667942,841720100
2022-06-13 00:00:00-04:00,57.60157108306885,57.55118150967387,-0.20801646015804276,39.51717220551718,18.965399616696796,60.40385516223052,54.799287003907175,1.2687386413297137,818655900
2022-06-14 00:00:00-04:00,57.31359710693359,57.26265527412178,-0.3097247484912776,33.03981619393444,9.5428994500364,60.138883322406954,54.48831089146023,1.3253952995816698,794035900
2022-06-15 00:00:00-04:00,57.05409927368164,57.04018085650638,-0.32822827691400147,36.01560649023644,16.909253393675243,59.75242595622123,54.355772591142056,1.340527467110096,813720600
2022-06-16 00:00:00-04:00,56.97627010345459,56.786294526329435,-0.35395634655207375,33.809103562638654,13.409699355697333,59.88154687185073,54.070993335058446,1.3381408853186194,798666800
2022-06-17 00:00:00-04:00,56.96984424591064,56.5881473820808,-0.3256631227011264,36.32957320472218,21.03888633317857,59.89454678425063,54.04514170757066,1.3122544605798978,833448700
2022-06-21 00:00:00-04:00,56.97708988189697,56.52021005525781,-0.2107924913292295,44.37668688359557,48.394433386912404,59.89016402814147,54.064015735652475,1.3414756803805232,851153700
2022-06-22 00:00:00-04:00,56.919139289855956,56.49819236933111,-0.09537002399990235,46.935765251475054,57.28298977390977,59.838539338787626,53.999739240924285,1.3199541504186454,866360800
2022-06-23 00:00:00-04:00,56.84178085327149,56.54226878372424,0.031014150860684153,50.88359315210906,71.70253090057318,59.66920196668975,54.01435973985323,1.275642029941707,883551700
2022-06-24 00:00:00-04:00,56.81552715301514,56.68384109729068,0.18283281704962584,56.4305647870241,94.61566332175099,59.58809059303984,54.04296371299044,1.2621100222422306,901698800
2022-06-27 00:00:00-04:00,56.77278022766113,56.800534561076425,0.2664384506694065,55.671813701259225,92.4602966665737,59.448529125115044,54.097031330207216,1.2153546467460115,889556700
2022-06-28 00:00:00-04:00,56.68367252349854,56.85088335811025,0.2729261128616272,52.02101721784153,73.13971875204133,59.15268217839959,54.214662868597486,1.2370318168682404,876406600
2022-06-29 00:00:00-04:00,56.674680519104,56.93588754082464,0.2935602827694777,54.325030011540235,81.30673884718556,59.12681881145275,54.22254222675525,1.2032455537188491,888202100
2022-06-30 00:00:00-04:00,56.68813915252686,57.02857658141667,0.3054495160531654,55.25073463699821,84.57360705410237,59.16415976910749,54.212118535946225,1.1797624972820182,903716300
2022-07-01 00:00:00-04:00,56.739095497131345,57.24130837718763,0.38631798209792656,62.02032340074892,98.87097099350362,59.3776387434857,54.10055225077699,1.2026669222250927,918859500
2022-07-05 00:00:00-04:00,56.774152755737305,57.33734627158029,0.35432859384150533,55.28104372398618,81.12907780978377,59.4727332134125,54.075572298062106,1.2456329336786172,902938300
2022-07-06 00:00:00-04:00,56.8197624206543,57.435634562051995,0.32472715229073174,55.89106784983975,83.2258743481954,59.59278532021735,54.04673952109125,1.2158344771421736,916388800
2022-07-07 00:00:00-04:00,56.824995803833005,57.480728648241424,0.26042506101097546,52.90202370955928,75.16139567581924,59.60581649073139,54.04417511693462,1.1868496947900622,901560400
2022-07-08 00:00:00-04:00,56.85726528167724,57.54169145938826,0.2200338707899604,54.11759173345609,75.91921250559014,59.682158577154624,54.03237198619986,1.137579812308288,912871900
2022-07-11 00:00:00-04:00,56.93013687133789,57.57931448667029,0.1709850942453431,52.84044584549023,72.24266579676551,59.78727878983558,54.072994952840205,1.113526999826883,900169800
2022-07-12 00:00:00-04:00,57.00840263366699,57.589683990311435,0.1145793879797147,51.08764834559809,56.900756354563725,59.858552627022064,54.158252640311915,1.0984248417590934,885438700
2022-07-13 00:00:00-04:00,57.076520156860354,57.5736425997721,0.055083608967127634,49.19991178358609,35.71438489333036,59.8976142756882,54.25542603803251,1.0870314899876905,872293400
2022-07-14 00:00:00-04:00,57.21229515075684,57.54159624877539,0.0019317360068360212,47.88579590909937,27.936650327262214,59.77832852269535,54.64626177881833,1.0803964584462895,857860400
2022-07-15 00:00:00-04:00,57.342547225952146,57.540655214898344,-0.01391548003879478,50.17878981073699,38.095319314495754,59.68610388229272,54.99899056961157,1.0624008618603438,879828800
2022-07-18 00:00:00-04:00,57.46129245758057,57.465286053690576,-0.07424976545980644,44.5690711133752,11.110914913386429,59.396296208589526,55.52628870657161,1.0555533372975776,869048000
2022-07-19 00:00:00-04:00,57.60397148132324,57.474242618726926,-0.05750680954141868,50.71243525131905,39.04768219829833,59.06893878036936,56.13900418227713,1.0459076979982505,880046200
2022-07-20 00:00:00-04:00,57.64079132080078,57.39204829694248,-0.10540281365607869,44.49634091227907,10.606030662255066,58.95981425683819,56.32176838476337,1.0652232764566263,869035700
2022-07-21 00:00:00-04:00,57.65045680999756,57.3054088531349,-0.13877900712974556,43.71206705716876,15.573792611556268,58.932017437276485,56.36889618271863,1.0608039851221518,857076100
2022-07-22 00:00:00-04:00,57.63710956573486,57.24718418476063,-0.13925326141516362,45.41428342919319,23.598786080776367,58.95223553360945,56.32198359786027,1.0211950117664468,868720800
2022-07-25 00:00:00-04:00,57.597988319396975,57.24710503853714,-0.09702746411352356,49.68867667559061,42.42422590507706,58.91073037124248,56.28524626755147,1.0133453928523373,883662500
2022-07-26 00:00:00-04:00,57.611795616149905,57.33645393030499,-0.005357831849016906,55.99696480322383,80.39863464816102,58.94301603984046,56.28057519245935,1.046821773819279,903780500
2022-07-27 00:00:00-04:00,57.64539432525635,57.399760328567424,0.04084093935170573,54.55263232611423,73.75425656079423,58.98030352640415,56.310485124108546,1.0654140726198895,891637600
2022-07-28 00:00:00-04:00,57.70660820007324,57.5490883708895,0.12945513427087202,60.336844592447434,94.5086042110392,59.16083408126706,56.25238231887942,1.0787338309341767,902474600
2022-07-29 00:00:00-04:00,57.76459980010986,57.69383752297368,0.184493736837574,60.89827104586106,96.57134687813665,59.33441376227001,56.194785837949716,1.045076750541588,916208800
2022-08-01 00:00:00-04:00,57.771043586730954,57.85548501311272,0.22928146008486588,62.70720366932212,87.76461220664912,59.366247781099304,56.175839392362604,1.0368365875581598,929040300
2022-08-02 00:00:00-04:00,57.78761234283447,57.9245894299954,0.19251701839181357,55.726682896241925,67.05853076529579,59.409027460297025,56.16619722537192,1.0397048175423613,913798400
2022-08-03 00:00:00-04:00,57.81108512878418,58.011659869093684,0.17427038364927128,57.35342806518086,73.64690475340001,59.47844988739266,56.1437203701757,1.0173829126528624,925115400
2022-08-04 00:00:00-04:00,57.84606380462647,58.06852045145492,0.13705426591363254,55.396265386877964,67.76439663620742,59.54915674351494,56.14297086573799,1.0104636693668794,913319800
2022-08-05 00:00:00-04:00,57.85710983276367,58.094543144461824,0.08723824171823302,53.1314436237091,60.94112405948237,59.57002547607585,56.14419418945149,1.0040377047243438,902874400
2022-08-08 00:00:00-04:00,57.858490562438966,58.08214359159455,0.0248872758011095,50.01780578809711,51.29399796409439,59.57170520044411,56.145275924433825,1.0020163712708348,893709200
2022-08-09 00:00:00-04:00,57.87598075866699,58.077939268534394,-0.013322856081524115,50.625886078209575,53.176599479454374,59.58902635095546,56.162935166378524,0.960689210908539,901620100
2022-08-10 00:00:00-04:00,57.93443298339844,58.1267349462242,-0.003822550720464113,55.042868408143825,62.73446853438685,59.661149832115875,56.207716134681,0.9407232780733823,910477400
2022-08-11 00:00:00-04:00,57.98229904174805,58.13318657813606,-0.025413900946352708,51.487876719601985,51.206365903703976,59.681908397403426,56.282689686092674,0.9333617272552347,901969600
2022-08-12 00:00:00-04:00,58.037529373168944,58.18110423940733,-0.01184550535269735,54.983089059098084,58.769169475901236,59.746743956101305,56.32831479023658,0.9107457661556493,911458900
2022-08-15 00:00:00-04:00,58.16870174407959,58.29459206807613,0.04187415613803741,60.13791994466237,83.38450005099064,59.86493939702981,56.472464091129375,0.9193332686676156,921322200
2022-08-16 00:00:00-04:00,58.28376502990723,58.44373527141412,0.10198740709037235,63.148599180066995,92.18734310530952,60.106537144645,56.460992915169456,0.9128421832594296,930891800
2022-08-17 00:00:00-04:00,58.439330673217775,58.56552382710812,0.12277769246687953,61.72758728083414,86.32779419774289,60.19438127189444,56.68428007454111,0.8778843518612192,922747800
2022-08-18 00:00:00-04:00,58.61698875427246,58.70552115386513,0.14633708365841752,63.72039789255595,95.14936302256899,60.25940603860926,56.97457146993567,0.8572586262893778,929279800
2022-08-19 00:00:00-04:00,58.78175926208496,58.827801043159404,0.1471519535992865,63.199138473009555,89.28559987028149,60.273782685827044,57.28973583834288,0.8295587741787263,920358700
2022-08-22 00:00:00-04:00,58.87426986694336,58.853397633961556,0.07928833078169845,53.976236225277965,54.64262237595345,60.19344658913019,57.555093144756526,0.8478900704295516,911270800
2022-08-23 00:00:00-04:00,58.92305679321289,58.88269375715477,0.03285014251071444,54.49240485881211,57.142862985743314,60.208438290017305,57.63767529640848,0.8326945187632304,919714600
2022-08-24 00:00:00-04:00,58.98519096374512,58.91709002054051,0.003375118430321511,55.188228721900245,60.35722547691813,60.20476899181998,57.765612935670255,0.8080640373778347,926559300
2022-08-25 00:00:00-04:00,59.01326580047608,58.9753863526384,-0.001007248104791525,57.593300122522706,70.5879302884755,60.25558062439052,57.770950976561636,0.8036029359112588,934473200
2022-08-26 00:00:00-04:00,58.96447906494141,58.89137048639475,-0.09928117495097144,44.61594300004647,9.923368479701217,60.26927875773785,57.659679372144964,0.865868913149857,924383700
2022-08-29 00:00:00-04:00,58.882093620300296,58.78204256165347,-0.18170848762640407,42.125884468049435,10.457516661531011,60.273905040486554,57.49028220011404,0.8500464593448587,915267800
2022-08-30 00:00:00-04:00,58.813516235351564,58.63227981210611,-0.2612172256157993,38.586081616348594,4.597701450603422,60.38185843942931,57.24517403127382,0.8498192182252312,906811000
2022-08-31 00:00:00-04:00,58.71180038452148,58.45820668942227,-0.32590900648993193,36.10732655443435,0.26520796232121885,60.50774143270073,56.91585933634223,0.8436906549486282,892177400
2022-09-01 00:00:00-04:00,58.634938621520995,58.32613564508462,-0.3342961640902519,38.893600824626034,16.985656509361533,60.56827513207978,56.701602110962206,0.8327399348289194,907117100
2022-09-02 00:00:00-04:00,58.532301902770996,58.132125045841065,-0.37316038104837984,34.18764455522094,5.4704608240075725,60.71842283720055,56.34618096834144,0.8962119191480877,895307300
2022-09-06 00:00:00-04:00,58.44991664886474,57.95922197111624,-0.37654339034571715,34.488958019877174,6.126991916925743,60.830943768066604,56.06888952966288,0.896632269679908,907489100
2022-09-07 00:00:00-04:00,58.4158576965332,57.9018502741368,-0.2920328195950622,44.74890319419777,30.85354886341124,60.83860142190204,55.99311397116436,0.9187205368243899,920779800
2022-09-08 00:00:00-04:00,58.34543876647949,57.833285036905025,-0.23374042117243715,43.51481890831917,26.69582087856344,60.825013132200034,55.865864400758944,0.9168761038369383,903586300
2022-09-09 00:00:00-04:00,58.304015922546384,57.78878362411757,-0.17149300517489982,45.2271143774081,35.32349574173431,60.81971063488766,55.788321210205105,0.9184505220037573,915442200
2022-09-12 00:00:00-04:00,58.24878559112549,57.76430093544603,-0.11081377183669283,46.790487546237614,41.025774139768764,60.7813184103709,55.71625277188008,0.8883522606996196,928469100
2022-09-13 00:00:00-04:00,58.06330318450928,57.56418449474693,-0.18387211693082878,34.74572680374267,4.203587056026963,60.77635228322536,55.3502540857932,0.9708653650539746,909936300
2022-09-14 00:00:00-04:00,57.86815547943115,57.41118040968175,-0.19845526981777667,37.47792582351306,11.283244570356306,60.59744384194256,55.13886711691975,0.9435983848782348,922817900
2022-09-15 00:00:00-04:00,57.641895866394044,57.20033683213673,-0.24249062041299008,33.570724020615486,3.4198142828827973,60.467348181056686,54.8164435517314,0.9450776577769755,911366000
2022-09-16 00:00:00-04:00,57.4004508972168,57.0104567885534,-0.2530113651991851,33.66156661373262,12.41417110448256,60.19155654276793,54.60934525166567,0.9232706509075402,931859500
2022-09-19 00:00:00-04:00,57.1821704864502,56.878399168321934,-0.21536117545683708,37.784178558869215,26.31087758461286,59.80711860843929,54.557222364461104,0.9149426961658162,944455700
2022-09-20 00:00:00-04:00,57.00436210632324,56.75097045172394,-0.18095532334781605,37.28509522977307,23.83206438636927,59.56756157508287,54.441162637563615,0.8966128165732358,932471100
2022-09-21 00:00:00-04:00,56.80015144348145,56.59152504400302,-0.17423441182219712,34.55453290831693,8.74871146541913,59.293355040318374,54.30694784664452,0.9193303155957854,918305800
2022-09-22 00:00:00-04:00,56.58530750274658,56.434901297717765,-0.16351964710665856,33.80789961858076,4.525084709670766,58.93561548537924,54.234999520113924,0.8887656325693315,906648200
2022-09-23 00:00:00-04:00,56.32559776306152,56.23491133735104,-0.18126035634202087,30.46597452946547,13.559662816476504,58.45482752131654,54.19636800480651,0.908732281712005,891824200
2022-09-26 00:00:00-04:00,56.103843688964844,55.98950437904585,-0.2196350100012736,27.256670553684074,3.801582662928631,58.369917475740266,53.83776990218942,0.9040919806049076,873154100
2022-09-27 00:00:00-04:00,55.83050193786621,55.63589370053088,-0.3134012419225234,22.132035785888107,1.1447461436523685,58.519024096166255,53.141979779566164,0.9759474315113573,849324800
2022-09-28 00:00:00-04:00,55.61167106628418,55.36894346807705,-0.3125858185233338,28.00227769090914,16.423949265678825,58.51913763673641,52.70420449583195,0.9949849782332539,870804900
2022-09-29 00:00:00-04:00,55.39408359527588,55.091211957189685,-0.3115825620033681,26.530447175762006,10.23997941530773,58.55242987980743,52.235737310744334,1.0093512651687295,856234200
2022-09-30 00:00:00-04:00,55.137650108337404,54.791362340800895,-0.3180886870989996,24.658063162603753,1.8773256702764787,58.53348344494424,51.74181677173057,1.0120946105806745,840109600
2022-10-03 00:00:00-04:00,54.94954566955566,54.57570264904772,-0.25841155629432255,30.691897728776155,15.448852149487788,58.48340821252516,51.41568312658616,0.9947725301325484,856387200
2022-10-04 00:00:00-04:00,54.76608676910401,54.39206094458577,-0.1893782973280247,31.903713370902324,18.162626872116295,58.37713650822186,51.155037029986154,1.0131278554269623,875248600
2022-10-05 00:00:00-04:00,54.505584716796875,54.178224483833745,-0.15731254692740726,29.58927619665586,14.065554355468024,58.08301559080949,50.92815384278426,1.0248729634959435,860923700
2022-10-06 00:00:00-04:00,54.19773082733154,53.87790191336353,-0.1893866840523455,25.181026933018813,2.744417537288209,57.85962743634612,50.53583421831696,1.042403140717671,843730900
2022-10-07 00:00:00-04:00,53.856564331054685,53.56026270990983,-0.21871931039370995,23.55681445912508,4.030980608469643,57.54548846066466,50.16764020144471,1.0235789061758345,832251100
2022-10-10 00:00:00-04:00,53.501549339294435,53.262277266857595,-0.22062922422598552,23.185124892907794,5.538895612884744,57.07212358085572,49.93097509773315,1.0127221378524147,822012000
2022-10-11 00:00:00-04:00,53.24413890838623,53.00061940238939,-0.19232099328495833,24.15172214101642,8.056098387389815,56.89565495842757,49.592622858344896,1.005290114984296,836315900
2022-10-12 00:00:00-04:00,53.00259857177734,52.822163732579426,-0.112389900075055,31.007628097871645,22.047337227563876,56.54155017252187,49.46364697103281,1.0368024899252455,854693300
2022-10-13 00:00:00-04:00,52.83291740417481,52.72516713837264,0.00010517337058479903,37.713745208268456,40.65931019206123,56.25828169288656,49.40755311546305,1.083283813373255,870914000
2022-10-14 00:00:00-04:00,52.62151126861572,52.55881537884478,0.03125339778457592,33.445377377379685,22.068870025459194,55.95546871293341,49.28755382429803,1.1072383079075017,854916100
2022-10-17 00:00:00-04:00,52.4221586227417,52.47100428168267,0.10438767956137096,39.343228594371126,44.06329550196257,55.4795150514756,49.364802194007794,1.1102751018626777,868637500
2022-10-18 00:00:00-04:00,52.26174964904785,52.45778655677631,0.20213352798944118,44.89808960604549,63.8523774367359,54.963867173354146,49.559632124741555,1.1031607222298294,880460600
2022-10-19 00:00:00-04:00,52.10226764678955,52.40344056332031,0.23693771217507642,42.2324518147783,51.18747355076805,54.47774043056181,49.72679486301729,1.0780098394110194,870278300
2022-10-20 00:00:00-04:00,51.90847892761231,52.27656063581008,0.20625756862773348,37.80139281240168,27.96846500111248,53.930062820805084,49.88689503441953,1.0672392135838584,853373200
2022-10-21 00:00:00-04:00,51.78608627319336,52.23947425387467,0.2398156574765431,44.11583102862609,51.18747355076805,53.47409253029145,50.098080016095274,1.0651852607574714,868407300
2022-10-24 00:00:00-04:00,51.77217826843262,52.3480936754039,0.3545276729433473,53.43080187906773,95.68734328729049,53.401832813447115,50.14252372341812,1.106327699213043,885824000
2022-10-25 00:00:00-04:00,51.89132556915283,52.56823125575048,0.49967392376507225,59.64055689703524,96.8565876259857,53.94448715065091,49.83816398765476,1.1292982154543871,914653900
2022-10-26 00:00:00-04:00,52.0030553817749,52.806258042079676,0.5995255269364629,61.40754979135459,93.22918022412044,54.45373944328534,49.552371320264456,1.109565444406377,930485300
2022-10-27 00:00:00-04:00,52.14028339385986,53.033978499544375,0.6466347255921582,61.97795866165766,94.67351974857463,54.95644174682002,49.3241250408997,1.0607764635676582,946511400
2022-10-28 00:00:00-04:00,52.36003398895264,53.34862844120328,0.7212412331813374,66.6427975298057,97.75110140793582,55.71467553485078,49.0053924430545,1.0803776851228812,959400300
2022-10-31 00:00:00-04:00,52.508388710021975,53.552952399067664,0.680897283830864,60.70845066586204,84.06007949052812,56.13114986393328,48.88562755611067,1.0753987443102144,945383900
2022-11-01 00:00:00-04:00,52.640981101989745,53.71927241739957,0.6104888133627224,59.394053635203704,80.90216365810674,56.46303005537276,48.81893214860673,1.0595161830956583,934724400
2022-11-02 00:00:00-04:00,52.7601282119751,53.796457930637374,0.4868488126792281,54.382449109482,64.82403166010414,56.66088376739313,48.85937265655707,1.0805320369797848,920175200
2022-11-03 00:00:00-04:00,52.93398170471191,53.86364358949408,0.3825547300830472,54.20444097454342,64.2016309720697,56.81978997228081,49.048173437143014,1.062958187349302,910981200
2022-11-04 00:00:00-04:00,53.15419597625733,53.966818076971585,0.3251598236088597,56.64976690207718,72.26891438641533,56.97156452328608,49.33682742922858,1.0552493224512456,920707100
2022-11-07 00:00:00-05:00,53.39063720703125,54.080477324244754,0.2846348599851376,57.81222281882655,76.13453378577772,57.08804451813108,49.69322989593142,1.014976139611546,929556800
2022-11-08 00:00:00-05:00,53.62800521850586,54.19302519045321,0.24905800222709168,58.38691810139488,77.98319404158842,57.16240907579816,50.093601361213565,0.9987734133393503,939638400
2022-11-09 00:00:00-05:00,53.796295166015625,54.22155934560815,0.16225729296533908,52.56774390488274,63.85124520696267,57.15443013965888,50.43816019237237,0.9863770217888154,929523200
2022-11-10 00:00:00-05:00,54.02856388092041,54.4337035785506,0.2215001389544139,62.73557977425242,96.42058649736536,57.445380361474015,50.6117474003668,1.0662640072390628,946328000
2022-11-11 00:00:00-05:00,54.32249221801758,54.66449756204801,0.26984985233711634,64.44706435775521,96.48645352108828,57.649428528658824,50.995555907376335,1.072227474020084,965300100
2022-11-14 00:00:00-05:00,54.55615158081055,54.821210757519815,0.24727514394422706,60.4385525607455,72.65192223960531,57.749512671788885,51.362790489832214,1.0625321389282338,948939100
2022-11-15 00:00:00-05:00,54.75040397644043,54.954168407543044,0.20986074646582842,59.760100490657614,69.88954934192606,57.850291619447226,51.650516333433636,1.082670394024853,935643300
2022-11-16 00:00:00-05:00,54.961809921264646,55.064749751774436,0.16403631385022077,58.97583504309844,66.85089369454472,57.818987938138875,52.104631904390416,1.0543467810877254,921443800
2022-11-17 00:00:00-05:00,55.22282180786133,55.181577304595585,0.1327204821225585,59.95341566195398,72.09935674020119,57.50693500055279,52.93870861516987,1.0194365752143224,932656400
2022-11-18 00:00:00-05:00,55.46297130584717,55.32525028370125,0.1260393460862479,62.151641570203054,83.97781022985974,57.249519974809225,53.676422636885114,0.9903314182990763,943072000
2022-11-21 00:00:00-05:00,55.67205924987793,55.53824902435321,0.1650403948950524,66.48295886530298,96.8370545749732,57.41277075363491,53.931347746120956,0.9904598424526371,958471400
2022-11-22 00:00:00-05:00,55.82968635559082,55.75480439187203,0.19060675890031675,67.62883584552384,96.59087790351326,57.73798131823767,53.921391392943974,0.9495162174547584,970791000
2022-11-23 00:00:00-05:00,55.979895782470706,55.97546121643705,0.20656991874150288,68.81937866301149,96.21749362757055,58.08714098915063,53.87265057579078,0.9141463921785886,979781400
2022-11-25 00:00:00-05:00,56.126396369934085,56.180401538178906,0.20218836486300984,69.08179036331589,97.04427260004104,58.39673715552004,53.85605558434813,0.8773290994190329,984946900
2022-11-28 00:00:00-05:00,56.2163366317749,56.36670692728371,0.18186541077276197,69.12842946111962,90.80465814141608,58.649717406718715,53.78295585683109,0.8504266898990528,997214400
2022-11-29 00:00:00-05:00,56.33826580047607,56.515840874476,0.138591267244911,66.74335216909802,85.74702618852976,58.857521822219454,53.81900977873269,0.8373679275005108,986244800
2022-11-30 00:00:00-05:00,56.54323406219483,56.790396774614265,0.18946366423762595,73.75233755011155,98.4163963186007,59.342509423584225,53.74395870080543,0.9062862145654161,1016678700
2022-12-01 00:00:00-05:00,56.79508590698242,57.05481205342705,0.21341227250045813,74.41800472877935,92.93993523466125,59.72761315299384,53.862558660971004,0.886907242119357,1028680100
2022-12-02 00:00:00-05:00,57.07447452545166,57.34384706910234,0.24138899642573097,76.42150833755115,96.56050155791579,60.14149590521512,54.0074531456882,0.8982599654438026,1042323600
2022-12-05 00:00:00-05:00,57.29052295684814,57.52709442784854,0.18406077908122498,67.47819403177195,78.75593061980706,60.3363273109307,54.24471860276559,0.9068010361328945,1033138500
2022-12-06 00:00:00-05:00,57.49450759887695,57.69022191223592,0.1265044205453676,67.18954447958569,77.56302759538966,60.488318580417186,54.500696617336715,0.8853843881790152,1023039000
2022-12-07 00:00:00-05:00,57.6980619430542,57.84670713992569,0.07928109017704044,67.68582032898826,79.64063803007134,60.60955603359376,54.78656785251464,0.8534915500332574,1035346600
2022-12-08 00:00:00-05:00,57.95270214080811,58.01230053370974,0.05095936520506772,69.04706106287401,82.88422617191318,60.574708039541186,55.33069624207503,0.8258776767470739,1045292800
2022-12-09 00:00:00-05:00,58.07823791503906,58.102537556796726,-0.020163871727850502,62.060503904648996,63.20963580175112,60.63998405148607,55.516491778592055,0.8169111238201757,1031377900
2022-12-12 00:00:00-05:00,58.22212791442871,58.25799496977479,-0.024950534836686522,66.57284624183494,81.52194047139687,60.81641541244691,55.627840416410514,0.8252601965247158,1043025800
2022-12-13 00:00:00-05:00,58.39430465698242,58.40042601699397,-0.036120727646194783,66.67572263792115,77.50675867278134,60.914130837988374,55.87447847597647,0.8263425427817658,1060547400
2022-12-14 00:00:00-05:00,58.57111740112305,58.529292202573224,-0.05181625728920558,66.67572263792115,77.50675867278134,60.94726289340737,56.194971908838724,0.8393537845488367,1073374100
2022-12-15 00:00:00-05:00,58.71194286346436,58.56762454221376,-0.1218487708636089,57.6275714524186,49.62762904836634,60.80634518877364,56.617540538155076,0.879449292124157,1061161800
2022-12-16 00:00:00-05:00,58.827151489257815,58.57028997364727,-0.1910018359849528,54.37659365259769,38.222389378931794,60.606018501793734,57.048284476721896,0.8706580106637725,1027530300
2022-12-19 00:00:00-05:00,58.92662677764893,58.58070515263585,-0.2287265386615649,55.05912911453165,36.94896953984325,60.415175512466924,57.43807804283093,0.871165694899885,1038450000
2022-12-20 00:00:00-05:00,58.98018817901611,58.58568228932678,-0.25259602290543326,54.57072660753608,19.409301371692617,60.33995458935972,57.6204217686725,0.835619521916505,1028163500
2022-12-21 00:00:00-05:00,59.06838893890381,58.68000736472944,-0.20278666393120703,61.91981597163219,62.02528092099312,60.33959826722012,57.7971796105875,0.8599740352435727,1038574800
2022-12-22 00:00:00-05:00,59.12213134765625,58.724439922836495,-0.19654676020421713,57.36794476735407,42.615942696827204,60.30828674506796,57.93597595024454,0.8752518425994115,1028908100
2022-12-23 00:00:00-05:00,59.19550323486328,58.807328724363224,-0.16147728622649682,60.62101693089733,62.86920266326923,60.305541376940546,58.085465092786016,0.8574224742218204,1035371400
2022-12-27 00:00:00-05:00,59.286620712280275,58.917007671768545,-0.11517145135449924,63.08572058610176,79.32515952874257,60.33127178436159,58.24196964019896,0.8348639148786255,1042692100
2022-12-28 00:00:00-05:00,59.358056259155276,58.95932354210513,-0.12536883464020476,56.80272899209942,52.320697993728615,60.19789711515778,58.51821540315277,0.8526023229370815,1035532700
2022-12-29 00:00:00-05:00,59.37393093109131,59.03140427758545,-0.10937596719227183,59.38897757798408,68.35469398806391,60.22812288356404,58.51973897861858,0.8303883430966342,1042702000
2022-12-30 00:00:00-05:00,59.36552696228027,59.066382710760905,-0.12046383373457903,56.14975933075496,54.008541478280826,60.21526072793921,58.51579319662133,0.8231009872693632,1035051800
2023-01-03 00:00:00-05:00,59.30016174316406,59.0393343893259,-0.16673886956575923,50.40286233429041,30.55563653704567,60.117529925937454,58.48279356039067,0.8596884035634702,1022871300
2023-01-04 00:00:00-05:00,59.27448215484619,59.01219326363582,-0.19472005829806338,50.1515166986292,29.959153004160758,60.12584983083206,58.42311447886032,0.8529760050035875,1009483400
2023-01-05 00:00:00-05:00,59.216586685180665,58.92360567858532,-0.2504425069022346,44.427235837538504,4.669213536698132,60.21437028929095,58.218803081070384,0.8480765261630789,999668700
2023-01-06 00:00:00-05:00,59.210049629211426,58.95017425049089,-0.20564329010470828,53.87642847788193,51.36170477392486,60.20640060441103,58.21369865401182,0.8855477354301657,1009658700
2023-01-09 00:00:00-05:00,59.15402202606201,58.9039562944127,-0.2183074526537594,48.08043824121633,20.622764846415578,60.18505524442856,58.12298880769546,0.8983318521414986,1000216100
2023-01-10 00:00:00-05:00,59.10686550140381,58.81945176951235,-0.24735424977618992,44.91843567217155,7.692396444451184,60.24936639997086,57.96436460283676,0.8881920697802127,990081500
2023-01-11 00:00:00-05:00,59.01535339355469,58.73232286156679,-0.2631295602494471,44.1369242273613,18.518428839154755,60.232739635564485,57.797967151544896,0.9014544328579166,979258500
2023-01-12 00:00:00-05:00,58.885555839538576,58.582346387632235,-0.3096820285143516,39.236135555249184,6.521683487360284,60.2983308683335,57.47278081074365,0.9177713073544415,965351200
2023-01-13 00:00:00-05:00,58.76603012084961,58.46621878802887,-0.3115947429049579,41.17070014149605,20.689664674708915,60.2666120888308,57.265448152868416,0.9102448112332509,979337600
2023-01-17 00:00:00-05:00,58.69926376342774,58.383384105393866,-0.2829300521538638,43.37681926306194,26.84728502822651,60.28103552484139,57.11749200201408,0.9085919675496871,997665400
2023-01-18 00:00:00-05:00,58.561995887756346,58.142133624769485,-0.36229438007767245,33.313448616535254,2.615712569573642,60.57392395070074,56.550067824811954,0.9770921735842927,977986000
2023-01-19 00:00:00-05:00,58.41632423400879,57.91585578222726,-0.39830770709423974,32.9176450901478,0.8949658123232727,60.76653313222265,56.06611533579493,0.9693305389208168,963091500
2023-01-20 00:00:00-05:00,58.289795112609866,57.743144056292486,-0.3775373166619031,36.183933183078615,15.044261103827687,60.84340468745644,55.73618553776329,0.9461152866765463,977329200
2023-01-23 00:00:00-05:00,58.123112487792966,57.60022015423766,-0.33391935052975646,37.54831582398364,19.21273561847695,60.753170615911806,55.493054359674126,0.913219450068721,989942600
2023-01-24 00:00:00-05:00,57.9928482055664,57.4993671471981,-0.26737472586916217,40.47249164629703,26.62029055266282,60.66498129855563,55.320715112577176,0.984723650801194,1000045900
2023-01-25 00:00:00-05:00,57.85791511535645,57.441914136480946,-0.1857636161972222,43.83556328436358,35.41670293467962,60.46459922151449,55.251231009198406,0.9844207977738062,1011311700
2023-01-26 00:00:00-05:00,57.69916973114014,57.379260408034476,-0.12836086792089063,43.009190471009866,32.63879891156521,60.15716951523915,55.24116994704113,0.9494557400821464,999426900
2023-01-27 00:00:00-05:00,57.555365562438965,57.294115696438745,-0.10076589139636744,40.800472249225095,25.231527668558172,59.94308779035402,55.16764333452391,0.9209902583367185,985339900
2023-01-30 00:00:00-05:00,57.40082225799561,57.230419456376126,-0.06506288900740459,42.296364873559945,37.237214948169424,59.601928596615416,55.1997159193758,0.9025619059666538,1000971900
2023-01-31 00:00:00-05:00,57.29390239715576,57.2332633756861,0.0055828242066718325,48.63328600122486,60.759355117726386,59.29510371243963,55.2927010818719,0.8934539965394516,1015316300
2023-02-01 00:00:00-05:00,57.218264961242674,57.236726541566625,0.054487653882076326,48.722545718602056,64.7650984470195,59.099469400529465,55.337060521955884,0.8936676793536276,1027851700
2023-02-02 00:00:00-05:00,57.09500427246094,57.146480089412215,0.02390897586610019,40.72686521312946,29.530094495363358,58.877951106118715,55.312057438803166,0.9245479048969837,1010904500
2023-02-03 00:00:00-05:00,56.98435001373291,57.02480945671057,-0.019183695723023086,37.85940051743192,19.04769944865227,58.78316295430521,55.1855370731606,0.9378812265008151,995500100
2023-02-06 00:00:00-05:00,56.83354244232178,56.94496324705919,-0.020739776287644618,41.22646550873437,35.877854524771585,58.34615223320513,55.320932651438426,0.9122434035305317,1006831000
2023-02-07 00:00:00-05:00,56.71495018005371,56.86382774413056,-0.022353421738588897,40.530811619419474,32.06087515546569,58.05999454497373,55.36990581513369,0.8937729405842199,991908300
2023-02-08 00:00:00-05:00,56.60242805480957,56.75929331879205,-0.03876523073000948,38.107260279870786,18.702226974694348,57.8671926870246,55.337663422594545,0.8619476224833916,980896300
2023-02-09 00:00:00-05:00,56.49083995819092,56.65582122211766,-0.04860568963098505,37.418796679854495,14.885403527748311,57.667071521368925,55.31460839501291,0.8484037416719987,968381000
2023-02-10 00:00:00-05:00,56.41660327911377,56.56220361084083,-0.04774142647736679,37.4187966798545,24.915793443875916,57.60251920731221,55.23068735091533,0.8558371154842997,982801700
2023-02-13 00:00:00-05:00,56.37785091400146,56.564656532622735,0.018296866402686462,48.07993473523311,63.703805917370865,57.485608259252956,55.27009356874997,0.8707437501179794,998993500
2023-02-14 00:00:00-05:00,56.28026905059814,56.47705280116294,0.0030913136427277443,40.43462102575084,26.296020116555336,57.280022068890354,55.28051603230593,0.897925256461732,978487800
2023-02-15 00:00:00-05:00,56.269997215271,56.39779228222313,-0.00205713805285046,40.43462102575084,26.296020116555336,57.29120299704468,55.24879143349732,0.8804775165100841,991659200
2023-02-16 00:00:00-05:00,56.24665222167969,56.29317553213045,-0.022676477884035373,37.875828167789905,12.592435456507113,57.33217812827475,55.16112631508463,0.8756148575241822,975120900
2023-02-17 00:00:00-05:00,56.24851951599121,56.27856153346494,0.023822116103478508,46.70981487595385,45.92565506179539,57.33317445647892,55.1638645755035,0.8804373757386454,991935600
2023-02-21 00:00:00-05:00,56.22844314575195,56.23688097598558,0.037194423712478386,44.29785285621618,34.073857095659456,57.32757229657416,55.129313994929745,0.8515656826710496,977657300
2023-02-22 00:00:00-05:00,56.20182991027832,56.21517791835358,0.058814260317041456,45.98738778507633,51.40165631460107,57.29513300918464,55.108526811372,0.8314263673165722,990066900
2023-02-23 00:00:00-05:00,56.16261024475098,56.20532451890287,0.08016465992433758,47.04448488877156,59.900937565387515,57.20873541870607,55.11648507079589,0.8127253203232586,1002289700
2023-02-24 00:00:00-05:00,56.11732139587402,56.1741767561744,0.07859113724099581,44.894040838834414,47.524896729519845,57.12979639407892,55.10484639766912,0.8013629779004926,992553500
2023-02-27 00:00:00-05:00,56.08603916168213,56.14421670819983,0.0762586630455851,44.71792269187353,46.53474874709603,57.0897337375143,55.08234458584996,0.781474388736543,983703700
2023-02-28 00:00:00-05:00,56.03327980041504,56.08954063603217,0.05611703407029672,41.969708514270465,31.188061727849384,57.02894137605167,55.037618224778406,0.7710105984308477,967621500
2023-03-01 00:00:00-05:00,55.9184232711792,55.982265339687594,0.005479481209499315,36.85521829975379,19.367654637018678,56.84928482616237,54.98756171619603,0.7919761872235361,954345700
2023-03-02 00:00:00-05:00,55.84325275421143,55.96168923858174,0.02835477666169567,46.19724732542559,53.359871464522115,56.53851105529527,55.14799445312759,0.800772052938168,966104000
2023-03-03 00:00:00-05:00,55.80403347015381,55.91817151231614,0.028106933614852392,43.9190042816859,42.29264934407734,56.48255025374886,55.12551668655876,0.7775908712190475,953002200
2023-03-06 00:00:00-05:00,55.82877864837646,55.960616321666805,0.08482590112731303,52.25118739625513,78.6561946328062,56.54972963105731,55.107827665695616,0.7994202076810166,969284900
2023-03-07 00:00:00-05:00,55.82130813598633,55.96789229175267,0.09840147839959412,49.25311165772392,74.54542920211503,56.530277389290056,55.1123388826826,0.7970124292242711,955323700
2023-03-08 00:00:00-05:00,55.81990737915039,55.97714305726097,0.10664470017767336,49.520449809716034,75.90894106903117,56.52683133253881,55.112983425761975,0.780102888866459,966175300
2023-03-09 00:00:00-05:00,55.807767677307126,55.933931550970485,0.07451905573766882,44.62531122801359,49.545235793119346,56.52620774228667,55.08932761232758,0.8084229046513164,952274400
2023-03-10 00:00:00-05:00,55.78862476348877,55.87260264395841,0.03827120284805802,42.66752819795398,38.18183225126991,56.54007020500512,55.03717932197242,0.8273828160821485,938528600
2023-03-13 00:00:00-04:00,55.797495651245114,55.87047420728026,0.0519059458788772,48.506535607220286,57.60007041834336,56.5474514642787,55.04753983821153,0.8790051854944408,960484600
2023-03-14 00:00:00-04:00,55.7708818435669,55.88811315287132,0.07332757009681795,50.4972644724654,66.39983076784036,56.440184574194106,55.10157911293969,0.8902557060373375,979981500
2023-03-15 00:00:00-04:00,55.81010150909424,55.93964624905898,0.10906742563360819,53.98098048091913,82.40025663692685,56.53488722379507,55.08531579439341,0.9093733959346499,1001071400
2023-03-16 00:00:00-04:00,55.86484661102295,56.01584369113614,0.1476378296433696,56.708406625375105,95.70120911646997,56.68989226928619,55.039800952759705,0.8874332993503946,1016729700
2023-03-17 00:00:00-04:00,55.92369346618652,56.05969224526808,0.14899422714760607,53.795052820082134,84.41538410907268,56.74688683677005,55.10050009560299,0.8717651189264564,989378500
2023-03-20 00:00:00-04:00,55.96780776977539,56.15134199504445,0.17825788973247714,58.545950053793646,100.0,56.91743436879357,55.01818117075721,0.8518390784870968,1002282600
2023-03-21 00:00:00-04:00,56.01368923187256,56.209170845218786,0.17142973065027628,55.57510358234852,82.06534012136191,57.02126204390913,55.00611641983599,0.8494671342052309,988566100
2023-03-22 00:00:00-04:00,56.0384635925293,56.237296106053606,0.14254771629312743,52.793153849546854,64.79234071274344,57.06847320699062,55.008453978067976,0.8452483595251472,978071900
2023-03-23 00:00:00-04:00,56.05198574066162,56.25109268516922,0.10943880906345169,51.45752234386281,59.21057056324756,57.09253399172557,55.011437489597675,0.8299048819573641,962592900
2023-03-24 00:00:00-04:00,56.12328701019287,56.351397991427284,0.1418220172399543,59.72869432963004,95.15945123502611,57.293768687064464,54.95280533332127,0.8452304710915607,975568500
2023-03-27 00:00:00-04:00,56.2166934967041,56.48247684773573,0.18140704473571076,62.85820082431079,95.5767423072714,57.571708843161886,54.86167815024632,0.8238392252718333,988345900
2023-03-28 00:00:00-04:00,56.32786750793457,56.60734554557507,0.2001991075188389,63.33554652959983,89.99689610154071,57.81122236485703,54.84451265101211,0.7965829305384854,999271600
2023-03-29 00:00:00-04:00,56.490090942382814,56.759752513937336,0.2267351517014427,66.26977403447475,97.35995472351512,58.048705076069325,54.9314768086963,0.7753060668050334,1008712600
2023-03-30 00:00:00-04:00,56.61169033050537,56.8967478974221,0.22919448888432223,66.14015111999518,92.72928270528743,58.29954800763512,54.92383265337562,0.7488279121493073,998841900
2023-03-31 00:00:00-04:00,56.75483169555664,57.036827184697934,0.22732173631899655,67.37646731737794,93.64330838250642,58.52640549668233,54.98325789443095,0.7222250704803542,1013282800
2023-04-03 00:00:00-04:00,56.87242603302002,57.196722572799615,0.2337225840415426,69.81605657279076,96.78367327157844,58.8273196087784,54.917532457261636,0.7149969645698036,1025583500
2023-04-04 00:00:00-04:00,56.997422981262204,57.324363563238904,0.21081385288108984,67.04355497090921,82.9031795687417,59.04037654906558,54.95446941345883,0.7082851582828557,1014150100
2023-04-05 00:00:00-04:00,57.14877758026123,57.492721062889515,0.21709321575438711,70.90721835551872,93.49109767100293,59.33640236785355,54.96115279266891,0.7121345105728317,1026939700
2023-04-06 00:00:00-04:00,57.329094123840335,57.64862887716603,0.20781567457582795,71.15411044340908,93.97587223602596,59.545429568712606,55.11275867896806,0.705627162310579,1036583900
2023-04-10 00:00:00-04:00,57.51402587890625,57.776246424927564,0.17739100430865862,68.79623869874813,89.45790894640801,59.63406020941716,55.39399154839535,0.7103380554246749,1028631300
2023-04-11 00:00:00-04:00,57.665768432617185,57.88185201617796,0.1373039103176823,67.04165760206865,86.14456491277214,59.721197021135794,55.610339844098576,0.6804349403105343,1018718300
2023-04-12 00:00:00-04:00,57.812414932250974,57.98725783641455,0.1061603615833111,67.92268900717087,89.45790894640801,59.804969720598265,55.81986014390368,0.6802243609960374,1028312000
2023-04-13 00:00:00-04:00,57.96202716827393,58.12384807897514,0.10303043212598284,71.36934364091884,99.69235963841555,59.96599591162677,55.958058424921084,0.6773405677841816,1038183400
2023-04-14 00:00:00-04:00,58.09140911102295,58.23846809486795,0.08376010441922355,69.61807304405647,95.02263870216343,60.09713853086878,56.08567969117711,0.6538274409746768,1029237400
2023-04-17 00:00:00-04:00,58.25325393676758,58.378913992919955,0.08581795349350352,72.58798610650436,96.90266327438356,60.23376869555504,56.272739177980114,0.6393868025550331,1038689800
2023-04-18 00:00:00-04:00,58.39251556396484,58.514945723295696,0.08232514771061139,73.27421194739054,98.01009316352462,60.398669207934084,56.3863619199956,0.6212729129909543,1047725500
2023-04-19 00:00:00-04:00,58.55059623718262,58.64877550071805,0.07654943305743034,74.11169332300479,93.08749645137691,60.5146382308459,56.58655424351934,0.6037808719501142,1057495000
2023-04-20 00:00:00-04:00,58.7345531463623,58.79495157375234,0.07907918270088343,76.00143265748473,98.13080195627222,60.5833752397343,56.8857310529903,0.5982920487480802,1068201400
2023-04-21 00:00:00-04:00,58.92886085510254,58.935271839259,0.07509273225583935,76.59291064580691,90.87163899637538,60.55085202524597,57.30686968495911,0.5871460069752887,1081132500
2023-04-24 00:00:00-04:00,59.07235698699951,59.0532670011218,0.055650338642027175,74.39893960728438,64.98322808056469,60.599064084136366,57.54564988986265,0.6372863291249546,1065600200
2023-04-25 00:00:00-04:00,59.18997688293457,59.151062896383266,0.027412579857931108,72.17247296269007,61.61617108719141,60.644971427235284,57.73498233863386,0.6280597505199008,1052781300
2023-04-26 00:00:00-04:00,59.290188789367676,59.2126603637478,-0.016930027781762225,65.8097935019006,51.51513660753754,60.61712636706266,57.96325121167269,0.614115527168823,1039601700
2023-04-27 00:00:00-04:00,59.37581577301025,59.280041127793766,-0.0431824984114777,67.16080400687922,55.89216054841025,60.631369897091396,58.12026164892911,0.6139372797351468,1053397500
2023-04-28 00:00:00-04:00,59.48402633666992,59.38312438359633,-0.03620430770826788,71.53958035031339,68.65689113266156,60.68689786197791,58.28115481136193,0.6157885364186644,1067084200
2023-05-01 00:00:00-04:00,59.59082508087158,59.48983208971588,-0.027897653474525885,72.78668198237023,74.25377080755045,60.75696125651825,58.42468890522491,0.6141470462657395,1076175700
2023-05-02 00:00:00-04:00,59.666572380065915,59.560388532947925,-0.04555203171084976,66.70111753659333,60.95611511379535,60.79158161147711,58.54156314865472,0.6395072921657483,1065227300
2023-05-03 00:00:00-04:00,59.734321403503415,59.59196423849213,-0.0826520672697384,59.99537376384389,39.36659594040638,60.73543856467665,58.73320424233018,0.6341548386465465,1054142700
2023-05-04 00:00:00-04:00,59.77760562896729,59.626805912811705,-0.1039857936175883,60.820213188282494,32.44706023847525,60.73794148337195,58.817269774562625,0.6170869174934885,1066081000
2023-05-05 00:00:00-04:00,59.8331220626831,59.685213138935296,-0.10027126681720733,64.22454680713267,48.40408836540358,60.76519014948382,58.901053975882384,0.6119916630148178,1075118300
2023-05-08 00:00:00-04:00,59.89099063873291,59.729096139956525,-0.1048426709428425,62.281817212905864,43.08486334841743,60.746732049320094,59.03524922814572,0.5985228216246649,1067877600
2023-05-09 00:00:00-04:00,59.92909965515137,59.72130464676312,-0.13994969549171854,53.112176142331954,14.89385488789867,60.66122087861615,59.19697843168659,0.598785839393366,1058809900
2023-05-10 00:00:00-04:00,59.96720867156982,59.7241131048839,-0.15360505783846423,54.60603344626574,25.500019188142282,60.566915213200055,59.36750212993959,0.5997025752616209,1068943900
2023-05-11 00:00:00-04:00,60.000612449646,59.75891480392583,-0.13773720359569297,59.18856012832643,43.49971108134752,60.54706272541735,59.45416217387465,0.6187011443198427,1078525400
2023-05-12 00:00:00-04:00,60.050483322143556,59.81280631743773,-0.11048732203151013,62.05352726527135,65.88240178685527,60.5184807640613,59.58248588022581,0.6074418251812143,1087265000
2023-05-15 00:00:00-04:00,60.073066520690915,59.84633085819236,-0.10250121956750624,59.01953636064784,55.882428544723325,60.51672985254438,59.62940318883745,0.6003472555352672,1079115000
2023-05-16 00:00:00-04:00,60.05707015991211,59.812139342773,-0.139802009756203,48.25765556861914,13.529025550044288,60.55737151047799,59.556768809346224,0.6098905071155415,1069985400
2023-05-17 00:00:00-04:00,60.032135009765625,59.77493134663279,-0.16418097586523617,47.35363825330983,21.428669279100752,60.60210576043756,59.46216425909369,0.612702560159868,1058402400
2023-05-18 00:00:00-04:00,59.977559661865236,59.70990143834113,-0.19562286956970676,43.014529672752786,10.849029389100533,60.67404342945591,59.281075894274565,0.607920793040129,1044807300
2023-05-19 00:00:00-04:00,59.92016124725342,59.65375330795968,-0.20657848937351253,43.4924856638625,15.476104518787404,60.69602637475982,59.14429611974702,0.597431239606078,1059049400
2023-05-22 00:00:00-04:00,59.80536422729492,59.48466067288242,-0.28471577125628167,31.123184578559062,2.4910846107515865,60.97591934369044,58.634809110899404,0.6508696650514992,1043994000
2023-05-23 00:00:00-04:00,59.69009666442871,59.32181419394533,-0.32755613157290886,30.34857416411802,7.467603807101247,61.148388369204774,58.23180495965264,0.6379845884693286,1030061300
2023-05-24 00:00:00-04:00,59.56447906494141,59.127878014899565,-0.3699003357999433,26.935819012893205,4.532571726444507,61.35824775578228,57.77071037410054,0.6401341789481273,1018971200
2023-05-25 00:00:00-04:00,59.41063251495361,58.91029224076386,-0.4058692939184393,24.27828233731799,6.341410529973876,61.550415601170876,57.27084942873635,0.6434748971212924,1004507600
2023-05-26 00:00:00-04:00,59.227615928649904,58.699986654752685,-0.4158154244288912,23.482019642135498,3.6231267738948776,61.62151666421307,56.83371519308674,0.6331342762659214,991937300
2023-05-30 00:00:00-04:00,59.014959526062015,58.46669528249946,-0.42779801574368914,21.097502481693965,5.496788270061762,61.660143070736304,56.369775981387725,0.6376463754283229,976303100
2023-05-31 00:00:00-04:00,58.81030158996582,58.244868686235556,-0.41783591377976487,20.536071895269444,5.942638308627939,61.6720842560425,55.94851892388913,0.6532624239730174,916870900
2023-06-01 00:00:00-04:00,58.638576889038085,58.07463732779478,-0.366066705885143,26.503983701962454,12.90980165918736,61.629404386510124,55.647749391566045,0.6408782810438957,930273600
2023-06-02 00:00:00-04:00,58.518134117126465,58.02457152330149,-0.2407324412273032,42.39861554121965,36.680201866926716,61.480634972873645,55.555633261379285,0.6838198307796143,945529900
2023-06-05 00:00:00-04:00,58.364287757873534,57.942531816515704,-0.16958832964078996,39.17387793539575,30.463503213491254,61.272192442161554,55.45638307358551,0.6947935144790182,932614300
2023-06-06 00:00:00-04:00,58.19444522857666,57.82887488767808,-0.1375540154443582,36.00866234784367,23.20981303438684,61.06278608038984,55.32610437676348,0.7036393639225297,921670800
2023-06-07 00:00:00-04:00,58.04530353546143,57.71797743162504,-0.11038115635651569,35.37899879513719,22.78825895831194,60.906148413548514,55.18445865737434,0.6896735393574875,904852900
2023-06-08 00:00:00-04:00,57.8980432510376,57.631083177999294,-0.0730170106694672,37.3454523177133,26.809502999423934,60.695065044487,55.101021457588196,0.6693119938137323,920438800
2023-06-09 00:00:00-04:00,57.73855094909668,57.561426199714205,-0.034059354830526356,38.68512475402439,31.428447241441944,60.376807940015574,55.10029395817778,0.6551096096477608,933020300
2023-06-12 00:00:00-04:00,57.555064010620114,57.475103411767094,-0.017685436242744434,36.49994039471055,36.5217127273095,59.94730542051295,55.16282260072728,0.6506592154601488,918811400
2023-06-13 00:00:00-04:00,57.390866661071776,57.4185094682078,0.013740204703503123,39.876049141780875,52.17382899064148,59.47502721363978,55.306706108503775,0.6465264492519067,932209200
2023-06-14 00:00:00-04:00,57.27983360290527,57.4040474981841,0.06312965491335998,45.23299382865776,71.98060954502165,59.128745199719646,55.430922006090896,0.6426890973123873,946308900
2023-06-15 00:00:00-04:00,57.211440849304196,57.46590967085983,0.14664595077773512,54.19761468138425,97.05726785967866,58.82457383563818,55.59830786297021,0.6617968527746813,961580300
2023-06-16 00:00:00-04:00,57.180373954772946,57.56161155162988,0.22324262047918353,58.11203087953686,84.60940124218915,58.666353551137874,55.69439435840802,0.6781857131104021,988316100
2023-06-20 00:00:00-04:00,57.12845878601074,57.61117642234054,0.23954639780691311,53.52187020089222,71.98891361111568,58.39623540823525,55.86068216378623,0.6785043368172301,974344300
2023-06-21 00:00:00-04:00,57.146706199646,57.671371897579874,0.25175391012749176,55.105353225494326,74.05108709815691,58.46656286456087,55.826849534731124,0.680154956023376,988293000
2023-06-22 00:00:00-04:00,57.190039443969724,57.7637591007168,0.2753064426800857,58.83651701982194,88.57999661294504,58.64002613158036,55.740052756359084,0.6769467088212868,1003486400
2023-06-23 00:00:00-04:00,57.227023124694824,57.78865422716918,0.23936540419313324,51.67822855163572,65.38345798262887,58.721898656528914,55.732147592860734,0.682094688204794,978382800
2023-06-26 00:00:00-04:00,57.2870677947998,57.81298437587442,0.20801316430575678,51.87225835988464,66.09721309566416,58.81163372999986,55.762501859599745,0.6943245377223157,991238900
2023-06-27 00:00:00-04:00,57.34800720214844,57.82325936242154,0.1716308945021034,50.45422139281928,61.458163820456576,58.87160394262893,55.824410461667945,0.670464784034418,982170400
2023-06-28 00:00:00-04:00,57.40450782775879,57.78108606679099,0.10698829708098462,44.68571669439651,37.57939900909663,58.84251052837464,55.966505127142945,0.6693034275843861,970997200
2023-06-29 00:00:00-04:00,57.44295082092285,57.69778033519278,0.03201295489306202,40.32986561435688,17.42372945109039,58.78105162103196,56.10485002081374,0.6722885228074785,953854900
2023-06-30 00:00:00-04:00,57.47487888336182,57.64046798625887,-0.0032263244452567785,42.73445338258989,25.10524724795952,58.74620279353535,56.20355497318828,0.6567749757974479,973591900
2023-07-03 00:00:00-04:00,57.46929779052734,57.6211209898462,-0.002024074700027745,46.88368583794483,38.46284279905242,58.74025206088591,56.19834352016878,0.6504964976369345,983286400
2023-07-05 00:00:00-04:00,57.50433902740478,57.64425035648938,0.02740623156100544,51.60407542174231,52.49994863305004,58.77823980018129,56.230438254628275,0.6676920934238916,998003000
2023-07-06 00:00:00-04:00,57.53780040740967,57.62273714766357,0.017257694529811407,46.91455968390615,32.91662990039025,58.76489292105667,56.31070789376267,0.6558931145380003,985399100
2023-07-07 00:00:00-04:00,57.537570762634275,57.531034438706406,-0.037173033298051106,40.215458001912836,1.22945619338214,58.765318507477154,56.309823017791395,0.6652539997706525,970833600
2023-07-10 00:00:00-04:00,57.50895175933838,57.40743189241406,-0.0952428900999262,37.0138147089634,5.743314464412215,58.82698101292157,56.19092250575519,0.6861363417814967,955353000
2023-07-11 00:00:00-04:00,57.48558330535889,57.31456369565234,-0.11239800132492034,39.43700844985693,20.858945301922372,58.86130295028421,56.10986366043356,0.6858873269327025,971323100
2023-07-12 00:00:00-04:00,57.48961715698242,57.25943514927976,-0.0960975209091266,43.033437152266735,30.67486944777333,58.85601344043527,56.12322087352957,0.677529138517117,985564400
2023-07-13 00:00:00-04:00,57.506536674499515,57.25560869265658,-0.04796674635002257,48.30258296899813,48.24286514172497,58.85055946374852,56.16251388525051,0.6711225978979674,996834200
2023-07-14 00:00:00-04:00,57.53023986816406,57.301810022522616,0.020120958523362625,53.31734565020218,81.74579890082563,58.873225432755426,56.18725430357269,0.6875222729973576,1008465800
2023-07-17 00:00:00-04:00,57.51032943725586,57.33548446734096,0.0583778309310207,52.42124906858365,78.17438090194308,58.83334715854275,56.187311715968974,0.6797244178158531,998451500
2023-07-18 00:00:00-04:00,57.4581823348999,57.344279982053834,0.06672240965730131,50.0075400416175,71.7841280838981,58.70572662846585,56.21063804133396,0.6880600913117727,987298600
2023-07-19 00:00:00-04:00,57.47619705200195,57.44885684434707,0.13499401542390996,59.05846859788443,94.91520423717756,58.76884564690988,56.18354845709402,0.7215357739593544,1000234600
2023-07-20 00:00:00-04:00,57.52170696258545,57.611196870982916,0.21757724135777323,63.98089216612453,99.4397626715729,58.97346739392802,56.06994653124288,0.7221441467280174,1011797600
2023-07-21 00:00:00-04:00,57.549676704406735,57.762590727741056,0.26195084552292086,64.28914113209518,93.74995237654737,59.10454397846632,55.99480943034715,0.7003604972733254,1024610800
2023-07-24 00:00:00-04:00,57.60940856933594,57.9013721086277,0.2776370959639246,64.42031066644753,91.18381837440941,59.317033631883,55.90178350678888,0.6781012121343436,1034861900
2023-07-25 00:00:00-04:00,57.658237075805665,58.00797389999351,0.2599710412937038,61.85143001353634,85.89418739087185,59.4657201581232,55.850753993488134,0.6574318214261407,1021439200
2023-07-26 00:00:00-04:00,57.751152992248535,58.17666115365856,0.282845980444683,67.21501559314558,97.22866028387425,59.78052593607391,55.72178004842316,0.7310194619461444,1038584700
2023-07-27 00:00:00-04:00,57.842172622680664,58.27420126920949,0.24397234328288223,60.25807475273914,81.26405749557948,59.95831171313593,55.7260335322254,0.7390773124862801,1027067600
2023-07-28 00:00:00-04:00,57.95879154205322,58.366063459995345,0.2072071771930764,60.54642259828157,82.16692020986966,60.11253008579149,55.80505299831495,0.7235337321506717,1036789400
2023-07-31 00:00:00-04:00,58.039856147766116,58.399513871961936,0.13752004233363646,54.67219109257312,64.92149682192102,60.179596095421246,55.900116200110986,0.7226446743935818,1021211500
2023-08-01 00:00:00-04:00,58.096269607543945,58.41533100029722,0.07413510787558475,53.05942832393385,54.40733571890558,60.22897405428101,55.96356516080688,0.721142414621567,1011929900
2023-08-02 00:00:00-04:00,58.140357398986815,58.44679806393149,0.03903133106736101,54.7658481521894,58.80507727250514,60.288431576700646,55.992283221272984,0.7393869645576193,1022989300
2023-08-03 00:00:00-04:00,58.19155616760254,58.44637320414114,-0.007453492777081738,51.378185095017145,43.007174851265034,60.3170490961393,56.066063239065784,0.7265302569639948,1014951900
2023-08-04 00:00:00-04:00,58.236592292785645,58.36201206158249,-0.09552737416382268,43.04464321575172,10.489724356434316,60.26637396450492,56.20681062106637,0.760643622242133,1005595300
2023-08-07 00:00:00-04:00,58.32571563720703,58.32902754058077,-0.11951917287017327,47.7547876802085,21.509210247481136,60.14100974994514,56.510421524468924,0.7483000570428409,1012577900
2023-08-08 00:00:00-04:00,58.392083930969235,58.27480412735024,-0.147195330252745,45.47654902818437,11.320707922111227,60.01219504710031,56.77197281483816,0.7442878900254477,1004621800
2023-08-09 00:00:00-04:00,58.44991950988769,58.23838711875587,-0.15058618482051067,46.89142410369789,16.60397891664213,59.9033979641438,56.996441055631585,0.7507208793540695,1012525900
2023-08-10 00:00:00-04:00,58.47694072723389,58.192796126651515,-0.155177314422371,45.616622588844336,11.320707922111227,59.856092209340275,57.0977892451275,0.7607575869100659,1004655600
2023-08-11 00:00:00-04:00,58.489739990234376,58.17412105899516,-0.13632853732962935,48.31841321139206,20.75446972581195,59.845883355443746,57.13359662502501,0.7409566857046846,1013139000
2023-08-14 00:00:00-04:00,58.493058586120604,58.13103939726608,-0.1361382070866603,45.494952418008936,9.811548956491444,59.8413207647666,57.14479640747461,0.7374690487232821,1005962700
2023-08-15 00:00:00-04:00,58.488318252563474,58.05503856902013,-0.15460404369224584,41.77783490437944,3.448351978816461,59.85210515352712,57.12453135159983,0.7206861114972646,998775300
2023-08-16 00:00:00-04:00,58.43332691192627,57.98717872657903,-0.1580298335231593,41.902492979923295,4.5833568434130045,59.88590079113211,56.980753032720436,0.6976521137831236,1007147600
2023-08-17 00:00:00-04:00,58.34894371032715,57.937520094718266,-0.14422829674624071,43.59354180046632,10.810662402473504,59.82034299730546,56.87754442334884,0.6864219684500297,1020021100
2023-08-18 00:00:00-04:00,58.27830848693848,57.923292266570805,-0.10731692054965176,47.86761097540309,26.126142478694,59.71456004594271,56.842056927934244,0.686152547533237,1031103400
2023-08-21 00:00:00-04:00,58.182073974609374,57.86346490598966,-0.10964724284834958,42.556528148125835,4.845835543138013,59.611001049709635,56.75314689950911,0.6798071573720806,1022454900
2023-08-22 00:00:00-04:00,58.078254508972165,57.77592554401203,-0.127125314921832,39.2218725704327,3.73840047688976,59.549471376846626,56.607037641097705,0.671883524630177,1013042700
2023-08-23 00:00:00-04:00,57.946464920043944,57.715684852669185,-0.11779839252778135,41.999667707655114,15.182818981373849,59.24691098549077,56.646018854597116,0.6496258388083641,1020792200
2023-08-24 00:00:00-04:00,57.836008644104005,57.64673456652398,-0.11427754330684356,40.48159610536471,7.428633879585758,59.064822165498214,56.6071951227098,0.6567253123444585,1011837100
2023-08-25 00:00:00-04:00,57.73693008422852,57.60963442446943,-0.08769726965583335,44.27759035202027,23.428762775006142,58.8065960015033,56.667264166953736,0.647741398101718,1019466300
2023-08-28 00:00:00-04:00,57.671983528137204,57.59141797107409,-0.054513329152063694,46.508221207809015,33.14292147041088,58.649422997576494,56.694544058697915,0.6258545157967819,1025720600
2023-08-29 00:00:00-04:00,57.61177768707275,57.56951882127592,-0.03272194213822516,45.8112050593101,29.714503064989234,58.50646421421912,56.71709115992638,0.6136576851562001,1017531000
2023-08-30 00:00:00-04:00,57.54114246368408,57.54699614312427,-0.017324064552725393,45.44442421389037,32.666656238042435,58.27522332114548,56.80706160622268,0.6003004440386713,1008083100
2023-08-31 00:00:00-04:00,57.455337333679196,57.46882836149673,-0.04361016210703006,38.384580449249974,1.1976333936195407,58.148020025229755,56.76265464212864,0.6021190841850501,993419600
2023-09-01 00:00:00-04:00,57.38896865844727,57.351150203510066,-0.08728510497778702,33.79121922226652,9.644797368595816,58.25999966788036,56.51793764901418,0.627511063023438,982162400
2023-09-05 00:00:00-04:00,57.27661628723145,57.20043372381844,-0.13755521626049405,30.132085969511465,6.198414422791823,58.351210183953185,56.20202239050971,0.6267089697310617,969687800
2023-09-06 00:00:00-04:00,57.1751672744751,57.06045922121985,-0.16178217927802563,29.84793693064769,13.483177829034119,58.418101115887985,55.932233433062216,0.6097107668908582,955764300
2023-09-07 00:00:00-04:00,57.04574851989746,56.893182194966215,-0.19285458904136998,26.78756729705212,1.0753636092387422,58.48630793637863,55.605189103416286,0.624401916522671,938135700
2023-09-08 00:00:00-04:00,56.922966957092285,56.74183631407006,-0.1989213003754422,26.78756729705212,10.95903100960873,58.51031458838832,55.33561932579625,0.6068911282494351,952448000
2023-09-11 00:00:00-04:00,56.81440734863281,56.65456768864152,-0.15526481815626025,36.077925144175815,30.313611312432446,58.39010644757986,55.238708249685764,0.6150114708626875,967215400
2023-09-12 00:00:00-04:00,56.69209938049316,56.523237837156316,-0.15075023100437646,31.53356496636637,10.10455983059099,58.34494983147232,55.039248929514,0.6259378947600618,954922700
2023-09-13 00:00:00-04:00,56.5958646774292,56.417056770703745,-0.12709735892105656,33.70419613272905,14.982427878474349,58.31118415340098,54.880545201457416,0.6069625897930068,967564100
2023-09-14 00:00:00-04:00,56.522091674804685,56.364675189769905,-0.07159586784975513,40.701076443343766,33.472814364970446,58.22951349840565,54.81466985120372,0.6052472977254798,979875700
2023-09-15 00:00:00-04:00,56.41730918884277,56.26995501672541,-0.05986594927670419,36.23898269300815,14.27403403568822,58.13739042505409,54.69722795263145,0.6227670716842079,924185200
2023-09-18 00:00:00-04:00,56.31361026763916,56.217021155618006,-0.022380733618722504,41.056838175031935,27.56561070824252,57.93802509255959,54.689195442718734,0.6274310306962805,937802600
2023-09-19 00:00:00-04:00,56.22882862091065,56.15820695469233,5.9350620462916837e-05,39.97261252373292,23.135134276713284,57.81606021038363,54.64159703143766,0.6146970060302696,925803700
2023-09-20 00:00:00-04:00,56.174010276794434,56.12865721833119,0.03506770960686523,43.45665596562083,36.32706517335104,57.734112718708424,54.61390783488044,0.6219853836019562,940570300
2023-09-21 00:00:00-04:00,56.06623287200928,56.020008929843364,0.005293604068550728,35.72648542393415,5.365154344114279,57.641322800221864,54.491142943796696,0.6471839014559961,924628500
2023-09-22 00:00:00-04:00,55.96890697479248,55.927168927363866,-0.00498834413378757,36.53697058695783,12.560529115959381,57.543779890865245,54.39403405871972,0.6330389534650668,939272600
2023-09-25 00:00:00-04:00,55.82963809967041,55.78856289356823,-0.04275382707110853,32.16853357318672,12.440106171006638,57.416765341942984,54.24251085739784,0.6465254290994775,926913800
2023-09-26 00:00:00-04:00,55.65985279083252,55.620381235805596,-0.08774000797697479,29.221240657841932,5.349690005530668,57.25731746918194,54.06238811248309,0.6413008565725805,915719100
2023-09-27 00:00:00-04:00,55.46519794464111,55.41542873471604,-0.1414026144906635,26.049417654749064,8.571442123758565,57.13305197377658,53.79734391550564,0.6535151025602867,901952800
2023-09-28 00:00:00-04:00,55.26527576446533,55.21725334066384,-0.17053384934372207,25.33456628845174,4.1269160235067055,56.948131143208066,53.58242038572259,0.6491568313149844,889468000
2023-09-29 00:00:00-04:00,55.10381641387939,55.0534242057736,-0.16346731968551087,27.921138827563283,11.21496332548857,56.81442214950958,53.393210678249204,0.6471578563279462,901738000
2023-10-02 00:00:00-04:00,54.94311695098877,54.85969032377842,-0.1745723642900786,25.160359136187424,10.66658728229383,56.796999232896404,53.08923466908113,0.6644142287908185,889945500
2023-10-03 00:00:00-04:00,54.776977348327634,54.62979935137337,-0.20218502458161547,22.309674826656234,2.4691882882297187,56.883505282336984,52.670449414318284,0.664738218526744,876341300
2023-10-04 00:00:00-04:00,54.620379257202146,54.43636509162576,-0.1918860234083457,24.757909582006974,8.009743864341761,56.8801124436208,52.36064607078349,0.6561653280151888,888441800
2023-10-05 00:00:00-04:00,54.358012962341306,54.01925646845568,-0.329910743064336,15.827899986199597,2.1244218617171207,57.341795358005015,51.374230566677596,0.8004252970935392,858563700
2023-10-06 00:00:00-04:00,54.131961059570315,53.711042746711016,-0.34433902338914546,24.236319171258458,21.840651112152106,57.45997667972746,50.80394543941317,0.8620252857001783,888855700
2023-10-09 00:00:00-04:00,53.86741256713867,53.40851923735163,-0.3419648217787987,23.375998993257454,18.269244246341177,57.446574203753784,50.28825093052356,0.8714429372977819,873151000
2023-10-10 00:00:00-04:00,53.68530921936035,53.239473337840096,-0.24241258821931244,34.45813308462354,36.09901895894619,57.32937158030301,50.041246858417686,0.908174729461803,894060700
2023-10-11 00:00:00-04:00,53.481278800964354,53.057402379139546,-0.1762683127651905,33.02672088056539,33.644830030460305,57.17323623991573,49.78932136201298,0.929313102009063,872921800
2023-10-12 00:00:00-04:00,53.21130867004395,52.8107590623158,-0.1695014641956294,29.33572620946026,21.21208355612225,56.95524081407488,49.46737652601302,0.9584982628641135,853591400
2023-10-13 00:00:00-04:00,52.970008087158206,52.59488693400838,-0.14015216949863674,30.08372833262925,25.0467125126749,56.74821335594475,49.19180281837166,0.9432771367674981,868086000
2023-10-16 00:00:00-04:00,52.73730812072754,52.44872152567276,-0.06981385918253591,35.07903234858503,37.75100640778196,56.38171301520475,49.09290322625033,0.9250477749954671,880902800
2023-10-17 00:00:00-04:00,52.54092273712158,52.37472560644481,0.028786227321190738,40.504527524882555,52.830233554104474,55.96380140685781,49.118044067385355,0.9197246565779074,897360000
2023-10-18 00:00:00-04:00,52.33115844726562,52.305956398762575,0.099614164141695,40.39091409682322,52.96605505268951,55.41509012233654,49.24722677219471,0.89566892792417,884550500
2023-10-19 00:00:00-04:00,52.17873287200928,52.27104042593586,0.16861087111027784,42.97441275768061,62.78024282637687,55.01365839052981,49.34380735348874,0.8931267818020244,900752700
2023-10-20 00:00:00-04:00,52.03395290374756,52.25947367475856,0.22758042674596157,44.86179000900475,77.83518730758907,54.54588713239456,49.52201867510056,0.8750671674891867,916427300
2023-10-23 00:00:00-04:00,51.89442863464355,52.20441143815581,0.23335360062269128,41.56241015442779,67.82847451378008,54.14569279541067,49.64316447387644,0.8699011211005351,895214600
2023-10-24 00:00:00-04:00,51.85190219879151,52.29657480309521,0.329973462574781,53.330351682705285,88.52816255689457,53.968878563451305,49.73492583413171,0.9504294438644919,920505400
2023-10-25 00:00:00-04:00,51.86002521514892,52.42364770770649,0.41185145235951104,56.24975205187134,97.85862609835877,54.00283856908992,49.71721186120793,0.9275934886404756,937206400
2023-10-26 00:00:00-04:00,51.858591842651364,52.50767360670747,0.42924894695202975,53.68788900517046,81.19465532703495,53.99749259877757,49.71969108652516,0.9234537752387609,920978000
2023-10-27 00:00:00-04:00,51.82323303222656,52.53454956948012,0.39214363753492365,49.80789287273874,66.90477488276007,53.87419485006197,49.772271214391154,0.928483678754139,907351500
2023-10-30 00:00:00-04:00,51.855247497558594,52.641688443954855,0.4103595508039819,55.627585225015046,88.57137429273725,53.99782758281333,49.71266741230386,0.9331539768743325,922365800
2023-10-31 00:00:00-04:00,51.93217716217041,52.769568440317414,0.4265970390131544,57.60545982426329,94.63871204500651,54.256806218619154,49.60754810572167,0.9054086022946228,939005200
2023-11-01 00:00:00-04:00,51.999072265625,52.88071827391721,0.4159856783705619,57.20162056027569,89.62258419111345,54.469034803534,49.529109727716005,0.8830581989475954,924894400
2023-11-02 00:00:00-04:00,52.22412662506103,53.040441460883244,0.43084538637012415,61.02637636548391,98.60785673228268,54.76440292606398,49.683850324058085,0.8739083960403183,937981600
2023-11-03 00:00:00-04:00,52.39614295959473,53.1530983770668,0.39892202793268516,58.019700119948645,80.59364126743044,54.98817946571808,49.80410645347137,0.8722380889600493,924025100
2023-11-06 00:00:00-05:00,52.59157238006592,53.27595894190437,0.3738122824373938,59.43410097460637,83.37798168453618,55.18209522456803,50.00104953556381,0.8467957886620914,936698300
2023-11-07 00:00:00-05:00,52.74208641052246,53.40623122378122,0.35221781828827425,60.73490514355151,89.00794653334083,55.44004245255909,50.04413036848583,0.8320449804334219,947147600
2023-11-08 00:00:00-05:00,52.90359058380127,53.51590555837925,0.31486003560903575,59.849154997983106,85.87566025722815,55.6301126020527,50.17706856554984,0.810156627381181,933403600
2023-11-09 00:00:00-05:00,53.087552833557126,53.57599955735336,0.24812764705621831,55.67163644184105,73.72902617972491,55.62151221424011,50.55359345287414,0.8048488487177268,921382500
2023-11-10 00:00:00-05:00,53.270559310913086,53.63583114829181,0.1957996391026112,56.131772916675715,65.06052972484129,55.560220876325836,50.980897745500336,0.8067461331066795,933061400
2023-11-13 00:00:00-05:00,53.43779735565185,53.709076852383994,0.16394456337304272,57.78346062416624,73.49401687587392,55.53799850422936,51.33759620707435,0.7832516135426119,945859600
2023-11-14 00:00:00-05:00,53.58257789611817,53.790819550547944,0.14377892513230067,59.125211723744066,80.3215072150936,55.57215422286165,51.593001569374685,0.7566570694784633,958556700
2023-11-15 00:00:00-05:00,53.73356990814209,53.87478808537764,0.12800946152511722,60.01077574805181,84.73888015874567,55.56656629613777,51.9005735201464,0.7428837862385116,968758600
2023-11-16 00:00:00-05:00,53.867360496520995,53.94529878692835,0.1051629852422763,59.25659869980913,79.72343075688158,55.540638652152545,52.194082340889445,0.7389679722407418,952748200
2023-11-17 00:00:00-05:00,53.99589462280274,54.01910576571698,0.08920657538362997,60.24307266386547,78.43118393893572,55.50887840173226,52.48291084387321,0.729871165268232,967224000
2023-11-20 00:00:00-05:00,54.15453205108643,54.0986260505157,0.08003184379210959,61.520100374370955,87.58198264363564,55.27894220254737,53.030121899625485,0.7200591536946872,980275000
2023-11-21 00:00:00-05:00,54.26873207092285,54.22791187110925,0.10528965153111158,66.70297679181985,99.49484206345585,55.43403784725588,53.10342629458982,0.7170911908874495,994166600
2023-11-22 00:00:00-05:00,54.378631019592284,54.38037924289907,0.13592745383796428,69.44641597227465,95.16116508218643,55.6882186155891,53.06904342359547,0.700682692633592,1005487200
2023-11-24 00:00:00-05:00,54.511943626403806,54.53197853247509,0.15338552465809058,70.45477909229723,93.30852854611042,55.89818428465115,53.12570296815646,0.678620687099994,1010303200
2023-11-27 00:00:00-05:00,54.665802574157716,54.65912821232493,0.14546097963092786,68.66515187021625,89.2192803962719,55.93115980881132,53.40044533950411,0.6588170286470253,994056700
2023-11-28 00:00:00-05:00,54.78191375732422,54.78509042208398,0.13573829028117246,69.57316872466761,90.97472541774059,56.08230200417724,53.4815255104712,0.6438411467534714,1007796300
2023-11-29 00:00:00-05:00,54.865055084228516,54.86720132891862,0.09642466727995969,63.76907650521455,78.33932405186427,56.16348728046491,53.56662288799212,0.6367609090381258,996532700
2023-11-30 00:00:00-05:00,54.98285446166992,55.0029563682543,0.10293692106689434,69.12180486651522,99.29646447169286,56.348732459558605,53.61697646378124,0.6504494163225342,1019260200
2023-12-01 00:00:00-05:00,55.07922801971436,55.14413032346334,0.10870437572006242,70.52186311464608,98.02929542371598,56.57715900345003,53.581297035978686,0.6349503072503312,1034629800
2023-12-04 00:00:00-05:00,55.18895378112793,55.265437369712735,0.09685706467299993,69.33688582166441,85.5977832902242,56.74057008502974,53.63733747722612,0.6253747940963219,1019687600
2023-12-05 00:00:00-05:00,55.29202423095703,55.3834474587347,0.08420488269772808,70.03402461710947,88.92122480699005,56.90445249461803,53.67959596729604,0.6089150312002285,1031579100
2023-12-06 00:00:00-05:00,55.382170867919925,55.484714428461785,0.06229906960513898,68.90922851270523,86.70559712914616,57.04050242948985,53.72383930635,0.6011991805279866,1016710600
2023-12-07 00:00:00-05:00,55.483360862731935,55.58918082892264,0.04789431279158407,70.11540382317003,91.8758337822693,57.17478746252988,53.79193426293399,0.5926583530850668,1028298500
2023-12-08 00:00:00-05:00,55.59883556365967,55.67177185151688,0.022238948348831444,67.49690490039791,85.71419057322927,57.223554803629305,53.97411632369003,0.576471184756089,1017120900
2023-12-11 00:00:00-05:00,55.732153511047365,55.78594502851155,0.02525121066858782,71.31309484402509,97.74054189394796,57.314274129994175,54.150032892100555,0.5758890099996619,1031645700
2023-12-12 00:00:00-05:00,55.873739051818845,55.92410472643325,0.042942101359172424,74.19630660611168,100.0,57.462225840357156,54.28525226328053,0.5705318998021768,1044544700
2023-12-13 00:00:00-05:00,56.03176422119141,56.09589271158786,0.07679958371839946,77.4692799041666,96.28098471968131,57.695991315140134,54.367537127242684,0.5820707594898122,1060741500
2023-12-14 00:00:00-05:00,56.141669273376465,56.16967342571863,0.032779069373204184,62.55712289015104,59.01653103360763,57.72044582854348,54.56289271820945,0.6278753191583972,1038263200
2023-12-15 00:00:00-05:00,56.233249282836915,56.196061731923436,-0.030159257327632027,56.74180632423541,40.98349563658628,57.65154079171702,54.81495777395681,0.6772884059420557,973090900
2023-12-18 00:00:00-05:00,56.33980140686035,56.25846676170956,-0.04872005784076783,60.51492033669331,58.19641233846557,57.598657357470785,55.08094545624992,0.690146017056224,989808600
2023-12-19 00:00:00-05:00,56.43051319122314,56.29749892186669,-0.07587945430215637,58.048347076773624,50.40991037934418,57.49442406163995,55.36660232080634,0.6793801749679086,975196400
2023-12-20 00:00:00-05:00,56.43236331939697,56.22089233218649,-0.17014922670362798,45.284234093983635,1.6194657797066692,57.48959771816871,55.37512892062523,0.717546291112132,957495400
2023-12-21 00:00:00-05:00,56.43388080596924,56.18644249163041,-0.20279622461477465,49.04275245995028,20.233449931626602,57.487727390751715,55.38003422118676,0.7075752441062636,969220500
2023-12-22 00:00:00-05:00,56.44412422180176,56.18554702577015,-0.19771961898182633,52.11869490627559,33.07377149718573,57.483706493355534,55.40454195024798,0.6893717428798365,978249000
2023-12-26 00:00:00-05:00,56.47118282318115,56.20675418507645,-0.17434635968750556,54.28023873582965,42.41231325790938,57.47689527050639,55.465470375855915,0.6848533065971009,984671500
2023-12-27 00:00:00-05:00,56.499731826782224,56.23970249952787,-0.14586553920536943,55.62848268737482,48.24892112007676,57.48035111715084,55.51911253641361,0.661392598444791,993231600
2023-12-28 00:00:00-05:00,56.5469310760498,56.273182254734664,-0.1221061265676856,56.001077709905935,49.80526770000364,57.446394524718734,55.64746762738087,0.6375436197851367,1001631700
2023-12-29 00:00:00-05:00,56.57053108215332,56.31998674133267,-0.09366669052997662,57.72166422577928,56.80928959083696,57.46682973700536,55.674232427301284,0.6160860648708673,1010873300
2024-01-02 00:00:00-05:00,56.62736301422119,56.44398053161591,-0.01992618821291614,65.00779133997875,91.43938783769715,57.6323817865712,55.622344241871176,0.6553328815989359,1027195900
2024-01-03 00:00:00-05:00,56.69430923461914,56.569008930227824,0.032283847847973224,66.00040998895314,91.20872671981883,57.80717613300504,55.58144233623324,0.6387972917421488,1042026500
2024-01-04 00:00:00-05:00,56.74728832244873,56.66378189506662,0.04728751070675974,63.24050412016036,82.07881925706504,57.9183388300101,55.576237814887364,0.6344511715665642,1029113600
2024-01-05 00:00:00-05:00,56.798822212219235,56.741272041848774,0.04483857524750784,61.984360265064744,78.85287042851441,58.00268792800123,55.59495649643724,0.6483046557846528,1018702200
2024-01-08 00:00:00-05:00,56.86480503082275,56.851747847898515,0.06405809752179509,65.58347030389547,94.62378152517361,58.15535490993657,55.57425515170893,0.6542883215266208,1030256800
2024-01-09 00:00:00-05:00,56.93175106048584,56.94161063947236,0.061894844060009835,63.95333146365716,90.68101826514587,58.26868696797774,55.59481515299393,0.6433315202026864,1019763100
2024-01-10 00:00:00-05:00,56.98761978149414,57.04126340048708,0.06535873481327298,65.62627734208266,92.85717686573864,58.400871937269685,55.574367625718594,0.6269649856218437,1032021100
2024-01-11 00:00:00-05:00,57.00640335083008,57.095647195051,0.035749641929362364,59.79836495047341,79.59181063224298,58.44220046254534,55.57060623911482,0.6213999977110919,1018266900
2024-01-12 00:00:00-05:00,57.028558540344235,57.19806006798327,0.0465104250805255,64.80416295292213,97.13116358470775,58.52076948116173,55.53634759952674,0.6217369042400375,1031483800
2024-01-16 00:00:00-05:00,57.07431297302246,57.254023762796805,0.021660756400784797,59.318406735845926,80.41664191713055,58.600083289135135,55.54854265690978,0.6172335366864937,1019656900
2024-01-17 00:00:00-05:00,57.141259384155276,57.30465758191381,0.00033360691089145966,59.318406735845926,77.18440348099307,58.668508270081546,55.61401049822901,0.5999789216206792,1028639000
2024-01-18 00:00:00-05:00,57.19616527557373,57.366064704878866,-0.007218085313662415,60.94783680438136,84.45594471744634,58.75637219964506,55.63595835150241,0.6052860965960167,1039036700
2024-01-19 00:00:00-05:00,57.24432811737061,57.39135009291867,-0.036459421155673966,56.238931700719974,65.57387877337358,58.79582853083324,55.69282770390797,0.6060858575318626,1024843600
2024-01-22 00:00:00-05:00,57.338727188110354,57.39037495502352,-0.07337677975333279,52.77892381272788,50.27941946428082,58.66609735345636,56.01135702276435,0.6061405674326092,1010529300
2024-01-23 00:00:00-05:00,57.42830963134766,57.4151790422683,-0.07980761559421212,55.923771687843356,55.47423505815149,58.57350530700404,56.28311395569128,0.5999990019285493,1025010900
2024-01-24 00:00:00-05:00,57.456725883483884,57.35138724232106,-0.14160700784222474,45.07142340084406,1.273914816986588,58.499985558212444,56.413466208755324,0.6231932356271999,1008640400
2024-01-25 00:00:00-05:00,57.4856237411499,57.31660553846254,-0.16139588325662513,47.963667599219086,27.777797328003256,58.43928050141956,56.53196698088024,0.6137693296039055,1023540100
2024-01-26 00:00:00-05:00,57.51741104125976,57.30440096232455,-0.15590744325845185,50.32951399047833,39.44415721925027,58.38286813900613,56.6519539435134,0.5946981234547177,1036565200
2024-01-29 00:00:00-05:00,57.56461048126221,57.32638455917441,-0.12528682788358386,54.175897969833485,59.44413420325658,58.318672645630215,56.8105483168942,0.594878316701465,1051112300
2024-01-30 00:00:00-05:00,57.611328506469725,57.36187077907818,-0.09191275822737377,55.91219940080349,68.88903224895762,58.27125051591342,56.95140649702603,0.591605236100832,1073173800
2024-01-31 00:00:00-05:00,57.595435333251956,57.35636480725656,-0.09400739060218427,50.90297743470739,46.111402912765705,58.268746010336955,56.92212465616696,0.6291602888731117,1050336800
2024-02-01 00:00:00-05:00,57.644561195373534,57.48807253603904,-0.0012118990949186448,63.64882302045244,98.72345123767506,58.48132338112587,56.8077990096212,0.6977466054659337,1066207700
2024-02-02 00:00:00-05:00,57.682128524780275,57.566872451575314,0.027556146730109088,58.794828488085166,80.00032480889708,58.5671459887951,56.79711106076545,0.6995100443644067,1048664200
2024-02-05 00:00:00-05:00,57.69994888305664,57.5922975135021,0.010932745487289341,53.7758641838072,58.723271114175496,58.58210999823479,56.81778776787849,0.6949562349403288,1035904600
2024-02-06 00:00:00-05:00,57.69176120758057,57.6061277022971,-0.008704727781019161,52.80504674103764,54.468130007934946,58.569323990670505,56.814198424490634,0.6707738888564686,1023129400
2024-02-07 00:00:00-05:00,57.69127979278564,57.62322781289027,-0.019961368986289973,53.2594413365759,56.59586908149507,58.5686253710014,56.81393421456988,0.6414385635835691,1033389300
2024-02-08 00:00:00-05:00,57.67345962524414,57.62402147635757,-0.038238640890758624,51.54914991244244,49.78747479107033,58.54039325116883,56.806525999319454,0.635527715134538,1020514500
2024-02-09 00:00:00-05:00,57.661418724060056,57.59996945191652,-0.06663369024743537,48.70658273316056,38.29775120202158,58.538051275095775,56.78478617302434,0.6451767185179414,1005279200
2024-02-12 00:00:00-05:00,57.62818603515625,57.59105127390196,-0.07452586813038223,50.23876273509632,44.25511727119821,58.47491300029205,56.781459070020446,0.6541357617207639,1018796000
2024-02-13 00:00:00-05:00,57.59736156463623,57.55087395763749,-0.09910512106793237,46.499161132461964,29.36144931759687,58.46357212554071,56.73115100373175,0.7360750666966679,994600300
2024-02-14 00:00:00-05:00,57.56364765167236,57.509019352552784,-0.11480166139022857,45.86889460650562,22.52274460710507,58.45016508190438,56.67713022144034,0.7213403915771744,978727800
2024-02-15 00:00:00-05:00,57.52704391479492,57.48124204616662,-0.11339631521324578,47.279890813167654,27.47765795797241,58.40725480128906,56.64683302830078,0.7014658271140649,992423600
2024-02-16 00:00:00-05:00,57.505852127075194,57.45519285366526,-0.1084636843211472,47.15954667682544,27.027227506829696,58.39533675772599,56.616367496424395,0.6967717167936109,978480300
2024-02-20 00:00:00-05:00,57.56027603149414,57.55180203268747,-0.020187692961743706,61.121203417702574,86.0362924309875,58.54108225199604,56.579469810992244,0.7467679401392509,996819600
2024-02-21 00:00:00-05:00,57.62722244262695,57.688749086121994,0.06841074232281502,65.20272603943454,98.39369024626207,58.78958680940466,56.46485807584924,0.7333333924948395,1011197900
2024-02-22 00:00:00-05:00,57.735107040405275,57.804397468242634,0.11368339610444039,63.99690546128116,94.77939671358598,58.9494179271753,56.52079615363525,0.7325553931610863,998215100
2024-02-23 00:00:00-05:00,57.83335876464844,57.91361807475952,0.13777345432048843,64.39086905441151,85.1590660546547,59.10597101348761,56.560746515809264,0.7228883752980456,1011828000
2024-02-26 00:00:00-05:00,57.897896957397464,57.96748505278187,0.11381510902514863,57.72381473563364,67.84465986266294,59.164044415563,56.63174949923193,0.7132239377922537,1001491900
2024-02-27 00:00:00-05:00,57.9272762298584,57.9822783028471,0.06811386920513338,53.24098915291387,54.77034506012685,59.18564371264815,56.66890874706865,0.7076899588935823,991560800
2024-02-28 00:00:00-05:00,57.951357460021974,58.00116746176028,0.03745884588711754,53.86670846001042,56.89067062887379,59.20976209268184,56.692952827362106,0.6867263919929679,999637300
2024-02-29 00:00:00-05:00,57.97688331604004,57.983396769717636,-0.009292340863582771,49.36178489271578,43.4630148772164,59.2020031146733,56.75176351740677,0.6885892755146025,981484600
2024-03-01 00:00:00-05:00,57.90704746246338,57.92236649526257,-0.07042226763219459,44.22564588774779,26.148468748215087,59.10938857419186,56.7047063507349,0.6861910034196236,970559800
2024-03-04 00:00:00-05:00,57.87188854217529,57.89283570937168,-0.0898652299838078,47.58206340991479,36.042575071649864,59.065493793890425,56.67828329046016,0.6874042057205774,980710000
2024-03-05 00:00:00-05:00,57.84684429168701,57.83951331724495,-0.11699509287710172,44.58918653028843,21.052758758859962,59.06339098481338,56.630297598560645,0.6857787943976029,968400000
2024-03-06 00:00:00-05:00,57.828060913085935,57.794021279776686,-0.12758301658230164,44.97475165045731,22.180528874037318,59.06225234225098,56.59386948392089,0.6794529662495572,980778800
2024-03-07 00:00:00-05:00,57.80157108306885,57.742769944863056,-0.13556346279360865,43.77192813447827,18.044925143423914,59.060753386511415,56.542388779626286,0.6673866137383541,967091900
2024-03-08 00:00:00-05:00,57.78664054870605,57.703739530308575,-0.12950153010456483,44.9256004757657,20.754753628360568,59.060527810642526,56.51275328676958,0.6761353541108163,980329400
2024-03-11 00:00:00-04:00,57.81939125061035,57.73447759959466,-0.07531902599797805,54.06034558392332,47.924451364128785,59.08253469171188,56.556247809508825,0.6808185921180644,994443700
2024-03-12 00:00:00-04:00,57.85792179107666,57.786140627451346,-0.021921024023504765,56.84404698468424,57.73595111465614,59.12751281032567,56.58833077182766,0.669342884683256,1007128300
2024-03-13 00:00:00-04:00,57.943170166015626,57.8897612297802,0.050365905147129596,62.655185341994255,81.13222501180347,59.24488770380608,56.641452628225174,0.6703834411363364,1021037800
2024-03-14 00:00:00-04:00,58.024753952026366,57.9710293340357,0.08410956471027309,60.722501634571955,86.94483233370121,59.312172587637825,56.73733531641491,0.650240463437169,1007041200
2024-03-15 00:00:00-04:00,58.07094020843506,57.98722489876295,0.0616818852181141,52.684876448178,59.96415565375717,59.304326919199596,56.83755349767053,0.6634394002057079,970192300
2024-03-18 00:00:00-04:00,58.12974510192871,58.02499618409747,0.05899117182496531,55.25670141092231,70.8435186759858,59.3036113532457,56.955878850611725,0.6576636000467693,986049000
2024-03-19 00:00:00-04:00,58.13031158447266,58.068417393638406,0.05938307255967293,56.280369520064326,75.19522969078608,59.30484404069259,56.95577912825272,0.6308001698961531,1001079600
2024-03-20 00:00:00-04:00,58.13011512756348,58.15578878048869,0.08757621405960986,61.24562148246247,97.40021677067286,59.304073682700526,56.95615657242643,0.6308234041173648,1016338400
2024-03-21 00:00:00-04:00,58.120659828186035,58.20894709766499,0.08194584124261187,57.461399293984016,79.09915267332792,59.272400298715404,56.96891935765667,0.6322320975316396,1003271300
2024-03-22 00:00:00-04:00,58.109767532348634,58.25889193787993,0.07381290569747787,57.66260191805116,79.90293175189944,59.233666901489286,56.98586816320798,0.6120402454342259,1014772700
2024-03-25 00:00:00-04:00,58.11810569763183,58.29575791043025,0.057553788135071005,56.37038169611827,76.28561007157766,59.25524167346976,56.980969721793905,0.6092421236196718,1001628000
2024-03-26 00:00:00-04:00,58.151061058044434,58.3420591938863,0.051174251350173394,57.949121650574554,81.91285318845314,59.32445776175654,56.977664354332326,0.5886116066037808,1014905400
2024-03-27 00:00:00-04:00,58.20491466522217,58.42926180542001,0.07289189419472936,62.995954622225184,86.33845880556224,59.4737756994047,56.93605363103964,0.6082929706525315,1027456600
2024-03-28 00:00:00-04:00,58.28435230255127,58.52203000889378,0.08984795864656986,64.40432756812073,89.23687289773466,59.641383203878185,56.927321401224354,0.5828754690609941,1041140100
2024-04-01 00:00:00-04:00,58.36311569213867,58.55972683468366,0.062449142200060925,56.66260608653901,58.1003183337801,59.674448515367665,57.051782868909676,0.5877087463616354,1029471400
2024-04-02 00:00:00-04:00,58.40266304016113,58.54482334603354,0.006684799616978654,49.82564815403455,28.491563660891742,59.66793491913415,57.13739116118811,0.5887291293717034,1016454100
2024-04-03 00:00:00-04:00,58.44064235687256,58.501748448913155,-0.05093785648629573,46.200944640167776,10.614724650416775,59.61772430418946,57.26356040955566,0.5889832041157137,1002781200
2024-04-04 00:00:00-04:00,58.451445960998534,58.413764692478345,-0.11960185106601337,40.89445078473372,5.752234440989173,59.592127089924396,57.31076483207267,0.6148803983260002,988460500
2024-04-05 00:00:00-04:00,58.47774314880371,58.35358005693632,-0.1454596832172611,43.6559008289258,23.809449128749474,59.52759596310803,57.427890334499395,0.6243631998188821,998616700
2024-04-08 00:00:00-04:00,58.488535690307614,58.27693447266802,-0.17068435432572635,41.28219962505633,14.285882093448441,59.49461797451976,57.482453406095466,0.6102813529711163,988332200
2024-04-09 00:00:00-04:00,58.486497688293454,58.24920063884529,-0.15104603268485783,47.09122644215486,32.14284311707595,59.496473152081535,57.47652222450537,0.6089959820639456,999124300
2024-04-10 00:00:00-04:00,58.43309860229492,58.15012988010946,-0.1814291216467363,39.59210315345372,8.394129574294144,59.58474236257663,57.28145484201321,0.6369314037951977,987262400
2024-04-11 00:00:00-04:00,58.35615005493164,58.072516177683674,-0.1835310736649202,41.229955444978465,13.138780128233977,59.58284274493061,57.12945736493267,0.6316616507840941,998371400
2024-04-12 00:00:00-04:00,58.248373413085936,57.93109020719464,-0.22314686080439144,35.15086192166524,4.5453814944955955,59.681538856436404,56.81520796973547,0.6503489817364035,986124700
2024-04-15 00:00:00-04:00,58.16389980316162,57.79018738414616,-0.24465239390625038,34.164543979043486,2.949805859138401,59.79754270004821,56.53025690627503,0.6572983117217318,973699700
2024-04-16 00:00:00-04:00,58.063405227661136,57.655305908014675,-0.24940415312775047,33.58460399042241,3.7143091805996,59.86881826302883,56.25799219229344,0.6415579098953476,962462900
2024-04-17 00:00:00-04:00,57.97990245819092,57.57488282104881,-0.20999620735304475,39.77709568410466,17.210704348000466,59.853544367954285,56.10626054842756,0.6304096712897854,976268000
2024-04-18 00:00:00-04:00,57.890574264526364,57.53910856021324,-0.14759485829001834,44.71187070868277,29.080313071344264,59.73397487093442,56.04717365811831,0.6179773012440674,987393900
2024-04-19 00:00:00-04:00,57.87600975036621,57.623256395205956,-0.02042756470965934,56.73745218879777,80.00013217411362,59.69763282645363,56.05438667427879,0.674399816440342,1008600100
2024-04-22 00:00:00-04:00,57.87892246246338,57.73452932536399,0.08618523324200061,59.59199102171774,97.0369724943405,59.70619729324407,56.05164763168269,0.6893407849257235,1024224600
2024-04-23 00:00:00-04:00,57.89057369232178,57.84352741312229,0.1561602081429117,60.260787836239935,98.54542271138962,59.74010015550698,56.04104722913658,0.6782469587062124,1037913700
2024-04-24 00:00:00-04:00,57.93960685729981,58.02629477247057,0.2499580615759307,66.3290363247253,97.31177074369397,59.92785131480234,55.951362399797276,0.7553320943520732,1057462000
2024-04-25 00:00:00-04:00,57.97407608032226,58.209225848943795,0.3085866603026085,67.44678302170156,81.75971354121052,60.073332896755645,55.87481926388888,0.78599211378385,1076510500
2024-04-26 00:00:00-04:00,58.00126323699951,58.37473491813386,0.3296216217147726,67.44678302170156,81.75971354121052,60.18619167719594,55.81633479680308,0.7700754320075792,1087504800
2024-04-29 00:00:00-04:00,58.0672887802124,58.552222787258756,0.34382887970238096,69.31221224895164,88.1974395148009,60.43147319465746,55.703104365767345,0.7511343032816233,1100914100
2024-04-30 00:00:00-04:00,58.14593658447266,58.68783931124007,0.3169085011998408,65.66507434784656,78.3673433182705,60.65010090430157,55.64177226464375,0.7918037186722479,1081564900
2024-05-01 00:00:00-04:00,58.247887229919435,58.82533555161769,0.29154384827741664,66.78058010363904,81.63264480749977,60.89689174027305,55.59888271956582,0.8295681759822353,1098294700
2024-05-02 00:00:00-04:00,58.37848167419433,58.95528529830607,0.2616230563177705,67.21079563849983,82.85714288837171,61.13772884465515,55.619234503733516,0.8174742384780009,1109286000
2024-05-03 00:00:00-04:00,58.507619094848636,59.08950331107436,0.2372540694232984,68.52756981986983,86.53047677241223,61.382415148267825,55.63282304142945,0.8069378423675108,1120914700
2024-05-06 00:00:00-04:00,58.65714664459229,59.22758417830463,0.21710228926761282,69.83234330369152,89.85197552355056,61.626446257090045,55.68784703209453,0.782589449294968,1130225400
2024-05-07 00:00:00-04:00,58.79793567657471,59.37748186200683,0.20573169489731358,71.7257997382292,95.10480355839586,61.89098472692913,55.704886626220286,0.766222121809155,1140032400
2024-05-08 00:00:00-04:00,58.988729286193845,59.53437214795875,0.1975136246215673,73.26516397866544,96.97725875202333,62.136456235458766,55.84100233692892,0.7454756840685274,1150516800
2024-05-09 00:00:00-04:00,59.17466793060303,59.6790946950886,0.17885931207941008,73.46807371830063,92.12826353217129,62.34895301830601,56.000382842900045,0.7199692378773784,1159630500
2024-05-10 00:00:00-04:00,59.416436958312985,59.845173680484734,0.1759215457026866,75.95723902673569,97.15902524561196,62.50100585825101,56.33186805837496,0.7080747829067658,1168002200
2024-05-13 00:00:00-04:00,59.6805383682251,60.02502749790788,0.17887024157908604,77.84248162161302,98.9418760692221,62.60481824751901,56.75625848893119,0.6880138032615263,1178139800
2024-05-14 00:00:00-04:00,59.92522010803223,60.143364562955526,0.1353734818550283,69.0910225238932,74.11759951680666,62.49989264702112,57.350547569043336,0.705450002444275,1167287600
2024-05-15 00:00:00-04:00,60.149512100219724,60.25320635111434,0.09634030373379254,69.32321331260025,75.29439005109951,62.35497371166496,57.94405048877449,0.6821088445509823,1177126500
2024-05-16 00:00:00-04:00,60.36360874176025,60.370156785587824,0.07184523023425626,70.8179884826034,82.74539385169348,62.17870565544431,58.548511828076194,0.6791606014771973,1187354500
2024-05-17 00:00:00-04:00,60.50245609283447,60.449152124971945,0.027839780336424202,65.56657003903801,71.37283343034068,62.116081079904795,58.88883110576415,0.6604714940797132,1175815500
2024-05-20 00:00:00-04:00,60.60052318572998,60.4780865911437,-0.036685121123534836,58.19491084745334,53.33348809024131,62.01207455797358,59.18897181348639,0.6528271028527781,1164814600
2024-05-21 00:00:00-04:00,60.710727310180665,60.53570612873381,-0.06103335717812852,61.62885243655289,59.90599425158259,61.892992049163475,59.528462571197856,0.6436479722354912,1174610800
2024-05-22 00:00:00-04:00,60.781122016906735,60.596160670835424,-0.07427529556432222,62.50679531629553,64.15131472559223,61.89485791798639,59.66738611582708,0.6226407017821464,1182030200
2024-05-23 00:00:00-04:00,60.798113632202146,60.56670759564611,-0.14165712898490224,50.03988483697584,10.21497069157541,61.87001615330499,59.7262111110993,0.6440531321086621,1172195900
2024-05-24 00:00:00-04:00,60.810736083984374,60.53173735902114,-0.18830654325902785,48.9990340663579,1.6759199190239613,61.847628490944395,59.77384367702435,0.629258553934578,1163995200
2024-05-28 00:00:00-04:00,60.80005531311035,60.48345209877769,-0.22466397728269671,46.897830932467386,17.796579986237724,61.864350107693824,59.735760518526874,0.6349401071619731,1151648200
2024-05-29 00:00:00-04:00,60.79665699005127,60.42866902535894,-0.24843424609228015,45.49716494429753,23.420170033734,61.87183093704727,59.721483043055265,0.6457643063053949,1139786400
2024-05-30 00:00:00-04:00,60.79859886169434,60.40407076275965,-0.2383369968434293,49.175332216434086,33.457301855824504,61.86909088888863,59.728106834500046,0.6329285715558562,1149223200
2024-05-31 00:00:00-04:00,60.84423389434814,60.4705886467751,-0.16424281276392766,59.61195775073666,69.14510885970698,61.884411708754584,59.8040560799417,0.680654134390557,1169039800
2024-06-03 00:00:00-04:00,60.881130599975585,60.530771494217646,-0.11303218901397594,59.61195775073666,69.14510885970698,61.90282083540514,59.85944036454603,0.6764226791544673,1178408800
2024-06-04 00:00:00-04:00,60.95832195281982,60.67861987323282,-0.01600733218623801,67.70394627457958,98.96542883806183,62.09218206373883,59.82446184190081,0.7002355054200257,1190304400
2024-06-05 00:00:00-04:00,61.02143459320068,60.810538234333976,0.04086001593837213,67.41593845238421,94.99995612437992,62.24992462429593,59.79294456210543,0.7001538549794185,1180671900
2024-06-06 00:00:00-04:00,61.084547233581546,60.951161514123044,0.08497410353468898,69.0468471495363,93.61705129720575,62.43125642318323,59.73783804397986,0.6862071240306606,1189330400
2024-06-07 00:00:00-04:00,61.134552001953125,61.056198918516465,0.0894653979667096,65.37005398007086,86.32228288473,62.54573072187254,59.72337328203371,0.6656275763877157,1179807300
2024-06-10 00:00:00-04:00,61.1505729675293,61.12164124563599,0.0637250270919058,60.72664494424005,76.59572597467447,62.581618875046715,59.719527060011885,0.6610825949079605,1164120200
2024-06-11 00:00:00-04:00,61.149116134643556,61.17715180373855,0.037590231163023013,60.151436231912186,75.37983172588457,62.5778422292924,59.72039003999471,0.6540880189035614,1155724200
2024-06-12 00:00:00-04:00,61.138435745239256,61.165419145556044,-0.026544819680890286,51.37418074476951,55.015095759312885,62.56665381136619,59.710217679112326,0.6767217239506687,1146154600
2024-06-13 00:00:00-04:00,61.13163890838623,61.16497604612809,-0.0627427612527332,52.59718509611409,58.35862581940601,62.55807224494713,59.70520557182533,0.6693034934765845,1155823500
2024-06-14 00:00:00-04:00,61.11781940460205,61.168768407201824,-0.08339608008721866,53.12062415253576,59.73692589989441,62.5357693030352,59.6998695061689,0.6634314494458567,1164002700
2024-06-17 00:00:00-04:00,61.12150344848633,61.17872272335466,-0.09147235968327971,53.97209969712948,61.88104112647293,62.54066654617708,59.70234035079558,0.6663661189581093,1174535400
2024-06-18 00:00:00-04:00,61.14800910949707,61.18866124874853,-0.09478011495619942,54.10040810271101,54.92641912389701,62.558424173760784,59.73759404523335,0.6453277352317829,1185187100
2024-06-20 00:00:00-04:00,61.135992240905765,61.15571773591664,-0.12343468782771522,47.6637380733372,36.422366928179244,62.552497190359375,59.719487291452154,0.6544479769702376,1171880800
2024-06-21 00:00:00-04:00,61.148471450805665,61.18089347714351,-0.10124983531899046,55.19115479134114,42.83187170189761,62.57035918394062,59.726583717670714,0.6720025931282002,1200163000
2024-06-24 00:00:00-04:00,61.263839149475096,61.31549956072378,-0.010040163939710856,65.92575917853935,95.73476007148915,62.759875703304445,59.76780259564575,0.7141634940135753,1213375500
2024-06-25 00:00:00-04:00,61.3772159576416,61.42517162869428,0.03662243337995141,64.13333168887623,89.15097015980412,62.877115772538076,59.87731614274513,0.7022916713292762,1202828700
2024-06-26 00:00:00-04:00,61.509605979919435,61.54396886139211,0.07406551854896115,65.7532124470369,97.22233737558656,62.975664675031,60.04354728480787,0.7136333912227093,1212231200
2024-06-27 00:00:00-04:00,61.64097213745117,61.6384054439753,0.0817423421338489,63.68811846091359,84.48289914438702,62.97436336318194,60.3075809117204,0.7080894973177972,1203737100
2024-06-28 00:00:00-04:00,61.74650993347168,61.699618562499225,0.06268002788819893,59.924071070318334,73.27594514412857,62.92244321329749,60.570576653645865,0.6952533840281921,1186378300
2024-07-01 00:00:00-04:00,61.78733940124512,61.72052135658412,0.02084551159365461,54.947204162827,56.59563619222063,62.92714669215947,60.64753211033077,0.7280657800565423,1176344900
2024-07-02 00:00:00-04:00,61.821808624267575,61.7273186564686,-0.01812969118386254,53.27307825909401,51.06370117807953,62.917533789528484,60.72608345900667,0.7124051736340926,1167466700
2024-07-03 00:00:00-04:00,61.816050910949706,61.75024308990202,-0.03387000098598808,55.30372094493365,58.72340559458894,62.907423416730346,60.724678405169065,0.713239336300734,1176620900
2024-07-05 00:00:00-04:00,61.83230152130127,61.81105564056146,-0.018533885408973272,59.79822023412291,77.0211275478883,62.947365618786485,60.71723742381605,0.7175087511626165,1188356400
2024-07-08 00:00:00-04:00,61.798246192932126,61.791524256197164,-0.061289019684269086,49.770677200875205,42.97847606009853,62.897158536910474,60.69933384895378,0.7305593397909574,1177121300
2024-07-09 00:00:00-04:00,61.76263275146484,61.74869198712202,-0.10497728214198954,46.91152136642943,31.48925122535506,62.87219068275438,60.653074820175306,0.7231076399120007,1165463800
2024-07-10 00:00:00-04:00,61.74940452575684,61.72298597302577,-0.12111830502050924,48.56165138685154,37.44687283597808,62.865853831189526,60.63295522032415,0.7112957565300099,1177394200
2024-07-11 00:00:00-04:00,61.751327705383304,61.72488880399876,-0.11075387071045945,51.680785008829005,43.396064001398166,62.86759349064971,60.6350619201169,0.734574715377728,1188825800
2024-07-12 00:00:00-04:00,61.8151330947876,61.78252479227585,-0.0634595946513104,57.804308030433816,70.14913576480028,62.910344444573596,60.7199217450016,0.7526967615187294,1198027300
2024-07-15 00:00:00-04:00,61.85940990447998,61.807646506860074,-0.05092957746918861,54.22723394146556,55.72125653981321,62.91614778200685,60.80267202695311,0.7401692495861757,1189819800
2024-07-16 00:00:00-04:00,61.943560409545896,61.91051883370394,0.011082023297514593,61.780518167203965,98.01975418019865,63.04546125675215,60.84165956233964,0.7516009236216755,1198844900
2024-07-17 00:00:00-04:00,62.070275688171385,62.09119268757179,0.10582769296180133,67.99689863192619,94.19354019112198,63.395051168179805,60.745500208162966,0.7761949707362035,1211353100
2024-07-18 00:00:00-04:00,62.1955228805542,62.25279539234081,0.15593465454211775,67.7443849218786,82.3864652662204,63.664698230113366,60.726347530995035,0.7969349578514902,1200224900
2024-07-19 00:00:00-04:00,62.34767894744873,62.408326850394474,0.18257481186486407,68.37666204317166,85.22753195712826,63.85477295023743,60.84058494466002,0.7973228037767349,1214000600
2024-07-22 00:00:00-04:00,62.44552841186523,62.500586417702515,0.15397701168551242,61.61351864128592,70.45458323707734,63.95312978590354,60.937927037826924,0.8081670823050429,1202206400
2024-07-23 00:00:00-04:00,62.49396381378174,62.60176536773717,0.13624178823396282,63.05153769657637,71.19992900296437,64.07787889107239,60.91004873649109,0.8392043144206838,1214016700
2024-07-24 00:00:00-04:00,62.590345191955564,62.77251950775179,0.16714799384252732,68.70056738717611,93.866574868728,64.37753069175929,60.803159692151844,0.8589384701754759,1227261300
2024-07-25 00:00:00-04:00,62.68917274475098,62.95124085253064,0.18969809673817006,70.20134492726663,82.17390020802716,64.68949827141154,60.68884721809042,0.8730696161395121,1243589900
2024-07-26 00:00:00-04:00,62.842796325683594,63.20426787582943,0.2503571781140129,75.05624127657046,98.75523728223997,65.21052114391979,60.475071507447396,0.8875890642060887,1257120000
2024-07-29 00:00:00-04:00,62.99837646484375,63.4126943611485,0.25621645180884034,72.21184569594506,94.19071064589687,65.59580940646198,60.40094352322552,0.8703197245916565,1244979800
2024-07-30 00:00:00-04:00,63.21364517211914,63.680482712077065,0.29365453970930344,75.99661763377725,97.23754223753095,66.11362198522612,60.313668359012176,0.9108959819250805,1258237800
2024-07-31 00:00:00-04:00,63.38928489685058,63.83516888235545,0.23647643611541458,65.38989676335683,75.66961965761719,66.34845437891993,60.43011541478125,0.9206167031049601,1242661000
2024-08-01 00:00:00-04:00,63.61580581665039,64.08881409389451,0.257334356382936,71.03938203862819,96.84870505014692,66.79083571681284,60.44077591648796,0.9534069359369327,1259156900
2024-08-02 00:00:00-04:00,63.888316535949706,64.44597363331528,0.3347915871033891,75.81383560682336,94.58604340693161,67.50075355076719,60.27587952113223,1.0236931473018525,1281671700
2024-08-05 00:00:00-04:00,64.13978958129883,64.65449395506799,0.2805422908037656,65.39066957163,70.65417309849343,67.78180345122882,60.49777571136883,1.077776401352539,1256187400
2024-08-06 00:00:00-04:00,64.40202655792237,64.83849690824046,0.21963276004414634,64.99956112330523,69.71983493088919,67.95459315997107,60.84945995587367,1.075577255853458,1243218300
2024-08-07 00:00:00-04:00,64.67747230529785,65.0431823252291,0.18596422387194922,66.75583733458973,77.3831276354542,68.13367073441178,61.221273876183936,1.0931049745113615,1256583600
2024-08-08 00:00:00-04:00,64.95291900634766,65.25353636275378,0.1619702738698381,67.89831376305577,82.43009858290935,68.30628948058573,61.59954853210958,1.0856175539279482,1271824500
2024-08-09 00:00:00-04:00,65.19656391143799,65.43919621227387,0.1249448878267323,67.43605499938907,79.54545353258274,68.45912617342209,61.93400164945388,1.045815416420455,1259744100
2024-08-12 00:00:00-04:00,65.42944507598877,65.55964667647882,0.05268323695503607,62.74465184670587,69.00811791911495,68.41222517039704,62.44666498158049,1.03052310328535,1248731800
2024-08-13 00:00:00-04:00,65.63443946838379,65.69565116315904,0.011961052765493418,64.26693112814526,68.24141934418991,68.4491380660961,62.81974087067148,0.9988496578359226,1258609400
2024-08-14 00:00:00-04:00,65.79931602478027,65.82988680735781,-0.017500520932383745,64.90599677607415,70.21882938401116,68.55229656669063,63.04633548286991,0.9806216527747381,1272937400
2024-08-15 00:00:00-04:00,65.96859569549561,65.95786087350974,-0.041443250743120386,65.29582895547779,69.18441952988333,68.62056802425604,63.316623366735165,0.9399319409884399,1284222500
2024-08-16 00:00:00-04:00,66.1589126586914,66.12303745372981,-0.03185224379752105,68.1782968558483,85.19647124870946,68.73081919082993,63.58700612655288,0.9189232038421451,1296873700
2024-08-19 00:00:00-04:00,66.36488571166993,66.25384468353641,-0.047258207955364284,65.95212962819201,77.45097044853667,68.65728387593748,64.07248754740237,0.8931244915315232,1287029800
2024-08-20 00:00:00-04:00,66.58113250732421,66.40946912378554,-0.03994978941184257,68.18922083875191,90.23540275006602,68.5715602108244,64.59070480382402,0.8726633764647207,1298987200
2024-08-21 00:00:00-04:00,66.76508941650391,66.56797892356639,-0.031808939801891256,69.22368484797198,77.04919697453924,68.58606572207312,64.94411311093471,0.866243896740494,1307779600
2024-08-22 00:00:00-04:00,66.92458419799804,66.68902752682793,-0.05035210038014393,66.29135018474648,66.66689785749591,68.52125727115009,65.327911124846,0.8833475831990174,1295270400
2024-08-23 00:00:00-04:00,67.05863800048829,66.84141544303219,-0.040821920169280546,69.00179955396966,85.59369416384112,68.64078793209318,65.4764880688834,0.883853163224544,1307105100
2024-08-26 00:00:00-04:00,67.25482635498047,67.07713902574564,0.022739542556142522,74.11760375236527,97.41094919487377,68.93226476882562,65.57738794113531,0.9038924238433427,1320017300
2024-08-27 00:00:00-04:00,67.44171867370605,67.35191801571368,0.09242967068935615,76.71853706433703,99.18922276973369,69.42360195318369,65.4598353942284,0.8875543209512281,1337005700
2024-08-28 00:00:00-04:00,67.68683128356933,67.62382484252815,0.13649455910181163,77.63531628981842,98.49252339816701,69.7613070201751,65.61235554696357,0.8598023359428822,1350278300
2024-08-29 00:00:00-04:00,67.88693389892578,67.89779351568208,0.16499990405410947,78.71834893332296,96.12761127147466,70.22020928476995,65.5536585130816,0.8675812385752681,1367480000
2024-08-30 00:00:00-04:00,68.04055747985839,68.18480945480425,0.18937521545395541,80.16638342331512,97.80705182754738,70.71989809978004,65.36121685993675,0.8608262322777084,1386104200
2024-09-03 00:00:00-04:00,68.28077812194825,68.49481330230057,0.21694620938342712,81.87406767766399,94.57366628285638,71.25805999512414,65.30349624877235,0.8720268347981992,1400860000
2024-09-04 00:00:00-04:00,68.50142784118653,68.73335673523809,0.1827589995934238,76.00138072506323,80.71566643543036,71.59556329004482,65.40729239232823,0.9229645921258338,1382719200
2024-09-05 00:00:00-04:00,68.63401374816894,68.81964770581251,0.05254053542304793,61.36073703901408,51.73816806807054,71.684272996651,65.58375449968688,0.9758554578359909,1358853100
2024-09-06 00:00:00-04:00,68.75192184448242,68.89492522387873,-0.046236130144348575,61.08726489064442,49.79006700548188,71.76139991684511,65.74244377211974,0.9606675048114298,1341367400
2024-09-09 00:00:00-04:00,68.90701332092286,69.02919847032109,-0.07381298587975893,65.05709306349365,64.7060465961446,71.90086932743233,65.91315731441338,0.9850049245830783,1354306700
2024-09-10 00:00:00-04:00,69.07237892150879,69.12272605392333,-0.11821960857005576,62.17090020142279,58.22774194450369,71.92315679069635,66.22160105232122,0.9775507128186416,1344029100
2024-09-11 00:00:00-04:00,69.20056190490723,69.16354771112967,-0.18119218003999826,57.84164076258222,48.31228515973348,71.89089865870994,66.51022515110452,0.9762198519400747,1332610900
2024-09-12 00:00:00-04:00,69.33021202087403,69.21446009545846,-0.21337187263869595,58.82706680167718,49.891051174529004,71.84854853245437,66.81187550929369,0.9568119608880139,1344951700
2024-09-13 00:00:00-04:00,69.48919563293457,69.32291977619234,-0.19163403083165909,62.98605000167069,57.093655194027825,71.8386784346801,67.13971283118903,0.9581359630146207,1356025500
2024-09-16 00:00:00-04:00,69.6562385559082,69.48579155229716,-0.1352328025262477,66.74015337194274,68.38816642112164,71.94519899837697,67.36727811343944,0.9481058500593943,1366812000
2024-09-17 00:00:00-04:00,69.81828880310059,69.60500362451141,-0.12199769267996419,63.71443075796114,58.18373290756096,71.92429197966608,67.71228562653509,0.9247179076805984,1353837600
2024-09-18 00:00:00-04:00,69.9583065032959,69.70817045170638,-0.12051623117746058,63.20011850924514,56.482862281136384,71.89813090803025,68.01848209856155,0.9367791288481133,1343117900
2024-09-19 00:00:00-04:00,70.03336448669434,69.69548580768226,-0.19410738059507304,52.82297827261491,18.045609541900426,71.78251146389765,68.28421750949103,0.9641645374559905,1329482300
2024-09-20 00:00:00-04:00,70.17040939331055,69.77971452982078,-0.17527515266733829,59.31657579331433,52.74131568399614,71.61300110613615,68.72781768048495,0.9952237050506081,1378060800
2024-09-23 00:00:00-04:00,70.28938217163086,69.86436611873107,-0.15757356835913394,59.841817512069355,55.80272476256302,71.45823558119405,69.12052876206768,0.9959150778288082,1389673800
2024-09-24 00:00:00-04:00,70.33727989196777,69.90342339011494,-0.17195791403418692,56.3591356120797,54.158571640262565,71.4179237533711,69.25663603056444,1.010631698158043,1376343200
2024-09-25 00:00:00-04:00,70.35879859924316,69.95002045447713,-0.17261244838886625,57.16453783382561,59.39762800707729,71.42577274513134,69.29182445335498,0.981370428968934,1388672300
2024-09-26 00:00:00-04:00,70.36562309265136,69.98748798885356,-0.17492237168118396,56.6950112491139,57.21457515727588,71.43036839053758,69.30087779476514,0.9654589558987131,1377857100
2024-09-27 00:00:00-04:00,70.37698173522949,70.0579813958396,-0.15008498973593865,59.48988656971381,74.24184644030957,71.45203696743296,69.30192650302602,0.9527953305614633,1389032800
2024-09-30 00:00:00-04:00,70.37123985290528,70.12832823718635,-0.1293128801936132,59.98894334702071,77.29751186643705,71.43599244472075,69.3064872610898,0.9206276396038549,1407048100
2024-10-01 00:00:00-04:00,70.331689453125,70.17790096296957,-0.12571455769563367,58.33041264871588,59.55056425568044,71.28796778773386,69.37541111851613,0.9336848839590216,1393753600
2024-10-02 00:00:00-04:00,70.27967376708985,70.1570728357764,-0.1673624445016143,51.2145044700182,26.582259692050524,71.19738571166194,69.36196182251776,0.9584756784950798,1382598100
2024-10-03 00:00:00-04:00,70.27152595520019,70.09225215508118,-0.221602075023686,46.90123667783338,12.549027341398904,71.2143803857758,69.32867152462458,0.9470141544334462,1373223300
2024-10-04 00:00:00-04:00,70.24760437011719,70.0007643254399,-0.2715835596847599,44.047605197086675,14.851391577003893,71.27670644720412,69.21850229303026,0.9356676923694093,1360538500
2024-10-07 00:00:00-04:00,70.13180465698242,69.80914868004831,-0.3665837757242481,36.188832037821804,3.6082351026203128,71.55489918838624,68.7087101255786,0.9603169707555701,1346026500
2024-10-08 00:00:00-04:00,70.03905715942383,69.65173339118397,-0.40036384036962736,37.93648760192885,8.226228983774785,71.70291276894653,68.37520154990113,0.9325385497749824,1359576200
2024-10-09 00:00:00-04:00,69.98851509094239,69.5459027905913,-0.3792574082031185,41.86969547183895,18.25182679205538,71.76608477280924,68.21094540907553,0.913077483725468,1368613900
2024-10-10 00:00:00-04:00,69.91487121582031,69.42012635759599,-0.3686307611420049,39.64936094337609,10.025664630188643,71.84955876541603,67.98018366622459,0.9125999283565228,1359978700
2024-10-11 00:00:00-04:00,69.82423248291016,69.33635356972599,-0.3240509743414271,42.90972025746773,18.25182679205538,71.83656579629006,67.81189916953026,0.8889331942232755,1368765000
2024-10-14 00:00:00-04:00,69.73753433227539,69.33280660238043,-0.2314956868294376,49.92053412735058,38.04601705188238,71.68235063203078,67.79271803252,0.8958095429162063,1376424300
2024-10-15 00:00:00-04:00,69.66561393737793,69.32959744144873,-0.16160653357187946,49.920534127350585,38.04601705188238,71.56299892263911,67.76822895211674,0.9057129805524281,1386783000
2024-10-16 00:00:00-04:00,69.60748672485352,69.34827492888887,-0.09475832116009603,51.964109875798805,43.958732853866884,71.44632064301233,67.7686528066947,0.8923901473063063,1394720300
2024-10-17 00:00:00-04:00,69.57201919555663,69.30230885028189,-0.08969031656978044,46.066977776636996,26.73519338529358,71.43913917915448,67.70489921195879,0.9067604922805286,1380045700
2024-10-18 00:00:00-04:00,69.51290664672851,69.31138766583354,-0.04733010340677968,50.9030824872733,40.61686691777336,71.32262542898054,67.70318786447648,0.9081413395257775,1395133200
2024-10-21 00:00:00-04:00,69.40059318542481,69.22671141073555,-0.07990443168889741,43.24671138718197,22.957001693263866,71.18816412963939,67.61302224121023,0.9227938957963195,1383152000
2024-10-22 00:00:00-04:00,69.30798416137695,69.15009956088498,-0.0953120385571725,43.24671138718197,30.434737484494566,71.0967797076245,67.5191886151294,0.9321776182581079,1401755300
2024-10-23 00:00:00-04:00,69.13852958679199,68.94567113358345,-0.18947217005468608,34.494398102599476,30.88559509068517,71.11631822888289,67.16074094470109,1.0675595958093547,1377100100
2024-10-24 00:00:00-04:00,68.93656349182129,68.69409366048176,-0.2817277977158944,31.147273666047724,15.550795173767137,71.18710107915552,66.68602590448705,1.0680106426445124,1359531300
2024-10-25 00:00:00-04:00,68.69666633605956,68.43082051633803,-0.34656356284630696,29.49749939113191,7.343322040798627,71.14642550743866,66.24690716468047,1.055762028320958,1348393200
2024-10-28 00:00:00-04:00,68.44100646972656,68.16916388652682,-0.38185049135505045,28.43059832456646,1.9437610954006859,71.02438253963511,65.857630399818,1.0366479356551392,1337631800
2024-10-29 00:00:00-04:00,68.13805656433105,67.82827625447663,-0.4499682518927197,24.23862042888274,0.7030032216184205,71.0186989885758,65.2574141400863,1.043529592904889,1321105900
2024-10-30 00:00:00-04:00,67.88732223510742,67.5536327105235,-0.44164292084656687,27.94915326101743,10.186732368745215,70.95702084555927,64.81762362465557,1.0548451745048155,1335283700
2024-10-31 00:00:00-04:00,67.6306770324707,67.24791070340147,-0.44582125957393115,25.656247491182867,0.8402606403663189,70.9722598168,64.2890942481414,1.0308700462130582,1321900000
2024-11-01 00:00:00-04:00,67.37649536132812,66.94315697174382,-0.4371108050203122,24.587903066411243,1.8987802195657106,70.98541351193398,63.767577210722266,1.011422892631031,1309736900
2024-11-04 00:00:00-05:00,67.1843807220459,66.67680938045237,-0.39463389463375176,25.69847243103888,7.603294608681755,71.04290884764386,63.325852596447945,0.9933642778196852,1320721400
2024-11-05 00:00:00-05:00,66.9966999053955,66.4602248503107,-0.3222589854997828,28.641344954896255,12.06617649234118,71.00992840893355,62.983471401857464,0.9808182327175173,1329501600
2024-11-06 00:00:00-05:00,66.70754318237304,66.10757273356793,-0.3555507635352768,22.48218545312065,7.055639721783468,71.05372035902133,62.361366005724754,1.0648740559357208,1306602300
2024-11-07 00:00:00-05:00,66.43217906951904,65.78475323390056,-0.350032991387752,22.358160897603625,6.713268918412557,71.04830402178904,61.81605411724904,1.0444052370403447,1291746200
2024-11-08 00:00:00-05:00,66.1538595199585,65.51707398245765,-0.30081947595074543,25.244799629124714,11.263308761646607,70.89742166883512,61.41029737108189,1.0106203987794167,1306465500
2024-11-11 00:00:00-05:00,65.81002445220948,65.2223439896157,-0.2776686066072209,23.24059790303083,3.2608823443905415,70.58859280685829,61.03145609756067,0.9996566974114739,1292484600
2024-11-12 00:00:00-05:00,65.45830783843994,64.94067105129106,-0.24628470666259483,22.686420120763174,1.6260533769349341,70.19316869526108,60.72344698161879,0.9725868205833245,1277463600
2024-11-13 00:00:00-05:00,65.08540897369384,64.66705797637272,-0.21333964030637453,21.980828870185093,9.788841603607686,69.65193257458134,60.51888537280636,0.9573022139447408,1264286000
2024-11-14 00:00:00-05:00,64.72334709167481,64.37728040368339,-0.19637488650501056,20.44042369286943,2.4144645121612274,69.18053144668247,60.266162736667155,0.9367761815022176,1248375200
2024-11-15 00:00:00-05:00,64.29478435516357,64.0390995731754,-0.21250233052726775,17.995766205949494,6.796164507025562,68.51370602352779,60.075862686799354,0.9571244760623151,1222090900
2024-11-18 00:00:00-05:00,63.92090034484863,63.74438597392116,-0.18956946296001087,19.53123337117748,9.126279390806802,67.93059177825444,59.91120891144283,0.9295738208993748,1238170300
2024-11-19 00:00:00-05:00,63.58297595977783,63.54623486077521,-0.10457212451326714,28.323506382673088,26.08690809692212,67.13082862415403,60.03512329540163,0.9328434029481102,1254425100
2024-11-20 00:00:00-05:00,63.335690116882326,63.40448718034982,-0.005638943907796401,32.665045795950746,37.470708242460155,66.57107310908371,60.100307124680945,0.9358794463284784,1273330000
2024-11-21 00:00:00-05:00,63.161309242248535,63.34848746539649,0.12011844439851527,40.17689791544404,58.08819262469044,66.10030252491323,60.22231595958384,0.9295505206848075,1290622300
2024-11-22 00:00:00-05:00,63.013529014587405,63.31283352523968,0.21746971923907488,41.633955017794165,62.00971892824491,65.6639077677841,60.363150261390714,0.92156259831755,1310184500
2024-11-25 00:00:00-05:00,62.90072326660156,63.32373613651243,0.31027950070243704,45.72672307690423,86.167037619317,65.2633870611235,60.53805947207962,0.9169598989962635,1346989800
2024-11-26 00:00:00-05:00,62.85097122192383,63.34955201460128,0.37643775535232304,47.20034576035937,95.18089806619442,65.10884695722608,60.59309548662158,0.8922784105357776,1361463100
2024-11-27 00:00:00-05:00,62.77757396697998,63.361649341219426,0.40333121093331314,46.2458208184272,81.94074505324258,64.8459408264442,60.70920710751575,0.8883599749673109,1348199700
2024-11-29 00:00:00-05:00,62.74092559814453,63.385357428630265,0.4193824965565085,47.540800566454436,85.60713873828543,64.721100608364,60.76075058792507,0.858940213126475,1358848100
2024-12-02 00:00:00-05:00,62.69771251678467,63.366155282455836,0.3910480731216921,43.912062093097425,73.92894950453778,64.5980158411216,60.797409192447745,0.8571480934326466,1342348000
2024-12-03 00:00:00-05:00,62.643121528625485,63.33649168412671,0.35449263287802424,42.84725373502621,70.39833658192707,64.43334972771711,60.85289332953385,0.8703740368145528,1317473500
2024-12-04 00:00:00-05:00,62.510701942443845,63.18580486567008,0.23913929502970466,33.92096876948955,34.82043709803873,64.14581098980514,60.87559289508255,0.9230711829642997,1289335800
2024-12-05 00:00:00-05:00,62.49578704833984,63.116592949171185,0.20786655744051596,41.084810225568845,54.103079593194785,64.1270610818426,60.864513014837094,0.9294609896924114,1310376200
2024-12-06 00:00:00-05:00,62.46348552703857,63.0171019598249,0.16077433299202393,38.608769657699355,40.79843783518243,64.10145323823997,60.82551781583717,0.9233406067251535,1294795100
2024-12-09 00:00:00-05:00,62.4218505859375,62.93370389429191,0.13500983713961778,39.315667239503206,41.636772246200806,64.04807306805439,60.795628103820604,0.9304201008634437,1317143400
2024-12-10 00:00:00-05:00,62.423187828063966,62.88755627580187,0.13886041280328354,42.474855051371314,44.38794494546518,64.04945393184023,60.79692172428769,0.9525931757995221,1332092800
2024-12-11 00:00:00-05:00,62.4190055847168,62.82027789432204,0.12401163298301954,40.497399317818804,30.142333902005813,64.0473086374109,60.790702532022706,0.971764323481641,1299273800
2024-12-12 00:00:00-05:00,62.48423595428467,62.87285534781574,0.1910627642335495,51.34035781704961,72.69614041011856,64.15499691592437,60.81347499264497,0.9931111487893319,1316815900
2024-12-13 00:00:00-05:00,62.53589706420898,62.85235633008291,0.1838645555818912,45.932020228656064,47.16382925058088,64.16037020725894,60.91142392115902,0.973935492231565,1303386900
2024-12-16 00:00:00-05:00,62.59916744232178,62.77992136965649,0.13958896793225772,42.14674414593079,26.950675767882213,64.0406452301959,61.15768965444766,1.0114358582333383,1278827200
2024-12-17 00:00:00-05:00,62.698715400695804,62.79474466287839,0.16403442336562868,48.90850241255424,57.093114363370596,63.92889328355008,61.468537517841526,1.0264039542585155,1300729600
2024-12-18 00:00:00-05:00,62.73500499725342,62.756158620417686,0.14120686863002507,45.22516352650383,43.08932706170038,63.880854535123525,61.58915545938331,1.0133588015114643,1279783500
2024-12-19 00:00:00-05:00,62.73173713684082,62.68343180019283,0.09912744773538684,42.7062041322004,27.50007805491411,63.88563689430734,61.5778373793743,0.9955728927317077,1258482900
2024-12-20 00:00:00-05:00,62.6955020904541,62.627084890232126,0.07863566568300595,43.5526373113822,33.18760999525488,63.881547106966906,61.50945707394129,0.9797668779180465,1300941000
2024-12-23 00:00:00-05:00,62.6429479598999,62.5600328514163,0.05546562035876562,42.40565884302374,35.564976976178734,63.8674761669713,61.4184197528285,0.9969970453696988,1287930200
2024-12-24 00:00:00-05:00,62.590565872192386,62.54285535980076,0.07161547058934065,46.51064958131951,54.811871620028555,63.765006965485625,61.416124778899146,0.9846345205800737,1292949300
2024-12-26 00:00:00-05:00,62.51640796661377,62.5017876821886,0.06515464278778993,44.5055298176502,43.51469390040973,63.61253250648453,61.42028342674301,0.9455018616985807,1285005500
2024-12-27 00:00:00-05:00,62.442205619812015,62.45328666560461,0.05421494491261081,43.6057862585204,38.49390467918006,63.466886821313146,61.41752441831088,0.93043607445718,1276462700
2024-12-30 00:00:00-05:00,62.34045639038086,62.36969742796704,0.02191237527155926,40.51817068399245,20.920499249912908,63.281593674383856,61.39931910637786,0.9185736339416251,1267490500
2024-12-31 00:00:00-05:00,62.27146530151367,62.31581320782304,0.019041142232718244,42.90242493383153,30.543866177467404,63.1558025200349,61.38712808299245,0.897631660050514,1276747200
2025-01-02 00:00:00-05:00,62.188080596923825,62.227354179287815,-0.0064532555629152055,39.7676671891085,12.970782325681911,63.07578042445261,61.30038076939504,0.9136382046944883,1263756200
2025-01-03 00:00:00-05:00,62.165249252319335,62.13881122871204,-0.023870889714366572,39.10823582968511,9.442145424630938,63.11754202094124,61.21295648369743,0.8809949878565696,1253353000
2025-01-06 00:00:00-05:00,62.06052227020264,61.96983302598686,-0.08910631165334726,32.960618412335236,4.68755023063485,63.282910904325,60.83813363608028,0.895353616848649,1235428800
2025-01-07 00:00:00-05:00,61.97664127349854,61.819783940364594,-0.11924072647058315,33.3208383613613,7.284808803698349,63.39836959046473,60.55491295653234,0.9093958040910434,1253228400
2025-01-08 00:00:00-05:00,61.932467460632324,61.76627556646361,-0.07230862659281767,42.903198870497356,36.092808525376554,63.38552634584804,60.479408575416606,0.9103811198068746,1267640800
2025-01-10 00:00:00-05:00,61.84114151000976,61.657357406580914,-0.07502699856907746,38.517990516196484,17.647176026651422,63.37989350605906,60.30238951396046,0.9148410846441903,1245215800
2025-01-13 00:00:00-05:00,61.79200420379639,61.613645953191885,-0.031264585190488914,44.0948096618995,42.21326878171377,63.346869973238135,60.23713843435464,0.9303273196098161,1263232000
2025-01-14 00:00:00-05:00,61.702663612365725,61.610968179306234,0.027371589776120198,47.54054418658033,60.944234659679644,63.07914971628629,60.32617750844516,0.9184725003288509,1279890300
2025-01-15 00:00:00-05:00,61.63565807342529,61.58301929392588,0.05038295629909462,45.45187305495201,49.3561745592827,62.9486842694345,60.32263187741608,0.9195182271155563,1263703100
2025-01-16 00:00:00-05:00,61.62076816558838,61.60311184582505,0.09725718666126021,49.6841253873929,69.95709699164748,62.91944198664344,60.32209434453332,0.9233255401873893,1276288600
2025-01-17 00:00:00-05:00,61.586520767211915,61.66477909678999,0.1551419293420001,53.41438755281577,89.6994002628465,62.77625421312021,60.39678732130362,0.8999170717146857,1294237500
2025-01-21 00:00:00-05:00,61.565178298950194,61.69315650202967,0.16902739061391603,50.8546589106741,68.96547724173502,62.711026325491154,60.41933027240923,0.9015792529131167,1274420400
2025-01-22 00:00:00-05:00,61.53192348480225,61.6583254756552,0.13204931839537998,45.65484245782405,44.44443631488793,62.66476220554378,60.39908476406072,0.891068664061856,1256228500
2025-01-23 00:00:00-05:00,61.48129711151123,61.603176552239,0.08953496289902774,43.772060966468956,34.8658839978469,62.59994005648284,60.36265416653962,0.8706731924045232,1239700100
2025-01-24 00:00:00-05:00,61.45846538543701,61.59015059118592,0.08611924867896986,47.415241531510084,49.80837260765296,62.55859908679337,60.358331684080646,0.8488982621514113,1258944700
2025-01-27 00:00:00-05:00,61.50958805084228,61.762719344173796,0.20601910475820162,61.016190399270414,91.29210500048755,62.84588044301583,60.173295658668735,0.9485090298797046,1279687600
2025-01-28 00:00:00-05:00,61.49916496276855,61.77609683362376,0.17726401068970007,50.19046254242832,48.87639058809134,62.81966931184971,60.1786606136874,1.0055519031966174,1264731600
2025-01-29 00:00:00-05:00,61.51802577972412,61.832634596818444,0.1818718532463686,52.986500192402765,61.09514885284626,62.87641045919008,60.159641100258156,1.0046322429495866,1276057200
2025-01-30 00:00:00-05:00,61.6182861328125,61.99912718113838,0.25424730818958624,59.3631714675719,93.29615099452604,63.247810752075914,59.988761513549086,1.0363944507274057,1289258200
2025-01-31 00:00:00-05:00,61.67883949279785,62.095875098759684,0.25132771174979995,55.57073253096492,77.37431348284275,63.417788341991745,59.93989064360395,1.009163938351371,1277156100
2025-02-03 00:00:00-05:00,61.753786277771,62.17111833770314,0.22866883254440443,54.7122146662104,68.5617728146359,63.56371811572717,59.94385443981483,1.0221672411255718,1265088200
2025-02-04 00:00:00-05:00,61.79944915771485,62.174908095742765,0.1594620417064423,50.332091212656,45.45443931493598,63.60712555342789,59.9917727620018,1.0399142931672143,1249410200
2025-02-05 00:00:00-05:00,61.914102935791014,62.22088024487403,0.1359301622074625,53.01292727878786,60.606001006154095,63.631836659413075,60.19636921216895,1.0152684817021949,1260097000
2025-02-06 00:00:00-05:00,62.039179992675784,62.28516391342397,0.12864665732546768,54.42578338639765,68.15070184697164,63.65746658322144,60.420893402130126,1.0016008527755198,1273520400
2025-02-07 00:00:00-05:00,62.14489974975586,62.38870460319367,0.14683979528762095,57.197806049567056,84.58899406231855,63.82047226466315,60.46932723484856,0.9761462320316748,1286705100
2025-02-10 00:00:00-05:00,62.31762504577637,62.54950805128051,0.1942834816588987,60.97860722685626,96.95126643898986,64.04141742905018,60.59383266250254,0.9766178870882424,1302859400
2025-02-11 00:00:00-05:00,62.612945556640625,62.98334512861391,0.4053702582420262,72.29858129510951,98.88889385196869,65.25026776454781,59.975623348733436,1.1280840001539825,1333448500
2025-02-12 00:00:00-05:00,62.944002342224124,63.48080416770426,0.5841365677381047,75.12661788662801,98.50947708262719,66.48856109546517,59.399443588983075,1.1857717341057534,1359482300
2025-02-13 00:00:00-05:00,63.32767124176026,64.00557356825958,0.7116707730934806,76.93167531407553,98.49931075195896,67.65883084308966,58.99651164043085,1.164888941916937,1383875400
2025-02-14 00:00:00-05:00,63.6562463760376,64.42080406408381,0.7088282712680495,72.41828695121038,85.03230506304888,68.44504510103677,58.86744765103843,1.171732106785184,1363096300
2025-02-18 00:00:00-05:00,63.97092456817627,64.81350670785969,0.6741159459719561,72.90736552451963,87.23971713764733,69.15934707615249,58.78250206020006,1.1553973407268872,1378665400
2025-02-19 00:00:00-05:00,64.35062255859376,65.26523956045936,0.6729246602666596,75.55270234477682,99.22882284207769,69.9877022498309,58.7135428673566,1.1494459508669925,1394697700
2025-02-20 00:00:00-05:00,64.7605972290039,65.67111428168235,0.6247554477842758,75.31978139190664,98.84325363738765,70.64576777452645,58.875426683481365,1.1134312366086647,1381299700
2025-02-21 00:00:00-05:00,65.24800033569336,66.16218186567205,0.6331313547895732,78.44499451309082,97.29729676180443,71.43957312387607,59.05642754751066,1.144512462905141,1402962000
2025-02-24 00:00:00-05:00,65.67832469940186,66.5346303770701,0.5439319268781935,72.69382159989658,87.84641337429616,71.95452399277495,59.402125406028766,1.1620291336043163,1381543600
2025-02-25 00:00:00-05:00,66.0565336227417,66.95669424252586,0.5021718726770068,75.02861613579421,96.94990334408405,72.64249057024513,59.47057667523826,1.1626954375830056,1403099200
2025-02-26 00:00:00-05:00,66.47544231414795,67.27332877290658,0.3904636212173358,70.08119997989328,89.05194423028652,73.01705166017688,59.933832968119034,1.147715085318217,1388568000
2025-02-27 00:00:00-05:00,66.87449741363525,67.56642558852634,0.28802531142491716,70.2952033961022,89.41180727273137,73.3388666684525,60.41012815881801,1.1451495920121282,1405357500
2025-02-28 00:00:00-05:00,67.22987480163575,67.86375215077979,0.21321518945932194,71.36649617140971,93.09499001096275,73.71233722058726,60.74741238268423,1.1349677230074275,1427524900
2025-03-03 00:00:00-05:00,67.66863689422607,68.23770167622635,0.20793716514008542,74.58859488284759,99.32771533614368,74.1384558123358,61.19881797611634,1.2403794073793244,1449242500
2025-03-04 00:00:00-05:00,68.00813179016113,68.37466599528739,0.04078888523164714,60.5159535310792,57.43945584869751,74.14233372575595,61.87392985456631,1.3481889256594672,1423830600
2025-03-05 00:00:00-05:00,68.37591800689697,68.48818686543487,-0.09117992531246433,59.88756423912022,39.24357842752656,73.93033956692828,62.82149644686565,1.3157046181566314,1399897000
2025-03-06 00:00:00-05:00,68.74022960662842,68.62682122646488,-0.16293189170049027,61.37952331636,48.22693916112271,73.6669517861725,63.813507427084325,1.2983035974417085,1421591000
2025-03-07 00:00:00-05:00,69.1407735824585,68.84395618406347,-0.15543178725555062,64.96206997377617,71.1582928981419,73.35245583398715,64.92909133092984,1.3594320404864035,1449984300
2025-03-10 00:00:00-04:00,69.51848602294922,69.04230225851651,-0.1584794696321632,65.03408518047432,56.29622612494062,72.85771739204336,66.17925465385508,1.3970499707308908,1475235500
2025-03-11 00:00:00-04:00,69.84060897827149,69.18299727337693,-0.19485737153046978,62.21099949424976,42.6316655316139,72.07985251088044,67.60136544566254,1.3986553220202502,1447159100
2025-03-12 00:00:00-04:00,69.95675201416016,69.20629830267957,-0.2934869227862995,55.277793291701,12.997433186956295,71.82689303273298,68.08661099558734,1.3909286047919251,1428235800
2025-03-13 00:00:00-04:00,70.00191879272461,69.19712709388642,-0.3758823425628173,53.41288605110184,8.629535166379375,71.739763429536,68.26407415591322,1.3603548091303233,1412489200
2025-03-14 00:00:00-04:00,70.01037483215332,69.19359152895528,-0.419463271665506,53.67780789034811,18.124380127130028,71.7300095185726,68.29074014573403,1.3260441001076215,1426694300
2025-03-17 00:00:00-04:00,70.09810028076171,69.28182116872925,-0.3774015831218318,58.55111517462083,40.43110496272423,71.64329844103264,68.55290212049078,1.3091835456635503,1442329100
2025-03-18 00:00:00-04:00,70.1398910522461,69.29117127203294,-0.39149585030340406,53.84832402636854,23.236193863505257,71.55440628989297,68.72537581459923,1.2792418202338993,1429671500
2025-03-19 00:00:00-04:00,70.12605590820313,69.2901072251057,-0.3983126868200577,53.226182836649734,20.912609932772806,71.56825862748317,68.68385318892308,1.2478671429236654,1414891500
2025-03-20 00:00:00-04:00,70.13520965576171,69.3300969259978,-0.3654797018441247,55.601622158806606,30.904180385203684,71.56435009620006,68.70606921532337,1.2101624341936268,1431186800
2025-03-21 00:00:00-04:00,70.02734336853027,69.26723037770708,-0.4024951777726544,49.10593958428771,10.880070228297992,71.55360231309315,68.50108442396738,1.2515794685746064,1383707300
2025-03-24 00:00:00-04:00,69.9711986541748,69.237017670139,-0.39619323870294143,50.773358182677114,17.097253215896846,71.56762516055869,68.3747721477909,1.2157523636764203,1396282700
2025-03-25 00:00:00-04:00,69.86338348388672,69.19634908808708,-0.38897143858673033,49.89317439624499,13.988661722097417,71.46766307979213,68.25910388798131,1.1631988631947898,1383768800
2025-03-26 00:00:00-04:00,69.85031547546387,69.27479171237081,-0.2945113727175974,56.85483977252914,40.855870721667316,71.44499259835251,68.25563835257523,1.190113295504258,1398247000
2025-03-27 00:00:00-04:00,69.86977310180664,69.41433515536117,-0.180923072650788,60.382122961927415,56.84300949293922,71.49755737846753,68.24198882514575,1.1743910044470343,1409910400
2025-03-28 00:00:00-04:00,69.85385551452637,69.50535111642984,-0.1304487119240687,57.768477892232006,65.72095650471019,71.45532328315987,68.25238774589288,1.2183631409527709,1392497500
