,date,text
0,2021-01-27,"The company benefited from a jump in sales of electric cars in China and Europe, but its fourth quarter earnings fell short of Wall Street’s expectations. Tesla Has First Profitable Year, but Competition Is Growing"
1,2021-01-19,"Rivian, which has raised another $2.65 billion, plans to sell a pickup truck and S.U.V. it has worked on for more than a decade. The Next Tesla? Investors Bet Big on Electric Truck Maker Rivian"
2,2021-01-15,"Traditional automakers have struggled to sell electric cars. That could change as Ford, Volkswagen and others introduce new models. Tesla Might Finally Have Some Competition. From Ford."
3,2021-01-22,"The pandemic dampened sales for all automakers in the spring and summer, and Tesla’s plant in Fremont, Calif., was idled from late March until the middle of May. Tesla’s U.S. sales slowed in 22 states in 2020, partly because of the pandemic."
4,2021-01-07,"Mr. Musk’s net worth was $188.5 billion at 10:15 a.m. in New York on Thursday, $1.5 billion more than that of Jeff Bezos. Elon Musk has become the world’s richest person, as Tesla’s stock rallies."
5,2021-01-02,"The milestone seemed unreachable just three years ago and comes as Tesla has seen a string of profitable quarters and a buoyant stock. Tesla Says It Hit Goal of Delivering 500,000 Cars in 2020"
6,2021-01-29,The billionaire has inserted himself into the confounding stock market drama and solidified his role as the ultimate insider outsider. Elon Musk Becomes Unlikely Anti-Establishment Hero in GameStop Saga
7,2021-01-29,Every carmaker is trying to figure out how to make the leap before governments force it and Tesla and other start-ups lure away drivers. G.M. Announcement Shakes Up U.S. Automakers’ Transition to Electric Cars
8,2021-01-07," Catch up: Boeing will pay $2.5 billion settlement, and Elon Musk is the richest person."
9,2021-01-25,Is there a statute of limitations on attending “Davos in the Desert”? Wall Street Returns to Riyadh
10,2021-01-27,"John Kerry, President Biden’s special envoy for climate change, urged business leaders on Wednesday to recommit themselves to reducing emissions, promising big profits for those who do so.  John Kerry urges business leaders to invest in green jobs."
11,2021-01-08,He is running out of places to post. The Deplatforming of President Trump
12,2021-01-29,"With government support and lavish subsidies, Chinese companies have come to dominate the market for batteries, motors and other essentials Detroit may need for its new fleets. G.M.’s Electric Car Push Could Put China in the Driver’s Seat"
13,2021-01-04,"Some companies are having trouble surviving and making money installing panels because of intense competition and the high costs of doing business. Home Solar Is Growing, but Big Installers Are Still Losing Money"
14,2021-01-14,"The Purosangue, whose details remain closely held, will be out next year. But the carmaker’s evolving lineup, too, points to a (slightly) more inclusive approach. An S.U.V.? Ferrari Sees the Writing on the Road"
15,2021-01-06,"The venture aims to push climate-friendly businesses into the mainstream. Henry Paulson Returns to Finance, to Run Climate-Focused Fund"
16,2021-01-28,"The move, one of the most ambitious in the auto industry, is a piece of a broader plan by the company to become carbon neutral by 2040. G.M. Will Sell Only Zero-Emission Vehicles by 2035"
17,2021-01-05,"Carmakers say new models should also help lift the industry in 2021, after a 15 percent decline in its slowest year since it recovered from the Great Recession. The Pandemic Sank Auto Sales. Vaccines Could Bring Buyers Back."
18,2021-01-13,Carmakers can’t buy the semiconductors they need because home electronics are taking all the supply. Lack of Tiny Parts Disrupts Auto Factories Worldwide
19,2021-01-26,Larry Fink is using his firm’s huge influence to pressure companies to eliminate greenhouse gas emissions by 2050. BlackRock Chief Pushes a Big New Climate Goal for the Corporate World
20,2021-01-15,"In contrast to previous changes, the tax code could be modified in a way that affects everyone who has something of value to leave to heirs. The Estate Tax May Change Under Biden, Affecting Far More People"
21,2021-01-26,"Lacking a strong domestic battery industry, Britain may be left behind by the shift to electric cars. British Auto Industry Risks Slow Decline After Brexit"
22,2021-01-13,"Brazil says CoronaVac has an efficacy rate just over 50 percent, much lower than previously announced. More than 380 million doses have already been ordered. Disappointing Chinese Vaccine Results Pose Setback for Developing World"
23,2021-01-12,"IBM doesn’t donate to politicians. Perhaps others shouldn’t, either. Getting Corporate Cash Out of Politics"
24,2021-01-27,"GameStop shares have soared 1,700 percent as millions of small investors, egged on by social media, employ a classic Wall Street tactic to put the squeeze — on Wall Street. ‘Dumb Money’ Is on GameStop, and It’s Beating Wall Street at Its Own Game"
25,2021-01-04,Awkward questions for the companies that donated to senators planning to challenge the 2020 election results. The Cost of Fighting the Count
26,2021-01-20,And the Trump era ends — with a series of pardons. The Biden Era Begins
27,2021-01-28,Let’s have an honest conversation about GameStop. How Does This End?
28,2021-02-18,"Daimler reported unexpectedly strong profits, underlining a rebound by traditional carmakers despite the pandemic. Auto Dinosaurs Show They’re Not Dead Yet"
29,2021-02-08,"The electric carmaker has struggled with quality issues as it has scaled from making tens of thousand cars a year to 500,000 in 2020. Chinese regulators reprimand Tesla over growing complaints about its cars."
30,2021-02-08,"The carmaker’s chief executive, Elon Musk, is known for promoting cryptocurrencies on his widely followed Twitter feed. Tesla says it bought $1.5 billion of Bitcoin, sending the cryptocurrency to a record high."
31,2021-02-02,"The company agreed to recall Model S vehicles from 2012 to 2018 and Model X vehicles from 2016 to 2018,  flagship cars that can cost up to $100,000 or more. Tesla Will Recall 135,000 Cars for Faulty Touch Screens."
32,2021-02-22,"The top 25 hedge fund managers earned $32 billion last year, according to Institutional Investor’s latest rankings. Billion-Dollar Paydays in a Pandemic"
33,2021-02-16,"Carmakers, government agencies and investors are pouring money into battery research in a global race to profit from emission-free electric cars. The Auto Industry Bets Its Future on Batteries"
34,2021-02-09,Tesla’s $1.5 billion investment in the cryptocurrency moved markets. Bitcoin’s Big Day
35,2021-02-08,"Bitcoin and even Dogecoin, which began as a playful experiment, are soaring in value as billionaires, companies and celebrities promote the digital currencies. Elon Musk and Snoop Dogg Push Cryptocurrencies to Record Highs"
36,2021-02-09,"Cryptocurrency prices are soaring after Tesla said that it had purchased $1.5 billion worth of Bitcoin with company funds. The electric carmaker wasn’t the first company to shift corporate cash into cryptocurrencies, but it was one of the biggest. It could make finance chiefs elsewhere consider whether they should follow suit, the DealBook newsletter reports. Will other companies follow Tesla’s lead and load up on Bitcoin?"
37,2021-02-08,"Traditional automakers and tech-focused companies, like Tesla, race to rule the future of cars. The Auto Revolution Is Here"
38,2021-02-02,Automakers are searching for the right response to General Motors’s announcement that it will aim to sell only zero-emission cars and trucks by 2035. Carmakers are trying to figure out how to respond to G.M.’s plan to move to electric cars.
39,2021-02-08,"The price of Dogecoin is up by more than 1,600 percent this year, pushed in recent days by celebrity cheerleading from the likes of Elon Musk,  Snoop Dogg and  Gene Simmons. Serious money is flowing to the joke cryptocurrency Dogecoin."
40,2021-02-25,"Michael Saylor, the chief executive of the business intelligence software firm MicroStrategy, believes deeply in Bitcoin and has urged other companies to shift their corporate cash into the cryptocurrency. That’s what MicroStrategy has been doing, in a bigger way than the others that have put Bitcoin on their balance sheets, the DealBook newsletter reports. MicroStrategy adds another billion dollars of Bitcoin to its balance sheet."
41,2021-02-25,"Nio can tap an extensive supply chain that Beijing has built to achieve its dream of dominating the manufacture of electric cars. In China, an Electric Car Maker Loses Money but Thinks Big"
42,2021-02-12,"What we need to get to a future of energy-efficient cars. Electric Cars, Cool. But When?"
43,2021-02-09,"“I’ve been writing about the auto industry for 19 years, and I’ve really never seen anything like this,” Neal E. Boudette, who covers the auto industry for The New York Times, told Shira Ovide in this week’s On Tech newsletter. Is the G.M. announcement the tipping point for electric cars?"
44,2021-02-08,Short sellers — self-described financial detectives who make money when companies fail — were already worried about their success and safety. Then GameStop happened. Wall Street’s Most Reviled Investors Worry About Their Fate
45,2021-02-04,"Building electric cars, and repairing them, will require a huge change for the industry and usher in a new automotive era. E.V.s Force Carmakers to Reinvent the Wheel, and Brakes, and Mirrors …"
46,2021-02-19,The president of the Federal Reserve Bank of Boston says he expects a winning streak for the digital currency Bitcoin to eventually come to an end. A Fed president predicts the Bitcoin boom won’t last.
47,2021-02-02,Six ways to restore fairness and trust. How to Fix the Markets
48,2021-02-25,"Augmented reality and directions in the windshield: Integrated systems run (precise) laps around earlier technology, like a piano-roll device from the 1930s. The Future of Car Navigation Has Arrived"
49,2021-02-10,"The blank-check boom shows no signs of slowing, but there are reasons to be wary. The Issues With SPACs"
50,2021-02-10,The automaker earned more than $6 billion last year — money that it will plow into the development of electric and autonomous vehicles. G.M.’s Profits From Trucks and S.U.V.s Fuel Its Electric Quest
51,2021-02-03,Amazon has reimagined entire industries. What happens next to the $1.7 trillion company? Amazon Without Jeff Bezos
52,2021-02-01,"The high volume of trading by its customers, many of them egged on by social media, has put a strain on the company’s balance sheet. Robinhood, Under the Gun, Raises $2.4 Billion"
53,2021-02-07,"Fueled by amateur traders and online enthusiasm, the struggling retailer’s shares took investors on a ride like no other. For them, it ended in different ways, including apathy, defiance and regret. The Hopes That Rose and Fell With GameStop"
54,2021-02-02,"Vlad Tenev has incited the fury of the trading app’s fans amid a stock market frenzy. His lack of preparedness on nuts-and-bolts issues was part of a pattern, former employees and analysts said. Robinhood’s C.E.O. Is in the Hot Seat"
55,2021-02-12,"Now comes the hard part. For Shell, Oil Is Past Its Peak"
56,2021-02-03,The Amazon founder is stepping down as C.E.O. but will continue to exert a lot of influence at the e-commerce giant. What Jeff Bezos Does Next
57,2021-02-11,The bank’s new boss will take on a major turnaround job. Can Jane Fraser Fix Citigroup?
58,2021-02-17,"Citi committed “one of the biggest blunders in banking history,” a federal judge says. Ouch, That Hurts"
59,2021-03-23,"Federal regulators are investigating 23 recent accidents in which drivers were, or may have been, using the automatic steering and braking system. Tesla’s Autopilot Technology Faces Fresh Scrutiny"
60,2021-03-24,"The electric-car maker will hold the digital currency and handle the crypto transactions internally. Tesla will accept Bitcoin as payment, Elon Musk says."
61,2021-03-25,"The board required that Tesla reinstate the employee and that Mr. Musk delete the tweet. It also required that the company amend its confidentiality agreement. Tesla employee’s firing and Elon Musk tweet on union were illegal, labor board rules."
62,2021-03-15,The German carmaker outlined ambitious goals to build battery factories as it ties its fate to electric cars. Volkswagen Aims to Use Its Size to Head Off Tesla
63,2021-03-15,"The data provides the first glimpse into virus cases at Tesla, whose chief executive, Elon Musk, had played down the severity of the pandemic Hundreds of Tesla workers tested positive for the virus after Elon Musk reopened a plant, data shows."
64,2021-03-13,"The plant, in Fremont, Calif., resumed operations last May in defiance of guidelines issued by local public health officials. Hundreds of Tesla workers tested positive for the virus after Elon Musk reopened a plant, data shows."
65,2021-03-05,Investors appear to be reconsidering the high share price as other automakers offer more electric vehicles. Tesla’s Stock Tumbles Amid Sales Worries and Market Volatility
66,2021-03-11,"The Tesla boss and digital prankster is striking a chord, at a time of disillusionment with the tech industry and its leading tycoons. China’s Jaded Techies Find a Hero in Elon Musk"
67,2021-03-09,"The country’s stance would seem to put it on the wrong side of market trends. But with its huge investment in gasoline-electric hybrids, it has big reasons to proceed slowly. Why Japan Is Holding Back as the World Rushes Toward Electric Cars"
68,2021-03-04,"The 10 percent threshold for a correction is arbitrary, but it is often an indication that investors have turned more pessimistic about the markets. Tech stocks are close to correction territory. Here’s what that means."
69,2021-03-23,Federal officials are looking into a series of recent accidents involving Teslas that either were using Autopilot or might have been using it. Regulators are investigating the role of autonomous driving in 23 Tesla crashes.
70,2021-03-22,"In October 2015, a month after Volkswagen confessed to rigging diesel cars to conceal illegally high emissions, shellshocked company executives gathered in the brick-clad high-rise executive office building topped with a giant VW logo that looms over the carmaker’s main factory in Wolfsburg, Germany. How Volkswagen’s emissions scandal set the stage for a pivot to electric vehicles."
71,2021-03-19,"In the aftermath of a diesel scandal five years ago, executives made a commitment to electric vehicles that now is paying off. How Volkswagen’s Sins Fueled Its Redemption"
72,2021-03-02,The Swedish company would phase out internal combustion engine vehicles faster than other automakers. Volvo Plans to Sell Only Electric Cars by 2030
73,2021-03-30,"“At the end of the day, it was a bit of fun with the name and the brand,” a Volkswagen spokesman said. No, Volkswagen is not renaming itself Voltswagen."
74,2021-03-23,"The Texas city is a hot spot for commercial real estate investment and a magnet for corporations looking to move to a high-tech hub. Bucking the Pandemic, Austin Is ‘the Hottest Market in the Country’"
75,2021-03-09,"As companies and investors increasingly say they are focused on climate and sustainability, the cryptocurrency’s huge carbon footprint could become a red flag. Bitcoin’s Climate Problem"
76,2021-03-08,"Not by buying airplanes. Instead, the newest start-up millionaires are proceeding cautiously. How Do Silicon Valley Techies Celebrate Getting Rich in a Pandemic?"
77,2021-03-14,Biden’s economic relief package has arrived. The Week in Business: Here Comes the Stimulus Cash
78,2021-03-23,"The bull market, born out of the pandemic, has turned a year old. The remarkable turnaround has some analysts wondering if the breakneck pace is sustainable. Stock Rally Poses Question: When Does a Bull Become a Bubble?"
79,2021-03-15,The S.E.C. is making E.S.G. a priority. When Doing Well Means Doing Good
80,2021-03-09,It’s all about the carbon footprint. Why Bill Gates Is Worried About Bitcoin
81,2021-03-29,A margin call on Archegos Capital Management battered stocks and banking giants alike. How a Big Bad Bet Whacked the Markets
82,2021-03-31,The big names behind blank-check companies don’t always stick around. Could changing that protect investors? How to Fix SPACs: Keep Their Backers Locked In Longer
83,2021-03-31,"The president is hoping to make electric vehicles more affordable to turn a niche product into one with mass appeal. Biden’s Push for Electric Cars: $174 Billion, 10 Years and a Bit of Luck"
84,2021-03-18,"The effects of a breach of a car, or fleet, could be devastating. Auto manufacturers and suppliers have aggressive plans, and a lot of firewalls. Carmakers Strive to Stay Ahead of Hackers"
85,2021-03-16,Amazon played hardball in opposing unionization drives. ‘There Was No Mercy’
86,2021-03-10,Lina Khan would bring another progressive voice to competition oversight. The Rise of an Antitrust Pioneer
87,2021-03-26,Alex Rodriguez isn’t like the other athletes getting into blank-check firms. On Sports and SPACs
88,2021-03-24,The bull market is one year old. Can it last? Will This Boom Go Bust?
89,2021-04-26,The electric-car maker’s performance reflected increasing sales and production around the world. Tesla Profit Hits a Quarterly Record
90,2021-04-29,"The company is charging tens of thousands of dollars more to cover roofs with its much-anticipated solar shingles, angering some customers. Tesla’s Latest Solar Stumble: Big Price Increases"
91,2021-04-22,"Test-driving Volkswagen’s ID.4, Ford’s Mustang Mach-E and Volvo’s XC40 Recharge: The green turf where Tesla has dominated for so long is poised to grow crowded. Three Electric S.U.V.s With Tesla in Their Sights"
92,2021-04-27,Bitcoin and emissions credits helped it set a quarterly earnings record. Tesla Makes Money (Including From Selling Cars)
93,2021-04-16,"The EQS has a range of 770 kilometers or about 480 miles, according to Mercedes. If that figure is confirmed, the EQS would dethrone the Tesla Model S Long Range Plus as the electric car with the longest range. Mercedes unveils an electric version of its S-Class that goes farther than a Tesla."
94,2021-04-02,"The sales numbers, which cover the entire world, came a day after General Motors and Ford Motor reported that their U.S. sales were up modestly. Tesla delivered 185,000 cars in the first quarter, twice as many as a year ago."
95,2021-04-13,"The mustangs at a Nevada office park are an example of the outrageous perks that businesses dangle to impress job candidates, but wildlife advocates are pushing back on efforts to market them. The Next Level in Office Amenities: Wild Horses"
96,2021-04-30,"Tesla’s solar ambitions date to 2015 when it announced that it would sell panels and home batteries alongside its electric cars. A year later, Elon Musk, the company’s chief executive, promised that Tesla’s new shingles would turbocharge installations by attracting homeowners who found solar panels ugly. ‘It’s highway robbery’: Tesla’s price increases on solar shingles irk customers."
97,2021-04-08,"A year after starting construction on its first European auto assembly plant on the outskirts of Berlin, Tesla is complaining that German regulations are too slow and inflexible, risking a delay in the opening of the facility. Tesla complains that German bureaucracy may delay its new plant."
98,2021-04-13,"Small investors are becoming a force in the stock market, and company executives are beginning to take notice. Hungry for Investors, Some Companies Woo the Little Guy"
99,2021-04-14,"Dozens of companies are suddenly paying more attention to individual investors. Some companies are focusing on wooing individual investors, who are becoming a market force."
100,2021-04-08,"It’s still not cheap, and it’ll take some skill, but finding the totaled car of your dreams and rebuilding it can give you bragging rights, and a sweet new ride. From the Charred Wreck of a Lamborghini, a D.I.Y. Supercar"
101,2021-04-20,"The country’s top leader warned that the world should not allow “unilateralism pursued by certain countries to set the pace for the whole world.” China’s Xi delivers a message of openness, and a veiled warning to the U.S."
102,2021-04-06,"Chinese rivals to Western names have improved quality and marketing. Now the country’s defiance could give them an edge with young patriots. As China Targets H&M and Nike, Local Brands See Their Chance"
103,2021-04-21,"Arrival, a developer of electric vans and buses, says it has come up with a cheaper way to build vehicles in small factories. But can it deliver on that promise? An E.V. Start-Up Backed by UPS Does Away With the Assembly Line"
104,2021-04-23,President Biden is weighing an end to the carried interest loophole. Private Equity’s Favorite Tax Break May Be in Danger
105,2021-04-14,"With acceptance from traditional investors, a profitable start-up that eases transactions is offering proof of the industry’s staying power. Coinbase’s Public Listing Is a Cryptocurrency Coming-Out Party"
106,2021-04-14,"Technology has moved beyond staged product events. We should, too. We Don’t Need Tech Infomercials"
107,2021-04-27,"What the tech barons think matters. But imagine if those working in the trenches had a bigger voice. To Understand Tech, Look Beyond the C.E.O.s"
108,2021-04-26,Companies defend stratospheric pay for their leaders. Why These C.E.O.s Got Paid So Much in the Pandemic
109,2021-04-23,Deciphering between political rhetoric and dangerous threats online isn’t always easy. When Is Online Nastiness Illegal?
110,2021-04-06,"A lawsuit by Wisk, partly owned by the Google co-founder Larry Page, says two engineers took sensitive files before joining Archer. Electric Aircraft Start-Up Accuses Rival of Stealing Its Secrets"
111,2021-04-15,The internet-connected world is completely dependent on the production of semiconductors. That’s become a problem now that supplies are running short. ‘It’s a Roller-Coaster Ride’: Global Chip Shortage Is Making Industries Sweat
112,2021-04-28,"In a single year, the state’s financial outlook has gone from surplus to deficit to surplus as capital gains tax collections have risen amid a soaring stock market and I.P.O. boom. California Is Awash in Cash, Thanks to a Booming Market"
113,2021-04-12,"A coalition of law firms has joined business leaders in wanting to use their clout to oppose state legislation that would make it harder to vote. Defying Republicans, Big Companies Keep the Focus on Voting Rights"
114,2021-04-29,"Here’s how he plans to spend $4 trillion. Biden’s Big Speech, by the Numbers"
115,2021-04-05,The fight over voting rights shows corporate leaders face pressure to speak out even in the post-Trump era. Companies Can’t Stay on the Political Sidelines
116,2021-04-19,New fund-raising disclosures show a shift in giving. How Corporate Donations Changed After the Capitol Riot
117,2021-04-20,Jamie Dimon of JPMorgan Chase and LeBron James are the latest to get entangled in the debate. The Growing Fallout From the Super League Fight
118,2021-04-30,"The Berkshire chief opposes shareholder proposals on climate and diversity. Buffett Fights With Investors, With His Reputation at Risk"
119,2021-05-13,"Elon Musk, Tesla’s chief executive, blamed the amount of energy, increasingly generated from fossil fuels, used by Bitcoin. Tesla stops accepting Bitcoin as payment for its cars."
120,2021-05-13,"Elon Musk said Tesla would stop accepting Bitcoin as payment for cars, citing environmental reasons, a move that sent the price of the cryptocurrency plunging. Tesla’s U-turn on Bitcoin raises questions of the cryptocurrency’s stability."
121,2021-05-24,"Companies with Bitcoin on their balance sheets may be getting nervous. Three big corporate investors in Bitcoin are Tesla, MicroStrategy and Square. Cryptocurrency prices stabilize after another wild weekend."
122,2021-05-24,"It can be fun to try out new products, but only if we know what we’re signing up for. When It’s OK to Be a Guinea Pig"
123,2021-05-13,"In a sudden U-turn, Tesla stopped accepting the cryptocurrency as payment. But why? Elon Musk Makes a Hard Swerve on Bitcoin"
124,2021-05-02,"The automaker should be able to win back some customers who drifted to Tesla, and hold onto the Tesla-curious. Mercedes EQS Electric Sedan: The S Stands for Stunning"
125,2021-05-04,Buying an electric car can be exciting and bewildering. Consider what kind of car you want and need and where you will charge. Buying an Electric Vehicle? Here Is Some Advice.
126,2021-05-12,"Lordstown Motors is one of a dozen electric vehicle start-ups that have wowed investors with big plans to revolutionize the auto industry.But in February, a prototype it was testing in Michigan caught fire. Then, in April, another prototype dropped out of a 280-mile off-road race in Baja California after just 40 miles. Lordstown is also being investigated by the Securities and Exchange Commission, and its stock has tumbled from a high of about $30 last year to less than $8.The swift rise and stunning decline of Lordstown are emblematic of the recent mania for E.V. businesses that are far from making a product, let alone selling it, Neal E.  Boudette and Matthew Goldstein report for The New York Times. That frenzy has been driven by investors looking for the next Tesla, a pioneer in the industry that has a strong sales lead over other electric-car makers.But Lordstown seems far from achieving its goal of churning out electric pickup trucks starting in September and becoming a challenger to G.M. and Ford Motor. Wall Street is having second thoughts about electric vehicle start-ups like Lordstown Motors."
127,2021-05-05,"The cryptocurrency that started as a joke is up by roughly 14,000 percent this year. Dogecoin continues its scarcely believable surge."
128,2021-05-13,"The company said rivals were swarming the market and increasing competition and that it was spending heavily on marketing and development to keep ahead of its competitors. Coinbase made $771 million in profit in the first quarter, benefiting from crypto mania."
129,2021-05-20,"Ford unveiled an electric version of its popular F-150 pickup truck on Wednesday called the Lightning, signaling a shift in the auto industry’s electric vehicle push, which so far has been aimed at niche markets. Ford’s base model electric F-150 will cost $40,000 and can go 230 miles on one charge."
130,2021-05-26,"Ford has gone from being a relative latecomer to battery-powered vehicles to making them a central focus. Last week it introduced the F-150 Lightning, an electric truck. Ford will spend $30 billion on electric vehicles, a big increase from earlier plans."
131,2021-05-07,"Even as a chip shortage is causing trouble for all sorts of industries, the semiconductor field is entering a surprising new era of creativity, from industry giants to innovative start-ups seeing a spike in funding from venture capitalists that traditionally avoided chip makers, Don Clark reports for The New York Times. New ideas are flooding into the semiconductor industry even as chip shortages remain."
132,2021-05-12,"Lordstown Motors said it would start producing and selling electric pickup trucks this year, but there is little evidence it is ready to do so. Its stock has tumbled from a high of about $30 last year to around $8. Bottom Drops Out of the Red-Hot Market for Electric Vehicle Start-Ups"
133,2021-05-24,What if Time Warner had gotten a fateful phone call earlier in 2016? An Alternate Reality for the WarnerMedia Deal
134,2021-05-24,Many in Silicon Valley promised that self-driving cars would be a common sight by 2021. Now the industry is resetting expectations and settling in for years of more work. The Costly Pursuit of Self-Driving Cars Continues On. And On. And On.
135,2021-05-23,"Electric cars get all the attention, but truckmakers are also under pressure to shift from fossil fuels to electricity. World’s Largest Long-Haul Truckmaker Sees Hydrogen-Fueled Future"
136,2021-05-19,"If it sells well, an electric version of the best-selling vehicle in the U.S. could help accelerate the move to battery-powered transportation. Ford’s Electric F-150 Pickup Aims to Be the Model T of E.V.s"
137,2021-05-19,"Stocks slumped for a third day as a bust in cryptocurrencies bled into the broader markets, pulling the S&P 500 and Nasdaq lower. Stocks drop for a third day following Bitcoin’s crash and inflation concerns."
138,2021-05-14,Glauber Contessoto went looking for something that could change his fortunes overnight. He found it in a joke cryptocurrency. He’s a Dogecoin Millionaire. And He’s Not Selling.
139,2021-05-08,"For many midlevel engineers and food truck workers and longtime residents, a region filled with extremes has become increasingly inhospitable. Seeing the Real Faces of Silicon Valley"
140,2021-05-03,Investors care more about economic data and corporate profits than an increase in the capital gains tax. It has usually been this way. Why Biden’s Plan to Raise Taxes for Rich Investors Isn’t Hurting Stocks
141,2021-05-18,Refocusing on wireless and repaying debt are new priorities. AT&T Just Undid a Big Deal. Here’s What Comes Next.
142,2021-05-01,"Warren Buffett was upbeat about his company’s increase in earnings in the first quarter. And, at the shareholders’ meeting, he defended Berkshire’s efforts on dealing with climate change. Berkshire Hathaway Shows a Rebound From the Pandemic"
143,2021-05-07,"While a variety of industries struggle with supplies, semiconductor experts say there are plenty of new ideas and, most surprising, start-ups. Despite Chip Shortage, Chip Innovation Is Booming"
144,2021-05-27,"Its sales climbed, and it racked up awards for safety and more. How Mazda Rode Out the Pandemic While Rivals Slipped"
145,2021-05-04,"Fueled with money from Wall Street and local officials, automakers plan to build eight million electric cars a year there, more than Europe and North America combined. As Cars Go Electric, China Builds a Big Lead in Factories"
146,2021-05-07,"Employers are debating the pros and cons of mandating workers to get vaccinated. Can Companies Require Vaccination, and Should They?"
147,2021-05-10,The ransomware attack on Colonial Pipeline is a sobering reminder about cybersecurity. Cybercrime Hits the Pump
148,2021-05-17,Spinning out WarnerMedia and merging it with Discovery caps a reversal on years of big acquisitions. AT&T Unwinds Billions’ Worth of Deal-Making
149,2021-05-04,"Jimmy Donaldson, 22, is out to become the Elon Musk of online creators. Mr. Beast, YouTube Star, Wants to Take Over the Business World"
150,2021-05-03,Wealthy executives and corporate giants are giving $250 million to influence policy and counter violence. Big Business Takes on Anti-Asian Discrimination
151,2021-05-19,Marianne Lake and Jennifer Piepszak get new roles — and are potentially pitted against each other. JPMorgan Shakes Up the Race to Succeed Jamie Dimon
152,2021-05-04,The split of Bill and Melinda Gates raises questions about the fate of their vast fortune. The Big Stakes in the Gates Divorce
153,2021-05-06,U.S. support for suspending patent protections increasingly pits policymakers against drug makers. The Vaccine Liberation Movement Gets a New Ally
154,2021-05-06,"A race is on to produce lithium in the United States, but competing projects are taking very different approaches to extracting the vital raw material. Some might not be very green. The Lithium Gold Rush: Inside the Race to Power Electric Vehicles"
155,2021-06-29,Federal safety regulators told automakers to provide more information about accidents involving cars and trucks with automation technology. Crashes involving Tesla Autopilot and other driver-assistance systems get new scrutiny.
156,2021-06-03,The automaker said its financial results in the first half of the year would be “significantly better” than it had previously forecast. G.M. will increase production of cars and trucks as the chip shortage eases.
157,2021-06-15,"Lordstown said last week that it needed to raise more money and might not survive. Now, the company’s new executive chairwoman has said “It’s a new day at Lordstown Motors.” In an about-face, Lordstown Motors says it has enough money and will start building trucks."
158,2021-06-23,"With the pandemic starting to ease in the United States, many had expected a year of wild investments to slow. It hasn’t. Yet. No End to Whiplash in Meme Stocks, Crypto and More"
159,2021-06-17,"Younger buyers are helping feed a growing field of app- and web-based services. Last year, millennials topped baby boomers for the first time as new-car buyers. Happy to Shun Showrooms, Millennials Storm the Car Market"
160,2021-06-03,"The company’s stock dropped, recovered and fell again after AMC said in a regulatory filing that it would sell an additional 11.55 million shares. AMC’s shares whipsaw after it tries to capitalize on its stock’s eye-popping rally."
161,2021-06-14,How a powerful industry conquered the U.S. tax system. Private Equity’s Biggest Tax Tactics
162,2021-06-16,General Motors’ push to increase E.V. spending follows an announcement by Ford that it would start making an electric version of its F-150 pickup truck this year. G.M. will increase investment in electric vehicles by 30 percent and build more battery plants.
163,2021-06-02,Tencent’s popularity may help it avoid trouble with Beijing. But its vast power could still squelch innovation in the world’s largest online market. Why China’s Most-Hated Internet Company Decided to Play Nice
164,2021-06-18,"Investors have been adjusting their expectations for interest rates, leading to a turbulent stretch for the stock market. Stocks Drop as Wall Street’s Unease Stretches to a Fourth Day"
165,2021-06-02,More on the study that says the media giant used international tax networks to cut its bill. How ViacomCBS Saved Billions in Taxes
166,2021-06-08,YouTube seems to have shown that it’s possible to both upend an industry and help make it stronger. YouTube Isn’t the Music Villain Anymore
167,2021-06-09,"Analysts credit the new chief executive, Jim Farley, with energizing the automaker, which still faces challenges. Faltering for Years, Ford Is Showing Signs of a Revival"
168,2021-06-03,"The theater chain altogether raised more than $1.2 billion in capital this quarter, thanks in part to Reddit traders, but cautioned that the stock could still sink. AMC Cashes In on Meme Stock Mania, Raising $587 Million"
169,2021-06-14,"The company’s top executive resigned after the struggling automaker released an investigation by its board. Lordstown, Truck Maker That Can’t Afford to Make Trucks, Is on the Brink"
170,2021-06-28,The ICP crypto token was worth billions. Until it wasn’t. How a Buzzy Cryptocurrency Fizzled
171,2021-06-09,The energy giant’s stunning loss was the work of a tiny hedge fund that believes investing for social good is also good for the bottom line. Exxon’s Board Defeat Signals the Rise of Social-Good Activists
172,2021-06-08,The recovery of ransom paid by the Colonial Pipeline operator allays some worries about cryptocurrency — but worries others. The Debate Over Hacking Ransomware Hackers
173,2021-07-26,The electric car company made $1 billion in the second quarter as its revenue roughly doubled from the same period a year earlier. Tesla reports a big jump in profit.
174,2021-07-22,"Elon Musk wanted to tap German engineering expertise, but may have gotten more local culture than he had bargained for. Tesla’s Factory Near Berlin Runs Into Activists, Red Tape and Lizards"
175,2021-07-05,"A California family that lost a 15-year-old boy when a Tesla hit its pickup truck is suing the company, claiming its Autopilot system was partly responsible. Tesla Says Autopilot Makes Its Cars Safer. Crash Victims Say It Kills."
176,2021-07-02,"Tesla said sales doubled in the second quarter, but Ford reported a more modest increase as the industry grapples with a semiconductor shortage. As Sales Climb, Automakers Struggle to Produce Enough Cars"
177,2021-07-06,"Automakers are struggling to keep up with demand as a global shortage of computer chips is limits how many cars and trucks they can make. Tesla sales are way up, but Ford and others are still grappling with a semiconductor shortage."
178,2021-07-22,"The automaker said it would invest 40 billion euros, or $47 billion, on electric cars, vans and light commercial vehicles by 2030. Mercedes-Benz will shift its focus to electric vehicles by 2025."
179,2021-07-28,Ford has had to halt or slow production of highly profitable models like the F-150 pickup truck and various sport-utility vehicles. Ford profit drops 50 percent because of a global chip shortage.
180,2021-07-29,Federal prosecutors charged Trevor Milton with misleading investors about the technology for battery- and hydrogen-powered vehicles Nikola had hoped to make. Nikola Founder Is Charged With Fraud in Rebuke to Wall Street
181,2021-07-21,"The companies plan to begin offering the service this year, expanding later to Austin, Texas. A human will still be behind the wheel. Lyft will team up with Ford and a self-driving car start-up to offer rides in Miami."
182,2021-07-30,America’s tech companies have been leading the way for how large employers should aid in the country’s pandemic response. Credit to Tech’s Pandemic Leadership
183,2021-07-13,Didi Chuxing is just the tip of the iceberg. China’s Tech Crackdown Could Hit Wall Street’s Wallet
184,2021-07-29,The gap keeps widening between the super rich tech superstars and the merely super. There’s one possible explanation. Big Tech Has Outgrown This Planet
185,2021-07-14,A new law allows autonomous vehicles in everyday use and provides legal consistency lacking in the United States. How Germany Hopes to Get the Edge in Driverless Technology
186,2021-07-16,"Hoping to form stronger bonds with their fans, companies like Hasbro and Mattel are making once-in-a-lifetime toys through crowdfunding and other online strategies. Toymakers Create Their Dream Projects (but Ask for Money Upfront)"
187,2021-07-06,The latest targets include homegrown giants like Didi Chuxing. China Escalates Its Fight Against Big Tech
188,2021-07-14,More experts think higher prices will stay for a while. What if Inflation Isn’t ‘Transitory’?
189,2021-07-26,New outbreaks have companies weighing their options. Corporate America Rethinks Vaccine Mandates
190,2021-07-27,Aon’s abandoned deal could be a sign of things to come. Biden’s Antitrust Team Talks Its Way to a Win
191,2021-07-15,"Critics said the pandemic would make the industry flee San Francisco and its southern neighbor, Silicon Valley. But tech can’t seem to quit its gravitational center. Tech Workers Who Swore Off the Bay Area Are Coming Back"
192,2021-07-22,It’s giving retail investors much more of its I.P.O. than is the norm. Robinhood Rewrites the Rules for Going Public
193,2021-07-13,"A longtime real estate investor and former Goldman Sachs executive decided to take an electric truck company public. Chaos ensued. Behind the Lordstown Debacle, the Hand of a Wall Street Dealmaker"
194,2021-08-20,"As the company deals with government scrutiny of its driver-assistance technology, an add-on kit sold for up to $10,000 is also getting more attention. Tesla Sells ‘Full Self-Driving,’ but What Is It Really?"
195,2021-08-16,It will be the broadest look yet at Tesla’s assisted-driving technology. The National Highway Traffic Safety Administration has the authority to force a recall or require new safety features. U.S. Will Investigate Tesla’s Autopilot System Over Crashes With Emergency Vehicles
196,2021-08-17,A 2019 crash in Florida highlights how gaps in Tesla’s driver-assistance system and distractions can have tragic consequences. ‘It Happened So Fast’: Inside a Fatal Tesla Autopilot Accident
197,2021-08-12,A longtime critic of the Tesla chief executive explains why his bets against the car company haven’t paid off. The Elan of Elon Musk
198,2021-08-06,A push to increase sales of electric vehicles favors companies that already have all-electric cars on the market and could penalize those that don’t. How Biden’s E.V. Plan Could Help Tesla and Squeeze Toyota
199,2021-08-27,"Auto analysts consider Rivian one of the most viable electric vehicle start-ups in what is expected to be a very competitive market. Rivian, Electric Truck Maker Backed by Amazon and Ford, Files for I.P.O."
200,2021-08-17,The lawsuit could have far-reaching consequences for the entire blank-check industry. Bill Ackman’s SPAC Gets Sued
201,2021-08-09,"President Biden has made conversion to E.V.s a pillar of climate policy. But government incentives mostly help affluent buyers, not average families. Electric Cars for Everyone? Not Unless They Get Cheaper."
202,2021-08-22,"Tesla is facing the broadest investigation yet into its assisted-driving technology, which it calls Autopilot. The Week in Business: Turning Up the Heat on Tesla"
203,2021-08-03,"What’s in the $1 trillion proposal, from broadband and bridges to ports and pedestrian crossings. Inside the Epic Infrastructure Bill"
204,2021-08-10,"Coinbase has shown that a large, profitable and legal business can be built to service the growing groups of people who want to use the digital currencies. Coinbase rides cryptomania to a $1.6 billion quarterly profit."
205,2021-08-17,"Amazon might not be the best shopping site, but using it can feel like magic. How Amazon Won Shopping"
206,2021-08-10,"Unlike its global rivals, the German carmaker has not set a date to phase out gas-powered cars, and investors aren’t pleased. BMW says its next model will prove critics wrong. BMW Has Fallen Behind in the Electric Vehicle Race. Can It Catch Up?"
207,2021-08-20,"The recall now covers the car’s entire output, beginning with the 2017 version. The latest move, to add three model years, raises costs by $1 billion. G.M. Expands Chevrolet Bolt Recall Over Battery Fire Concern"
208,2021-08-10,Climate change and other big problems won’t be solved by tech alone. Tech Can’t Fix It
209,2021-08-20,"His marquee item in the auction, an Airstream trailer bought in the “Sleepless in Seattle” era, brought in over $200,000. Tom Hanks Sells 4 Vehicles From His Collection"
210,2021-08-04,The latest corporate vaccine mandates cover more types of workers — and customers. ‘Vaccinated or You Can’t Come In’
211,2021-08-05,"As hybrid offices become the norm, remote workers risk being forgotten by management. Beware Remote Bias"
212,2021-08-30,A group of law firms lined up to condemn lawsuits filed against the contentious blank-check investment vehicles. A SPAC Counterattack
213,2021-08-06,How to interpret the latest numbers. The Labor Market’s Message
214,2021-08-23,The high-profile tech investor’s origin story is unique in the industry. Cathie Wood’s Calling
215,2021-08-20,The investor’s response to a lawsuit marks another twist in his efforts to save his billion-dollar blank-check vehicle. Bill Ackman’s SPAC Deal Gets Messier
216,2021-08-27,The agreement to allow developers to promote payment options outside the App Store may give Apple the upper hand in bigger fights to come. Apple’s Shrewd App Store Settlement
217,2021-09-16,"Tesla, which makes about two-thirds of electric vehicles sold in the United States, has long produced the cars with the best range. Lucid Motors beats Tesla in range, going 520 miles on a charge, the E.P.A. says."
218,2021-09-01,The request by the National Highway Traffic Safety Administration is part of an investigation into Tesla cars crashing into parked emergency vehicles. Tesla is ordered to turn over Autopilot data to a federal safety agency.
219,2021-09-08,Small trucks from Ford and Hyundai are joining a growing field of electric models as America’s go-to vehicle adapts to an evolving market. The Mighty Pickup Slims Down
220,2021-09-07,"The United States has about 100,000 public chargers, far fewer than Europe and China. It needs 10 times as many, auto experts say, to complete the switch from combustion engine vehicles. Biden’s Electric Car Plans Hinge on Having Enough Chargers"
221,2021-09-08,"This week, a more efficient type of battery arrives in a wristband fitness tracker. It could soon reach smart glasses, cars and even aircraft. Your Batteries Are Due for Disruption"
222,2021-09-27,"The automaker and a supplier will spend $11.4 billion on three battery factories and a truck plant, creating 11,000 jobs. Ford Will Build 4 Factories in a Big Electric Vehicle Push"
223,2021-09-15,"The service will roll out in Miami, Washington and Austin, Texas, with a half dozen vehicles equipped with Argo’s technology. Walmart will test a self-driving delivery service with Ford and Argo."
224,2021-09-02,The automaker is suspending production of some of its most profitable vehicles. G.M. will idle more factories this month as a chip shortage drags on.
225,2021-09-27,The digital media company Ozy was close to securing a $40 million investment from Goldman Sachs before things got weird. A Strange Voice on the Phone
226,2021-09-03,Businesses that expressed opposition to restrictive voting laws are declining to take a similar stand on the abortion measure. Companies Stay Quiet on Texas’ New Abortion Law
227,2021-09-27,"High demand and soaring energy prices have forced some factories to shut down, adding further problems for already snarled global supply chains. Power Outages Hit China, Threatening the Economy and Christmas"
228,2021-09-02,A new bill overhauling election laws is putting corporate pledges on ballot access to the test. The Business of Voting in Texas
229,2021-09-08,"A jury will decide whether Ms. Holmes, who founded Theranos and hawked a mission of revolutionizing health care, lied to investors about her company’s technology. The Trial of Theranos’s Elizabeth Holmes Opens"
230,2021-09-23,"As the nation shifts to electric vehicles, picture well-kept but long discontinued gas-powered pickups, especially in areas where charging stations may be sparse. Rural America’s Roads Might Resemble Cuba in 20 Years"
231,2021-09-17,"Chancellor Angela Merkel steered Europe through crises, and Germany has boomed during her tenure. But she has ducked changes needed to ensure the success lasts, analysts say. Merkel Leaves the German Economy With Trouble Under the Hood"
232,2021-09-28,The property giant’s success mirrored the country’s transformation from an agrarian economy to one that embraced capitalism. Its struggles offer a glimpse of a new financial future. China and Evergrande Ascended Together. Now One Is About to Fall.
233,2021-09-13,"The race to make electric vehicles is turning some places into winners. Normal, Ill., is one of them. But it has seen good times go sour in the past. Can a Green-Economy Boom Town Be Built to Last?"
234,2021-09-20,The biggest accounting firms take advantage of the government’s revolving door. How Tax Giants Write Their Own Rules
235,2021-09-30,"Two months after introducing a pioneering coronavirus vaccine requirement for all of its workers, the food-processing giant details its progress. How Tyson’s Vaccine Mandate Is Working"
236,2021-09-10,The White House’s latest effort to tackle Covid-19 includes a mandate for businesses with over 100 employees. Biden Pushes Companies on Vaccine Mandates
237,2021-09-27,"The digital media company has raised eyebrows for its claims about its audience size for years. Then came the strange voice on the phone. Goldman Sachs, Ozy Media and a $40 Million Conference Call Gone Wrong"
238,2021-10-26,"The car maker attained $1 trillion market value, but it’s different from others in that group in some big ways. Tesla Joins an Exclusive Club"
239,2021-10-25,"The order, to be fulfilled between now and the end of next year, is a sign of the growing momentum in the shift toward electric cars. Tesla Value Tops $1 Trillion After Hertz Orders 100,000 Cars"
240,2021-10-20,"The automaker also reported a big jump in revenue, to $13.8 billion from $8.8 billion a year ago, as sales of the Model Y continue to rise. Tesla’s quarterly profit nearly quintuples to $1.6 billion as car sales surge."
241,2021-10-21,"A Harris County sheriff’s constable said in April that evidence at the scene of the accident suggested that no one was driving the car when it crashed. N.T.S.B. says Tesla owner was in the driver’s seat in fatal crash, contradicting local officials."
242,2021-10-13,"In a letter, the National Highway Traffic Safety Administration reminded Tesla that federal law requires automakers to initiate recalls if they find defects that pose a safety risk. U.S. regulator questions Tesla on the lack of a recall after an update to Autopilot."
243,2021-10-07,"Elon Musk announced the move at the company’s annual shareholder meeting, hosted at a factory Tesla is building near Austin. Tesla Will Move Its Headquarters to Austin, Texas, in Blow to California"
244,2021-10-08,"While its C.E.O., Elon Musk, and the state’s conservative lawmakers share libertarian sensibilities, they differ greatly on climate change and renewable energy. Are Tesla and Texas a Perfect Match? It’s Questionable."
245,2021-10-05,"A jury agreed with Owen Diaz that Tesla had created a hostile environment at its factory in Fremont, Calif. Jury orders Tesla to pay $137 million to a former worker over racist treatment."
246,2021-10-04,The National Highway Traffic Safety Administration said battery fires in Tesla’s electric vehicles when no crash was involved were “rare events.” A safety agency finds no cause to investigate Tesla battery safety.
247,2021-10-02,The electric-car maker has weathered the global shortage of semiconductors better than more established rivals. Tesla Reports Record Quarterly Deliveries Amid Chip Scarcity
248,2021-10-29,There is evidence the change to Meta is more than window dressing. Could a New Name Help Facebook After All?
249,2021-10-01,"The company, which is backed by Amazon and Ford, is seeking to sell shares in one of the biggest initial public offerings of the year. Rivian, an Electric Vehicle Start-Up, Reveals Large Losses in Its I.P.O. Filing"
250,2021-10-06,"G.M. said it would develop ride-hailing services that use autonomous cars, create insurance products and expand its defense contracting work. G.M. Hopes Electric Cars and New Businesses Will Help Double Its Revenue"
251,2021-10-29,It’s a $19 cloth. Apple’s Most Back-Ordered New Product Is Not What You Expect
252,2021-10-05,Prolonged outages of Facebook apps marked another bad day for the social media giant. Going Down
253,2021-10-08,Larry Fink is giving some investors more say over voting their shares. BlackRock’s Transfer of Power
254,2021-10-04,A Facebook whistle-blower explains her motivations. ‘Profit Over Safety’
255,2021-10-14,"Amid a shortage of new cars, many buyers have been forced to kick the tires of overlooked models and brands. With Car Lots Sparse, Shoppers Drive Home in Their Second Choice, or Third …"
256,2021-10-29,The S&P 500 rose nearly 7 percent for the month as strong earnings reports and progress toward a spending deal in Washington helped investors shake off a number of concerns. Wall Street’s climb makes October the best month for stocks this year.
257,2021-10-07,President Biden is making another push for companies to require workers to be inoculated against the coronavirus. What’s Delaying Vaccine Mandates?
258,2021-10-01,"General Motors, Toyota, Honda, Stellantis and Nissan reported recent declines as problems in the global supply chain held down output and inventories. Chip Shortage Makes Big Dent in Automakers’ U.S. Sales"
259,2021-10-28,"Some people and businesses seeking to use solar panels, batteries and electric vehicles find they can’t because utility equipment needs an upgrade. Old Power Gear Is Slowing Use of Clean Energy and Electric Cars"
260,2021-10-31,"By selling battery-powered S.U.V.s and luxury sedans in places like Germany and Norway, China is striving to become a force in the global auto industry. China’s Popular Electric Vehicles Have Put Europe’s Automakers on Notice"
261,2021-10-27,"The world is facing an energy credit crunch in part because of Wall Street’s E.S.G. focus, warned Steve Schwarzman of Blackstone. Why This Billionaire Is Worried About Green Investing"
262,2021-10-25,Leaders are weighing a new charge on unrealized capital gains for the ultrawealthy. The New Billionaire Tax in Democrats’ Sights
263,2021-10-14,Persistently high inflation is a problem for the Fed and the White House. Everything Is Getting More Expensive
264,2021-10-20,"Tim Cook, Mary Barra and Matthew McConaughey are among the headliners. Meet the Lineup for the DealBook Online Summit"
265,2021-10-03,"The story behind the story is about the elite investors who plowed millions into a media dream without much due diligence, persuaded by the charm of Ozy’s head, Carlos Watson. What They Saw in Ozy"
266,2021-10-21,"The co-working company’s trading debut follows a failed I.P.O., a pandemic and more. WeWork Hits the Stock Markets"
267,2021-11-30,"The electric car company is helping Chinese companies become global players in the emerging industry, posing a competitive threat to traditional rivals. In China, Tesla Is a Catfish, and Turns Auto Companies Into Sharks"
268,2021-11-24,"Herbert Diess, the chief executive, seeks to cast VW as a dynamic, modern company, but his style risks the ire of its powerful works council. He’s Steering Volkswagen, With His Eyes on Beating Tesla"
269,2021-11-18,Peter Rawlinson engineered the Tesla Model S. His new Lucid Air sedan is a direct challenge to Tesla’s dominance. He Helped Build Tesla. Now He’s Gunning for It.
270,2021-11-16,"The 2018 tweet, in which Mr. Musk claimed he had secured funding to take Tesla private, initially sent the automaker’s shares soaring. But they sank when it became clear that no such deal had been reached. JPMorgan says Tesla owes it $162 million because of an Elon Musk tweet."
271,2021-11-11,"The sales so far were considerably short of the $20 billion worth he promised over the weekend that he would sell. Elon Musk sells $5 billion in Tesla shares, partly to cover taxes on stock options."
272,2021-11-09,"Since Friday, Tesla has shed about $200 billion in market valuation. Tesla shares slide 12 percent as Musk’s stock-sale pledge continues to reverberate."
273,2021-11-02,"Hertz had said that it would convert more than 20 percent of its rental fleet to Tesla’s cars, a deal that helped propel Tesla’s stock value beyond $1 trillion for the first time. Elon Musk says Tesla has not signed a deal with Hertz yet."
274,2021-11-18,Shares in Lucid Motors and Rivian are soaring. Can that last? Investors Are Charging Up Electric-Vehicle Stocks
275,2021-11-08,"He asked whether he should sell 10 percent of his stock, and Twitter voters said yes. Stock options he was granted in 2012 are “a ticking tax time bomb,” one expert said. Behind Elon Musk’s Twitter Poll Is a Tax Bill Coming Due"
276,2021-11-08,Is the Tesla chief about to sell a big chunk of his shares? Elon Musk’s ‘Ticking Tax Time Bomb’
277,2021-11-10,"The electric-vehicle maker, backed by Amazon and Ford, ended its first day of trading valued at $86 billion, though its deliveries so far total 156. Rivian I.P.O. Is Embraced by Investors Looking for Another Tesla"
278,2021-11-10,"The company, backed by Amazon and Ford, has delivered only 156 trucks so far, but its market worth approaches that of Ford. Rivian will start trading today after an I.P.O. valuing it at nearly $70 billion."
279,2021-11-01,"The company updated registration documents with the Securities and Exchange Commission on Monday. Rivian edges closer to an I.P.O., seeking a valuation above $50 billion."
280,2021-11-25,"The R1T can haul five tons, conquer brutal off-road trails and sprint to 60 miles an hour in a blink. And about that Camp Kitchen tucked inside … Rivian’s Electric Truck Is a Cutie and a Beast"
281,2021-11-25,"They’re in fobs or on phones, and digital or “smart,” and they can do far more than just open doors and start the engine. The Car Key of the Future (Is Still in Your Pocket)"
282,2021-11-12,Has the president found a corner of the market that has faith in his pledge to contain rising prices? These Investors May Believe Biden on Inflation
283,2021-11-11,"China, inflation, electric vehicles, deplatforming and other hot topics dominated the DealBook Online Summit this year. What We Learned From Tim Cook, Antony Blinken, Mary Barra and More"
284,2021-11-09,"“I think it’s reasonable to own it as part of a diversified portfolio,” Apple’s chief executive said at the DealBook Online Summit. Tim Cook has invested in cryptocurrency personally, but Apple has no plans to do so."
285,2021-11-20,"Ford remains an investor, but its own E.V. development plans have progressed since the partnership was announced. Ford and Rivian no longer plan to work jointly on electric vehicles."
286,2021-11-10,"What we want to know from Secretary of State Antony Blinken, G.M.’s Mary Barra, the podcast hosts Dax Shepard and Monica Padman, and more. China, Electric Vehicles and More at the DealBook Online Summit"
287,2021-11-16,An Indigenous clan fears it will lose its place in the world as the government pursues a quest to open a spaceport and lure the billionaire SpaceX founder Elon Musk. Will an Island in Indonesia Become a New Frontier in the Space Race?
288,2021-11-02,"A fast-growing part of the cryptocurrency industry needs more oversight, the Treasury Department warns. Regulators Sound the Alarm on Stablecoins"
289,2021-11-16,"The former Treasury secretary Hank Paulson will urge President Biden and President Xi Jinping of China to ease tensions, or risk disaster. A Call to Avert a U.S.-China Cold War"
290,2021-11-22,"The gift was the largest yet for the foundation and was among several splashy donations in recent months by Mr. Bezos, one of the world’s richest people. Jeff Bezos gives $100 million to the Obama Foundation."
291,2021-11-16,"Demand for residences that produce as much energy as they consume is being spurred by climate concerns, consumer appetite and more affordable solar technology. Energy-Efficient Isn’t Enough, So Homes Go ‘Net Zero’"
292,2021-11-17,Many local governments see a silver lining in the shortage of semiconductor chips that has contributed to a slowdown in the global economy. Visions of a U.S. Computer Chip Boom Have Cities Hustling
293,2021-11-15,President Biden is set to sign $1 trillion in infrastructure spending into law. But rising prices will determine what happens to his social bill. Inflation Will Make or Break the Next Spending Bill
294,2021-11-24,"It’s the season, so some business leaders have opened up about why they’re grateful. Here’s What C.E.O.s Are Thankful For"
295,2021-11-23,Dismay over Olympics organizers’ assertion that the Chinese tennis star is safe and well may put pressure on the games’ corporate partners. Will Olympics Sponsors Face Blowback Over Peng Shuai?
296,2021-12-23,A federal regulator said the electric vehicle maker agreed to disable the feature after an investigation was opened. Tesla agrees to stop letting drivers play video games in moving cars.
297,2021-12-22,"Drivers can be distracted playing games while the vehicle is in motion, the National Highway Traffic Safety Administration said, following a New York Times report earlier this month. U.S. Is Investigating Tesla Feature That Lets Drivers Play Video Games"
298,2021-12-30,"The recalls, which Tesla initiated on Dec. 21, affect about 350,000 Model 3s and 120,000 Model S cars. Tesla Recalls Some Sedans Over Two Safety Defects"
299,2021-12-07,The feature raises fresh questions about whether Tesla is compromising safety as it rushes to add new technologies. A New Tesla Safety Concern: Drivers Can Play Video Games in Moving Cars
300,2021-12-06,"The automaker may have undermined safety in designing its Autopilot driver-assistance system to fit its chief executive’s vision, former employees say. Inside Tesla as Elon Musk Pushed an Unflinching Vision for Self-Driving Cars"
301,2021-12-08,"“We are aware of driver concerns and are discussing the feature with the manufacturer,” the National Highway Traffic Safety Administration said in a statement. Safety agency says it is looking into Tesla video games that can be played while moving."
302,2021-12-23,"When the U.S. ordered companies to report accidents involving driver-assistance tech, Tesla was thought to be the motivation. But 108 companies were listed, showing how widespread the testing may be. Public Streets Are the Lab for Self-Driving Experiments"
303,2021-12-16,"The company, which began trading on the stock exchange last month, said it lost $1.2 billion in the third quarter. Rivian, an E.V. maker with big ambitions but few sales, will build a new factory in Georgia."
304,2021-12-14,"The company’s Lexus brand will only sell electric cars by 2030 in China, Europe and the United States. Toyota, lagging rivals, outlines plans to expand sales of electric vehicles."
305,2021-12-06,Ray Dalio is trying to explain comments about doing business there. Another Corporate Leader Clarifies His Remarks on China
306,2021-12-07,The chip maker’s Israeli subsidiary builds driver-assistance technology for major automakers and is now testing self-driving cars. Intel will take its Mobileye automotive unit public in 2022.
307,2021-12-09,"Herbert Diess, who angered workers by mentioning the possibility of job cuts, will hand over some authority to a deputy. Volkswagen’s C.E.O. keeps his job, but loses some responsibilities."
308,2021-12-22,Everyone knows the biggest winner from electric cars: Tesla. Few outside the auto industry know the other big winner: the battery maker CATL. How China Makes Electric Car Batteries
309,2021-12-07,Netflix and TikTok have supercharged fame. Netflix and the Internet of Fads
310,2021-12-07,"The automaker plans to develop new vehicles based on software that will let it sell entertainment, navigation and other subscription services to buyers of its cars and trucks. Stellantis will spend $34 billion on software and new vehicles."
311,2021-12-03,The S&P 500 is down nearly 4 percent since Omicron first began to make headlines. Stocks slide again after the jobs report sends mixed signals on the economy.
312,2021-12-10,"The company will make electric pickups at an existing plant and batteries at a factory built with a partner, a person with knowledge of the plan said. G.M.’s electric vehicle efforts reportedly include a bigger presence in Michigan."
313,2021-12-22,"The limited supply of new and used vehicles is forcing some Americans to go to great lengths to find and buy them, including traveling to dealers hundreds of miles away. Want to Buy a Car? You Might Have to Get on a Plane to Claim It."
314,2021-12-23,"In a year filled with bad news, there were reasons for optimism as well. What We’re Looking Forward To in 2022"
315,2021-12-09,"The last time the S&P 500 had a negative real earnings yield, analysts said, was in 2000, before the tech bubble burst. Corporate profits are not keeping up with inflation, a warning sign for the market."
316,2021-12-22,"Beijing gave CATL lavish subsidies, a captive market of buyers and soft regulatory treatment, helping it to control a crucial technology of the future. Why a Chinese Company Dominates Electric Car Batteries"
317,2021-12-16,Chinese and Russian industrial giants seek to tap mineral deposits vital to electric cars. A Texas entrepreneur has his own strategy: the long game. Green-Energy Race Draws an American Underdog to Bolivia’s Lithium
318,2021-12-20,The World Economic Forum postponed its annual gathering of business and government leaders over fears of the Omicron variant. A Davos Deferred
319,2021-12-15,There is more suspense than usual surrounding the central bank’s latest policy meeting. What Will the Fed Say?
320,2021-12-20,The S&P 500 fell amid grim forecasts about the Omicron variant and a setback in efforts to pass a comprehensive domestic policy bill. Markets sink on Omicron fears and a critical setback on the U.S. spending plan.
321,2021-12-22,"In 2021, the tech titans became both more powerful and more vulnerable. The Year in Tech Empires"
322,2021-12-15,"In the start-up world, there can be big payoff for investing and little incentive for asking questions. Theranos and the Logic of Start-Up Bets"
323,2021-12-18,DealBook recaps the most memorable moments of a record-breaking year in deal making. The Deals of the Year
324,2021-12-10,"The agency’s chief, Gary Gensler, wants to regulate the blank-check funds more tightly, as initial public offerings are. The S.E.C. Wants to Cut SPACs Down to Size"
325,2021-12-08,Six cryptocurrency chiefs will testify about the promises and perils of their industry. Crypto Moguls Prepare for Capitol Hill
326,2021-12-09,Market watchers see warning signs in the relentless rise of stocks. What Goes Up …
327,2021-12-07,New revelations about how the merger came to be could complicate efforts to take the former president’s media company public. The S.E.C. Turns Up the Heat on Trump’s SPAC Deal
328,2021-12-21,President Biden hopes more testing will stave off renewed restrictions. The Race to Avoid Omicron Lockdowns
329,2021-12-13,"After deadly tornadoes hit a facility owned by Amazon, concerns were raised about its safety practices and business model. A New Focus on Amazon Warehouses"
330,2022-01-26,"The carmaker had a profit of $5.5 billion as sales of its electric vehicles kept soaring, especially in China and Europe. Tesla reports record yearly profit but warns that supply problems persist."
331,2022-01-20,"IG Metall, the German union that represents autoworkers, said a vote for a works council, which helps set factory policies, had been scheduled for Feb. 28. As Tesla’s plant in Germany nears completion, a union raises concern."
332,2022-01-08,The yawning disparity between the performance of the electric car company and established automakers last year reflects the technological change roiling the industry. Why Tesla Soared as Other Automakers Struggled to Make Cars
333,2022-01-02,The electric-car maker managed substantial growth as Europe and China increasingly propelled sales. Tesla Reports 87% Increase in 2021 Deliveries
334,2022-01-04,"Senator Marco Rubio criticized the electric carmaker for opening the outlet in a region where China has been accused of targeting Muslims. Tesla opens a dealership in Xinjiang, drawing accusations it’s helping China ‘cover up genocide.’"
335,2022-01-17,"The popularity of battery-powered cars is soaring while the overall auto market stagnates, a worldwide trend. Sales of Electric Vehicles Surpass Diesel in Europe, a First"
336,2022-01-10,Hollywood’s disrupted awards season is as much about box office as it is about self-congratulation. Must the Shows Go On?
337,2022-01-04,"After struggling to produce cars because of a global computer chip shortage, automakers are trying to move quickly to making electric vehicles. Toyota Topped G.M. in U.S. Car Sales in 2021, a First for a Foreign Automaker"
338,2022-01-26,"The price of Bitcoin has fallen more than 50 percent from its peak in November, which could prove costly for institutions that have bought into digital currencies. The I.M.F. urges El Salvador to end its embrace of crypto as Bitcoin tumbles."
339,2022-01-05,Japan’s electronics giant introduced a new version of a prototype S.U.V. that runs on batteries. Sony takes a step toward the electric car market with a new subsidiary.
340,2022-01-13,"The S&P 500 fell 1.4 percent, while the Nasdaq composite slid 2.5 percent, losses that wiped out gains made by both benchmarks over the past two days. Stocks drop as turbulence continues on Wall Street."
341,2022-01-25,The S&P 500 fell nearly 3 percent before bouncing back somewhat in a second day of turbulent trading. Wall Street’s swings continue as investors agonize over the Fed’s next move.
342,2022-01-28,"The S&P 500 rose 2.4 percent, its biggest one-day jump since June 2020. But some analysts cautioned against reading too much into a single day’s bounce. Stocks rally, erasing losses from a turbulent week."
343,2022-01-06,"Business leaders promised a reckoning after the Jan. 6 riots. They’ve altered some practices, and returned to others. How Corporate America Has Changed After the Capitol Attack"
344,2022-01-27,The two automakers and Mitsubishi plan to strengthen their alliance by adding 35 electric models to their lineups by 2030. Nissan and Renault seek stronger ties with a commitment to electric cars.
345,2022-01-05,"Here we go again: Virtual reality, now called “the metaverse,” will be a thing. So will the smart home. The Tech That Will Invade Our Lives in 2022"
346,2022-01-18,The company has big plans to turn its delivery fleet green. But very few of the vehicles are made right now. Can Anyone Satisfy Amazon’s Craving for Electric Vans?
347,2022-01-27,"Trading has been volatile all week, with the S&P 500 dropping on Tuesday and Wednesday. Stocks fall again as investors weigh G.D.P. report with fears of higher interest rates."
348,2022-01-27,"The company’s revenue and profit beat Wall Street expectations, easing concerns that supply chain problems and the coronavirus were a drag on sales. Apple’s profit jumps to $34.6 billion in holiday quarter despite supply issues."
349,2022-01-26,"Wild swings in stocks haven’t shown up in other assets. In Some Markets, Cooler Heads Are Prevailing"
350,2022-01-04,The Theranos founder was found guilty of defrauding investors. What does that mean for Silicon Valley? The Verdict Is In on Elizabeth Holmes
351,2022-01-05,We aren’t buying more smartphones. So how is this smartphone company making crazy money? The Meaning of Apple at $3 Trillion
352,2022-01-27,"A year later, many issues linger for the trading app at the center of the frenzy. Robinhood’s Meme-Stock Hangover"
353,2022-01-27,"How does a TikTok star make a living? In a zillion different ways. Making Money Online, the Hard Way"
354,2022-01-18,A dispute over “web3” in the cryptocurrency industry was publicly exposed in a Twitter spat between Jack Dorsey and Marc Andreessen. Here’s what it’s all about. Tales From Crypto: A Billionaire Meme Feud Threatens Industry Unity
355,2022-01-04,The case against the founder of the failed blood testing start-up Theranos came to symbolize the pitfalls of Silicon Valley’s culture of hustle and hype. Elizabeth Holmes is found guilty of four counts of fraud.
356,2022-01-03,"The start of 2022 has echoes of the last two years, but the landscape is also changing. How to Keep Things Open"
357,2022-01-05,"Organizers insist that the conference, which formally kicks off today, had to return in-person. CES Tests an Appetite for Live Events"
358,2022-01-25,"Stocks recovered after a sharp drop, but they are looking shaky again. Was the Market Sell-Off Overdone?"
359,2022-01-18,"Companies thinking beyond profits isn’t “woke,” the BlackRock founder argued in his latest letter to Wall Street chiefs. Larry Fink Defends Stakeholder Capitalism"
360,2022-01-28,The exit of SoftBank’s chief operating officer comes as the tech giant faces huge challenges. Marcelo Claure Leaves Masa Son’s Orbit
361,2022-01-14,"The Supreme Court blocked the Biden administration’s rule, making corporate policies more fraught. Companies’ Vaccine Mandates Get Messier"
362,2022-01-07,The Supreme Court will consider challenges to the policies today. Biden’s Vaccine Mandates Hit the High Court
363,2022-01-21,Shares in Netflix and Peloton soared in the early part of the pandemic. Now they’re tumbling. When Pandemic Stars’ Shines Dim
364,2022-02-17,Some drivers have complained that cars using the company’s Autopilot system have been slowing down suddenly even when there are no hazards ahead. Regulators open an investigation into ‘phantom braking’ by Teslas.
365,2022-02-10,"The suit comes months after a jury awarded a former Black employee at the electric carmaker’s San Francisco-area factory $137 million. California sues Tesla, saying the company permitted racial discrimination at its factory."
366,2022-02-07,"The electric carmaker disclosed the new legal issues in its annual report to securities regulators, which was made public on Monday. Tesla faces renewed scrutiny over racial bias and Elon Musk’s tweets."
367,2022-02-15,"Mr. Musk gave just over five million shares of Tesla to charity in November, making him the second-biggest donor last year, behind only Bill Gates and Melinda French Gates. Elon Musk quietly donated nearly $6 billion last year. Where did it go?"
368,2022-02-01,"Tesla told the federal regulator that rolling stops were allowed only at intersections when no cars, pedestrians or bicyclists were detected but agreed to disable the feature. Tesla Recalls Cars With Full Self-Driving to Prevent Rolling Stops"
369,2022-02-15,"The Tesla chief quietly disclosed a huge donation, but didn’t say where it went. Who Got Elon Musk’s Billions?"
370,2022-02-09,"The electric vehicle maker’s stock surged after a public offering last fall but has since plunged, in part because the company failed to meet its 2021 goals. Rivian Loses Its Shine as Investors Fret About Production Delays"
371,2022-02-08,"Faulty computer systems are prompting class-action lawsuits by disgruntled car owners, a symptom of automakers’ bumpy transition to the digital age. As Automakers Add Technology to Cars, Software Bugs Follow"
372,2022-02-08,"Booming in a depressed market, battery-powered vehicles are a plus for the climate but pose a big threat to carmakers and parts suppliers that are slow to change. Why This Could Be a Critical Year for Electric Cars"
373,2022-02-28,The electric car start-up cited supply chain problems. Lucid Motors Will Produce Fewer Cars Than Expected
374,2022-02-03,"Ford ended the year with more revenue than General Motors for the second year in a row. Ford earned $17.9 billion in 2021, bolstered by a large gain on its Rivian stake."
375,2022-02-07,"Chasing Tesla, companies like Lucid are finding that starting an E.V. from scratch has its advantages. A comparison with Mercedes-Benz’s new EQS shows how. Lucid Air: A Fresh Face With 500 Miles to a Charge, and Horsepower to Spare"
376,2022-02-22,The move would raise money as the automaker invests heavily in electric cars and batteries. Volkswagen is considering a plan to spin off Porsche in a public offering.
377,2022-02-17,The broad nature of Thursday’s decline pointed to more than one reason. Oil prices and yields on government bonds also fell. Sell-off of stocks deepens as Ukraine adds to investors’ worries.
378,2022-02-04,"Stephen Scherr, who served as chief financial officer at Goldman Sachs until the end of last year, will take over Hertz and join its board on Feb. 28. Hertz hires a former Goldman Sachs finance chief as its C.E.O."
379,2022-02-01,"The company made $10 billion in profit for 2021, a 55 percent increase from 2020. G.M. expects production to return to normal this year as a chip shortage eases."
380,2022-02-22,The global implications of the escalating conflict remain hard to figure. The Economic Stakes of the Ukraine Crisis
381,2022-02-18,"Chamath Palihapitiya, a prolific sponsor of blank-check funds, is stepping down as chairman of Virgin Galactic. A Quiet Exit for a ‘SPAC King’"
382,2022-02-03,Mark Zuckerberg delivered bad news for shareholders of Facebook’s parent company. Meta’s ‘Unmitigated Disaster’ of a Quarter
383,2022-02-02,"Alphabet, Exxon Mobil, UPS and others gave shareholders reasons to stay optimistic. Investors See Hope in Big Corporate Profits"
384,2022-02-14,Opening arguments in a case tied to the 1MDB bribery scandal will begin today. A Dark Moment for Goldman Sachs Goes to Trial
385,2022-02-18,"The debacle over Olympic sponsorship shows how the U.S.-China relationship has turned into a minefield for companies trying to do business in both countries. For Companies, Winning in China Now Means Losing Somewhere Else"
386,2022-02-01,"The chaos at ports, warehouses and retailers will probably persist through the year, and perhaps even longer. A Normal Supply Chain? It’s ‘Unlikely’ in 2022."
387,2022-02-25,The ripple effects of Russia’s invasion of Ukraine are coming into focus. Sanctions and Consequences
388,2022-02-10,"Wages are growing fast, but prices are rising even faster. Who Benefits From Higher Prices?"
389,2022-02-08,"Rumors, restructuring and resignations loom over the former high-flying fitness company. What Is Peloton Worth?"
390,2022-02-16,Remington’s settlement with Sandy Hook families shows how a federal shield for the gun industry could be circumvented. A Blueprint for Suing Gun Makers Emerges
391,2022-03-22,"The $7 billion plant will eventually produce half a million S.U.V.s a year, the company said. Elon Musk opens Tesla’s first European plant, near Berlin."
392,2022-03-04,"German authorities cleared the plant, which was built near Berlin, to open for production. Tesla plans to build 500,000 electric cars a year there. Tesla Wins Approval to Open European Assembly Plant"
393,2022-03-02,"E.V. operations will focus on technology and growth while the traditional business continues to chase profits. “You can’t have people work on both at the same time,” the chief executive said. Ford Splits Into Electric and Gas Divisions to Speed Up Transition"
394,2022-03-03,"A wireless infrastructure company is betting it can figure out how to locate and install charging stations for a growing wave of new vehicles. When Electric Cars Rule the Road, They’ll Need Spots to Power Up"
395,2022-03-07,"The prize: batteries that would be cheaper, faster to charge and less vulnerable to raw material shortages. Whoever gets there first will have a major advantage. Carmakers Race to Control Next-Generation Battery Technology"
396,2022-03-23,"The automaker, which was created by the merger of Fiat Chrysler and Peugeot, has lagged in the fast-growing market for electric cars. Stellantis, maker of Chryslers and Jeeps, and LG will spend $4 billion on a new battery factory in Ontario."
397,2022-03-16,"Focusing on electric vehicles, Volkswagen aims for growth in North America, though it could face tough competition. Volkswagen eyes U.S. market as war in Ukraine disrupts European production."
398,2022-03-04,The two Japanese giants said they would form a company that would make battery-powered cars in Honda’s factories. Sony and Honda Announce Tie-Up to Make Electric Cars
399,2022-03-24,"The new company, which is aiming to go public this year, has performance E.V.s planned, with Volvo’s safety in its DNA. With Multiple Personalities, Polestar Plots Its Post-Volvo Course"
400,2022-03-21,"The sport utility vehicle, made in Tennessee, is one of more than 20 E.V. models that General Motors plans to roll out in the U.S. within three years. Cadillac Lyriq Starts Production, Expanding G.M.’s Electric Lineup"
401,2022-03-10,The two cars share some corporate technology but stand out in different ways. Another trait they share? Price tags mostly in six figures. Porsche Taycan and Audi e-Tron GT: An Electric Family Tree
402,2022-03-07,"The war in Ukraine has highlighted the risks of doing business with authoritarian countries — not just Russia, but also China. Car Industry Woes Show How Global Conflicts Will Reshape Trade"
403,2022-03-10,"The company said it expected to produce only 25,000 electric vehicles this year, adding a new cloud to its outlook only months after a hot I.P.O. Rivian Pares Delivery Targets for 2022, Citing Supply Problems"
404,2022-03-23,The markets are sending mixed signals. Measuring the Risk of Recession
405,2022-03-01,A new how-to guide aims to support the start-ups that are chugging along and doing just fine. A Spotlight on Tech’s Invisible Start-ups
406,2022-03-31,"Stocks rose 3.6 percent in March, after the S&P 500 rebounded sharply from its lowest point of the year. Wall Street rebounded in March even as worries grew over Ukraine and inflation."
407,2022-03-09,Foreign companies and tech powers are increasingly pressured to cut ties over political crises. But then what? Will Russia’s Isolation Last?
408,2022-03-17,"The bubble hasn’t exactly burst, but we’re no longer seeing a fantastical belief in the power of technology. Some of the Tech Magic Is Gone"
409,2022-03-31,"The Grenadier from INEOS Automotive, brought to life by the billionaire Jim Ratcliffe, is poised to arrive this year. A Rugged Newcomer Looks to Fill a Void Left by Land Rover"
410,2022-03-17,"Frunks are just the start — think Cybertruck, not Focus. For Car Designers, E.V.s Offer a Blank Canvas"
411,2022-03-31,The story of one shipping container from a factory in China to a warehouse in the United States traces the arc of a global supply chain consumed by trouble. This Is What Happens When Globalization Breaks Down
412,2022-03-22,"Facing intense criticism, the crypto mining industry is trying to change the view that its energy-guzzling computers are harmful to the climate. Bitcoin Miners Want to Recast Themselves as Eco-Friendly"
413,2022-03-12,"Mykhailo Fedorov, Ukraine’s youngest minister, has turned technology, cryptocurrency and social media into modern weapons of war. Shaming Apple and Texting Musk, a Ukraine Minister Uses Novel War Tactics"
414,2022-03-09,The isolation of the Russian economy is striking in its speed and scope. A New Iron Curtain Is Falling
415,2022-03-07,"Climbing energy prices are roiling markets. As Oil Goes Up, Stocks Go Down"
416,2022-03-21,What Ketanji Brown Jackson’s nomination to the Supreme Court means for corporate America. Business Reckons With a Historic Court Moment
417,2022-03-29,The White House’s latest budget proposal enumerates its biggest policy priorities. Inside Biden’s $5.8 Trillion Wish List
418,2022-03-03,International pressure is forcing Russian billionaires to offload their assets. The Squeezing of the Oligarchs
419,2022-03-13,"Citing more blackouts, wildfires and higher electricity rates, a growing number of homeowners are choosing to build homes that run entirely on solar panels and batteries. Frustrated With Utilities, Some Californians Are Leaving the Grid"
420,2022-03-02,"From inflation to manufacturing and technology, the president’s annual address to Congress was heavy on economic issues. Biden Talks Business in the State of the Union"
421,2022-04-29,He raised $8.5 billion in a series of sales this week and said he didn’t have plans to sell any more. Elon Musk sells billions in Tesla stock as he prepares to buy Twitter.
422,2022-04-20,"The electric carmaker had to close an important factory in Shanghai because of China’s efforts to stamp out a coronavirus outbreak. Tesla’s profits jumped in the first quarter, but challenges loom."
423,2022-04-27,"Tesla is highly traded, and Elon Musk’s sale of more than $16 billion worth of stock last year did not appear to push share prices lower. Musk may be about to sell some Tesla stock. How would that affect markets?"
424,2022-04-14,"While rejecting the automaker’s motion for a new trial, a federal judge said damages totaling $15 million were warranted. Judge reduces $137 million penalty against Tesla over factory racism."
425,2022-04-08,"Delays in producing the pickup have allowed rivals like Ford to beat Tesla to market with electric pickups. Tesla Will Sell Its Long-Awaited Cybertruck Next Year, Elon Musk Says"
426,2022-04-02,"The electric carmaker maintained its momentum from last year even as larger automakers continue to struggle with parts shortages. Tesla’s Sales Jumped in the First Quarter, Bucking Industry Trend Again"
427,2022-04-27,Mr. Musk had challenged an agreement he reached with securities regulators after he claimed that he had the funding to take Tesla private. Judge refuses to strike down Elon Musk’s settlement with the S.E.C. over his Twitter posts.
428,2022-04-30,"Financially speaking, the billionaire’s buyout of the social media network breaks all the usual rules. Can Elon Musk Make Twitter’s Numbers Work?"
429,2022-04-26,"Musk plans to buy Twitter with a mix of cash and debt, split into these three parts. How Will Elon Musk Pay for Twitter?"
430,2022-04-29,"Elon Musk has invested heavily in China, where officials are willing to influence or punish companies that cross political red lines. Musk’s Ties to China Could Create Headaches for Twitter"
431,2022-04-26,"Big technology companies are set to report earnings starting Tuesday. The S&P 500 has dropped nearly 8 percent this month, its worst monthly showing since March 2020. Stocks drop 2.8%, led lower by tech, as April’s slump continues."
432,2022-04-29,"A shrinking G.D.P., Amazon’s slowing revenue and supply chain woes all point to the economic engine shifting down a gear. Is the U.S. Economy Headed for a Slowdown?"
433,2022-04-26,"Twitter has accepted the $44 billion takeover offer, but there are plenty more questions to be answered about the company’s future. What’s Next for Elon Musk and Twitter"
434,2022-04-21,Mr. Musk has been building a stake in the social media company and last week made an unsolicited offer to acquire it outright. Elon Musk details his plan to pay for a $46.5 billion takeover of Twitter.
435,2022-04-21,"A debate over taxes is rapidly unraveling Florida’s long relationship with Disney, with broader implications for corporate America. Disney vs. Florida"
436,2022-04-19,"The world’s richest man is trying to shore up debt financing, including potentially taking out a loan against his shares of Tesla, so he can buy Twitter for $43 billion. Elon Musk Races to Secure Financing for Twitter Bid"
437,2022-04-20,"As major airlines and some public transit operators drop requirements to wear face coverings, further conflicts may be on the horizon. The End of Mask Mandates"
438,2022-04-16,"The billionaire in pursuit of Twitter has often been described as a libertarian, but he has not shrunk from government help when it has been good for business. The Elusive Politics of Elon Musk"
439,2022-04-14,The Tesla chief executive has a history of incorporating a cannabis term into business decisions. Musk’s Twitter bid appeared to include a recurring reference to marijuana.
440,2022-04-11,The world’s wealthiest man decided not to join Twitter’s board after all. Elon Musk Backs Out
441,2022-04-08,"China’s Covid lockdowns and restrictions are holding up truck drivers who carry crucial components among factories and take products to ports, posing a new disruption to the global supply chain. Lockdowns in China Block Truck Shipments and Close Factories"
442,2022-04-07,Gun control advocates are petitioning the Federal Trade Commission to investigate the firearms industry’s marketing practices. How Guns Are Sold
443,2022-04-06,The company is plugging $30 million into a start-up co-founded by one of Silicon Valley’s favorite scientists. Koch Industries’ Bet on Batteries
444,2022-04-05,"Free speech, open-source algorithms — and an edit button: The world’s richest person will soon help steer the social media platform where he has a huge following. Elon Musk Joins Twitter’s Board, Pitching Ideas Big and Small"
445,2022-04-18,Ford’s chief executive is about to introduce an electric F-150 pickup truck that could determine whether the automaker can survive and thrive in an industry dominated by Tesla. Jim Farley Tries to Reinvent Ford and Catch Up to Elon Musk and Tesla
446,2022-04-26,"Deliveries of the F-150 Lightning, Ford’s most important new vehicle in many years, will begin in the coming week, it said. Ford says it has produced 2,000 electric F-150 pickup trucks."
447,2022-04-14,"Elon Musk could pledge his Tesla shares, borrow from banks or team up with private equity to raise the funds. Each option comes with caveats. Musk Says He Has the Means to Buy Twitter, but Investors Aren’t So Sure"
448,2022-04-04,"The Tesla chief executive, who has been critical of Twitter’s content moderation policies, has bought 9.2 percent of the social media company. Elon Musk becomes Twitter’s largest shareholder."
449,2022-04-26,"Revenue for the first three months of the year jumped 11 percent from a year earlier, the automaker reported. G.M.’s profits fell 3% in the first quarter as chip shortages limited production."
450,2022-04-15,Twitter’s board is considering Elon Musk’s offer. Here are the possible next steps. Here’s what the takeover could mean.
451,2022-04-19,"As subscriber growth slows, Netflix and others show less resistance to introducing ads. The Next Big Thing in Streaming"
452,2022-04-14,"A lawsuit contends that investors who sold shares late last month may have lost out on potential gains. Disclosure issues could complicate Musk’s Twitter bid, legal experts say."
453,2022-04-11,"Mr. Musk, Twitter’s biggest shareholder, is free to buy more stock in the company and could use the platform against itself. Some employees are dismayed. Twitter Grapples With an Elon Musk Problem"
454,2022-04-26,Twitter would have to pay if it signed a deal with another suitor. Mr. Musk would have to pay if his financing falls apart. Elon Musk’s deal for Twitter includes a $1 billion breakup fee.
455,2022-04-30,Elon Musk joined an amicus brief that could have big implications for how the S.E.C. brings cases and whether defendants who settle can ever talk about them. Musk Joins Moguls to Kill S.E.C. ‘Gag Orders’ at the Supreme Court
456,2022-04-11,"The announcement reverses a decision last week, when Twitter said Mr. Musk would become a board member after amassing a 9.2 percent stake in the company. Elon Musk Will Not Join Twitter’s Board, Company Says"
457,2022-04-07,"For now, supply may be constrained, but Hyundai is putting a big bet on building electrics for the American market. Hyundai’s Ioniq 5 Nods to Past While Pushing Toward E.V. Future"
458,2022-04-05,"Inflation and gas prices are causing pain, but for millions, a rising stock market and increased homeowners’ equity are providing an unusual degree of security. Are You Better Off Financially Than You Were Five or 10 Years Ago? We Want to Hear About It."
459,2022-04-25,The Tesla chief executive has criticized Twitter’s content moderation policies and advocated open-source algorithms. 4 ways Twitter could change under Elon Musk.
460,2022-04-14,The Tesla chief executive made an offer worth more than $40 billion to buy Twitter and take it private. Elon Musk Wants All of Twitter
461,2022-04-21,"The boutique British carmaker, known for lightweight sports cars more than supermarket runs, is planning to expand production substantially as it goes fully electric. Lotus Adds an S.U.V., With Eyes on Mainstream Appeal"
462,2022-04-25,"The government most commonly intervenes when a company is buying a competitor. Regulators are unlikely to block Musk’s purchase of Twitter, former officials say."
463,2022-04-24,The company’s 11-member board met with Mr. Musk to discuss his offer to buy the social networking service and take it private. An agreement could come as soon as Monday. Twitter Nears a Deal to Sell Itself to Elon Musk
464,2022-04-28,The social media company reported a 16 percent jump in daily active users from a year ago. Twitter reports growth in revenue and users as Elon Musk prepares to take over.
465,2022-04-25,"The world’s richest man succeeded in a bid to acquire the influential social networking service, which he has said he wants to take private. With Deal for Twitter, Musk Lands a Prize and Pledges Fewer Limits"
466,2022-04-28,"He doesn’t own the company yet, but Elon Musk’s criticisms of Twitter executives are making waves. Musk Is Already Shaking Up Twitter"
467,2022-04-18,Investors have been skeptical that Elon Musk would be able to cobble together the funds needed to buy Twitter. Apollo is said to be considering participating in a bid for Twitter.
468,2022-04-04,"The automakers’ performance in the first three months was in line with that of other companies, like General Motors and Toyota. Ford and Stellantis say car sales fell at the start of the year."
469,2022-04-30,It’s highly unusual to move from a “poison pill” to a $44 billion deal in under two weeks. But Twitter’s board ran out of options. How Twitter’s Board Went From Fighting Elon Musk to Accepting Him
470,2022-04-14,"The billionaire executive recently became one of the company’s largest shareholders. Now he says he wants to buy the whole thing and change how it handles speech. Elon Musk, After Toying With Twitter, Now Wants It All"
471,2022-04-27,The automaker was hurt by a sharp drop in the value of its holding in Rivian and by a global chip shortage that has limited production. Ford lost $3.1 billion in the first quarter.
472,2022-04-01,"Despite strong job growth, all the positions lost during pandemic may not be regained. Is U.S. Employment at Its Peak?"
473,2022-04-22,Its abrupt closure is raising doubts about the crowded field of streaming services. The End of CNN+
474,2022-04-26,"The company’s decision to sell seems to have been based purely on the financials, with little if any regard for other stakeholders. Selling Twitter to Elon Musk Is Good for Investors. What About the Public?"
475,2022-04-15,The company is intent on fending off the billionaire’s bid to buy it in a deal that could be worth more than $40 billion. Twitter Counters a Musk Takeover With a Time-Tested Barrier
476,2022-04-18,"After Twitter’s board put in place a poison pill provision, Elon Musk appears to be hinting at the possibility of a hostile bid. The big questions about what happens next in Elon Musk’s bid for Twitter."
477,2022-04-14,The country’s zero-tolerance policy for coronavirus cases has analysts downgrading China economic growth forecasts. China’s economy pays a price as lockdowns restrict nearly a third of its population.
478,2022-04-25,Negotiations ran long into the night as Musk’s offer to buy Twitter and take it private looks increasingly likely to go ahead. The Elon Musk-Twitter Endgame
479,2022-04-26,"Tech’s big shots have learned again and again that free speech isn’t so simple. What happens when Mr. Musk owns Twitter? Buying Twitter, Elon Musk Will Face Reality of His Free-Speech Talk"
480,2022-04-14,What would Twitter look like with Musk as its sole proprietor? Elon Musk Is a Digital Citizen Kane
481,2022-04-25,"China is meddling with free enterprise as it hadn’t in decades. The results are familiar to those old enough to remember: scarcity, and the rise of black markets. Covid Lockdowns Revive the Ghosts of a Planned Economy"
482,2022-04-19,"For a decade, warnings about a tech bubble have only led to more money flooding into high-growth start-ups. Could this one be it? The Tech Bubble That Never Burst"
483,2022-04-11,"Under pressure to cut emissions, truck manufacturers are choosing between batteries and hydrogen fuel cells. Wagering incorrectly could cost them billions of dollars. Truck Makers Face a Tech Dilemma: Batteries or Hydrogen?"
484,2022-04-21,It’s unlikely that you’ll be watching kitten videos one day and believing in QAnon the next. The YouTube Rabbit Hole Is Nuanced
485,2022-04-25,Workers say they have been left largely in the dark about what a sale to the billionaire will mean for them and their shares in the company. Twitter Employees Search for Answers as Musk Takeover Becomes Reality
486,2022-04-12,"Yelp is the latest to pay for employees to travel out of state for treatment, responding to a recent Texas law that bans abortions after six weeks. More Companies Take a Stand on Abortion"
487,2022-04-18,"Will he go hostile, what is Twitter really worth and more. Five Big Questions for Elon Musk and Twitter"
488,2022-04-08,The potential takeover of Spirit Airlines will test the way that trustbusters review deals. The Last Major Airline Deal?
489,2022-04-27,"The president made a campaign promise to erase billions in college loans, but his economic advisers are split on whether he should follow through. Biden’s Student Loan Dilemma"
490,2022-05-20,Production problems in China and Elon Musk’s pursuit of Twitter are leading investors to wonder whether the electric car company is worth as much as they thought. Tesla’s Aura Dims as Its Plunging Stock Highlights the Risks It Faces
491,2022-05-18,"S&P cited racial discrimination claims in deciding to exclude the electric carmaker from a listing of socially responsible companies. Sustainability Index Drops Tesla, Prompting Insult from Musk"
492,2022-05-15,"They’re quieter and better for the climate. But snow and water create new technological challenges for designers. The Tesla Effect: Snowmobiles, Boats and Mowers Go Electric"
493,2022-05-06,"The company recently moved to Texas, which is home to some of the country’s most restrictive abortion laws. Tesla will cover transportation costs for employee abortions."
494,2022-05-06,"The chief executive’s debt load, his divided attention and Twitter’s own challenges could all take a toll on his electric-car company. Why Musk’s Twitter Bid Has Shaken Tesla Investors"
495,2022-05-26,"The $61 billion combination is one of the biggest of the year, and may signal more tech deals to come. With VMware deal, Broadcom reaches for the cloud"
496,2022-05-19,The billionaire railed against E.S.G. after Tesla was dropped from a popular index. Elon Musk’s Next Target
497,2022-05-16,"Mr. Musk has been creating confusion around whether the Twitter deal will close, causing the social media company’s share price to fall. Elon Musk says a lower price for Twitter is ‘not out of the question.’"
498,2022-05-13,Some early morning tweets fed into speculation that he could back out of the deal. Is Elon Musk Backing Away from Twitter?
499,2022-05-12,"The General Motors chief says efficiencies, innovations and learning from mistakes will allow her company to become a leader in electric vehicles. Mary Barra’s ‘Long Game’: Winning the E.V. Race"
500,2022-05-06,The Federal Reserve’s efforts to slow inflation might hit hiring as well. How Long Can the Hot Job Market Continue?
501,2022-05-05,The Tesla challenger said it continued to have problems finding needed parts. Lucid Motors sticks to its production target despite a slow quarter.
502,2022-05-05,"Fully electric vehicles have fewer fires than gasoline-powered and hybrid cars, and their crash protection is at least equivalent. Hurdle to Broad Adoption of E.V.s: The Misperception They’re Unsafe"
503,2022-05-03,"To a degree unseen in any other mogul, the world’s richest man acts on impulse and the belief that he is absolutely right. ‘I Don’t Really Have a Business Plan’: How Elon Musk Wings It"
504,2022-05-27,"The regulator questioned whether the Tesla chief executive had disclosed his stake at the right time. S.E.C., in letter to Elon Musk, says it is scrutinizing his Twitter share purchases."
505,2022-05-13,"Mr. Musk said he wanted to confirm Twitter’s findings that spam and fake accounts make up less than 5 percent of its users. Musk Says His Twitter Takeover Is ‘On Hold,’ Then Says He’s ‘Still Committed’"
506,2022-05-05,"The filing lists a number of investment firms and other backers who will contribute $7 billion to the deal. Elon Musk has brought in new investors to fund his Twitter deal, a filing shows."
507,2022-05-11,The company encountered supply-chain problems and investor concern after its initial public offering last year gave it a huge market value. Rivian shares surge after the E.V. maker affirms its 2022 production goal.
508,2022-05-02,A stock market dive complicates the fight against inflation. The Federal Reserve’s Tough Spot
509,2022-05-25,"Twitter did not do enough to tell its users that the personal data it had collected was used partly to help marketers target ads, the F.T.C. and Justice Department said. Twitter is fined $150 million in privacy settlement, as Elon Musk commits more equity to fund deal."
510,2022-05-31,"What an embargo means for oil prices, plus a one-issue candidate whose issue is Elon Musk. Tightening the Squeeze on Russia"
511,2022-05-04,"Mr. Musk, who has a deal to buy the platform, said accounts for casual users would always remain free. Elon Musk suggests Twitter could charge commercial and government accounts."
512,2022-05-16,"In a memo on Monday, the company said it wanted to ensure that its employees had “access to quality health care.” Starbucks will cover travel expenses for employees seeking abortions."
513,2022-05-24,"The automaker, which owns Jeep and Ram, is seeking to catch up in a global race to build electric cars and trucks. Stellantis and Samsung to spend $2.5 billion on an electric vehicle battery plant in Indiana."
514,2022-05-19,"The new policies are being added even as Elon Musk, who is in the process of acquiring the company, aggressively criticizes its moderation rules. Twitter expands content-moderation rules to cover crises like war and disasters."
515,2022-05-10,"Mr. Musk has said he wants Twitter to be a forum for debate, and he called the barring of Mr. Trump “morally wrong.” The former president has said he would not rejoin the platform. Elon Musk says he would ‘reverse the permanent ban’ of Donald Trump on Twitter."
516,2022-05-06,"Here’s what Mr. Musk is projecting for Twitter’s finances over the next few years, according to a pitch deck he presented to investors. Inside Elon Musk’s Big Plans for Twitter"
517,2022-05-05,The notion of a return to some kind of prepandemic normal without intervention has been abandoned. The Fed Signals Urgency
518,2022-05-31,"Will this meltdown permanently damage the tech world, or is this one more temporary blip? It’s Doom Times in Tech"
519,2022-05-12,An internal memo shared with employees said the platform’s general manager and general manager for revenue would be departing. Twitter fires two executives and freezes most hiring after Musk’s deal to buy the company.
520,2022-05-07,"When Florida revoked Disney’s tax privileges, business leaders were shocked. Now, a Supreme Court leak has made some of them terrified of speaking out. More than a decade after the rise of the employee activist movement, corporate America faces tougher decisions. Companies Are Stuck Between Their Workers and Politicians"
521,2022-05-20,"The world of deal making has always been rough and tumble. But Mr. Musk blows any predecessors away. Even Among Corporate Raiders, Elon Musk Is a Pirate"
522,2022-05-16,"Gunmen say they are influenced by online screeds and broadcasts of past shootings. Do social media sites have a responsibility to rein in hateful and violent content? After Buffalo Shooting Video Spreads, Social Platforms Face Questions"
523,2022-05-23,"A Russian-owned refinery, linked to a Soviet-era pipeline, is a reminder of Germany’s past and a stumbling block to efforts to cut off Russian oil. The Refinery Standing Between Germany and an Oil Embargo"
524,2022-05-17,Mr. Musk called on Twitter to provide more data about the number of spam and fake accounts on the social media site. Elon Musk says Twitter deal ‘cannot move forward’ without more information.
525,2022-05-05,"Many marketers were already lukewarm on the service. Now, some may move their money elsewhere if the content moderation policies are relaxed. Elon Musk Hates Ads. Twitter Needs Them. That May Be a Problem."
526,2022-05-10,"Their houses are piggy banks, their retirement accounts are up and their bosses are eager to please. When the boom ends, everything will change. For Tens of Millions of Americans, the Good Times Are Right Now"
527,2022-05-12,Some crypto insiders say they saw the implosion of TerraUSD coming. Other stablecoins could also run into trouble. A Stablecoin ‘Death Spiral’
528,2022-05-17,"Plus, latest crypto crash causes regulators to push for new investor protections. Musk vs. the Bots"
529,2022-05-16,The former Federal Reserve chair warns that the U.S. could be headed for a period of “stagflation.” Bernanke’s Economic Warning
530,2022-06-21,"Tesla shifted to selling cars entirely online in 2019. Now, some established automakers, like Ford, are talking about taking a similar approach. Why You Might Buy Your Next Car Online"
531,2022-06-09,NHTSA will take a broad look at whether the electric-car maker’s driver-assistance system can increase the risk of crashes. Federal safety agency expands its investigation of Tesla’s Autopilot system.
532,2022-06-15,The National Highway Traffic Safety Administration released data on 10 months of crashes involving cars with automated components. A few were fatal. Tesla Autopilot and Other Driver-Assist Systems Linked to Hundreds of Crashes
533,2022-06-08,"Automakers and technology companies say they are making driving safer, but verifying these claims is difficult. How Safe Are Systems Like Tesla’s Autopilot? No One Knows."
534,2022-06-03,"The electric carmaker has been growing fast in recent years, but Elon Musk, its chief executive, appears to be concerned about a weakening economy. Tesla to Cut 10% of Salaried Staff, Musk Tells Employees"
535,2022-06-27,A risky compensation plan at Tesla paid off and laid the groundwork that has pushed other executives’ compensation sky high. Elon Musk Fuels Record C.E.O. Paydays
536,2022-06-16,"Mr. Musk answered questions from Twitter’s 8,000 workers for the first time in a virtual meeting on Thursday. Elon Musk tells Twitter’s employees he wants the service to ‘contribute to a better, long-lasting civilization.’"
537,2022-06-01,"In emails to workers at SpaceX and Tesla, Mr. Musk said they were required to spend a minimum of 40 hours a week in the office. Elon Musk to Workers: Spend 40 Hours in the Office, or Else"
538,2022-06-21,A BuzzFeed report raises questions about Biden’s approach to TikTok and Chinese deal-making. Biden’s TikTok Problem
539,2022-06-21,"The possibility of an economic downturn has become a major point of discussion, with chatter on Wall Street, in the White House and beyond. What people are saying about the chance of a U.S. recession."
540,2022-06-06,The President’s comment on Friday dismissing the billionaire entrepreneur is the latest barb in Biden’s unfortunate feud. Biden v. Musk
541,2022-06-06,The German carmaker said possible corrosion could cause the brakes in two of its S.U.V.s and in a luxury minivan model to malfunction. Mercedes-Benz recalls nearly 1 million vehicles over brake issue.
542,2022-06-02,"The automaker said the move would further its electric-vehicle goals. It may also defuse tensions with the U.A.W. ahead of contract talks next year. Ford plans 6,000 new union jobs in three Midwestern states."
543,2022-06-16,"Musk will take questions from employees as his $44 billion acquisition of the company moves ahead, despite his hand-wringing about bots. Musk to Address Twitter All-Hands Meeting"
544,2022-06-06,Mr. Musk’s lawyers said Twitter was “actively resisting” his requests. Elon Musk Threatens to End Twitter Deal Without Information on Fake Accounts
545,2022-06-08,"For Ken Paxton, the state attorney general, there are positives. Aligning with Elon Musk? Check. Politically helpful? Check. What Texas Gains by Investigating Twitter’s Fake Accounts"
546,2022-06-27,"Even as more companies have become outspoken on social causes, the reaction by corporate America on Friday after the Supreme Court overturned Roe v. Wade was relatively muted. Here’s how companies are reacting to the Supreme Court decision on abortion."
547,2022-06-21,Some online stars from our past just won’t die. MapQuest and Other Internet Zombies
548,2022-06-04,Some corporate leaders are grasping at whatever they can to get back to the way things were. But they might find themselves fighting a culture shift beyond their control. The Office Monsters Are Trying to Claw Their Way Back to 2019
549,2022-06-29,Some business leaders say they fear retaliation for speaking out. Others point to ‘outrage fatigue.’ The C.E.O. Silence on the Jan. 6 Hearings
550,2022-06-17,"In an email, Gwynne Shotwell, SpaceX’s president, said the letter had made other employees “feel uncomfortable, intimidated and bullied.” SpaceX Said to Fire Employees Involved in Letter Rebuking Elon Musk"
551,2022-06-25,"Reeling from competing demands from stakeholders — including activists, clients, consumers, shareholders and elected officials — businesses are increasingly caught in the middle of the country’s bruising culture wars. Businesses Are Bracing for the Political and Social Fight Post-Roe"
552,2022-06-08,"The move may make it tougher for Mr. Musk, who has said he is not getting enough information from the company, to end the $44 billion acquisition. Twitter Said to Agree to Give Elon Musk Access to Stream of Tweets"
553,2022-06-14,What the second bear market since the start of the pandemic might signal. When Bears Attack
554,2022-06-08,S.E.C.s Gary Gensler is expected to preview new market rules about a year after shares of GameStop and others shot up in “meme stock” trading frenzy. Rewriting Wall Street’s Rulebook
555,2022-06-07,"The Lone Star State enters the Musk-Twitter fray, highlighting Texas’ willingness, and Republicans in general, to break with traditional free market thinking. Don’t Mess With Texas"
556,2022-06-02,"Tosca Musk, Elon’s younger sister, is the force behind Passionflix, a streaming service dedicated to adaptations of romance novels and erotic fan fiction. Forget Twitter. This Musk Is Into ‘Toe Curling Yumminess.’"
557,2022-06-03,"With nearly twice as many open jobs as available workers and rising inflation, many economists and policymakers say a slowdown is just what the economy needs. What’s Got Economists Rooting for a Slowdown"
558,2022-06-09,So why do all these settings even exist? You Won’t Use That Cool Feature
559,2022-06-08,"Electric scooters have had their share of haters, but some cities have found ways to make them more appealing. Scooters Get a Second Chance"
560,2022-06-29,"There is so much digital information about us out there that we can’t possibly control it all. Our Data Is a Curse, With or Without Roe"
561,2022-06-18,"Its fall was accelerated in recent weeks by the collapse of two major cryptocurrency projects while sowing doubts about the stability of the overall cryptocurrency market. Bitcoin Plummets Below $20,000 for First Time Since Late 2020"
562,2022-06-07,"The European oil company has been expanding into green energy even as many U.S. energy giants have kept their focus on fossil fuels. Shell, the Oil Giant, Will Sell Renewable Energy to Texans"
563,2022-06-14,"The market for tech talent, and for workers of all types at tech companies, remains hot. Tech Hiring Is Still Bonkers"
564,2022-06-02,"Car buyers once balked at paying $40,000 for a Japanese vehicle. Now the country’s cars are at the forefront of consumer trends. Japan’s Unlikely Rise to Luxury Car Dominance in the U.S."
565,2022-06-24,A handful of companies have committed to helping their employees access abortion services. Here are the companies that will cover travel expenses for employee abortions.
566,2022-06-18,"Mr. Musk trashed E.S.G. investing. The S.E.C. is investigating Goldman Sachs’s move into the sector. In a falling market, what should investors consider? The Rush to E.S.G., With or Without Elon Musk"
567,2022-06-24,"The corporate response to the Supreme Court’s Friday decision was more muted, and the companies that did speak out mostly talked about their health care policies. Companies Are More Vocal Than Ever on Social Issues. Not on Abortion."
568,2022-06-09,"Employer plans have played out like a game of chicken. Now workers are rebelling outright, and executives are trying everything to make the office worth it. A Full Return to the Office? Does ‘Never’ Work for You?"
569,2022-06-24,"Plus, Intel pressures Congress to provide funding for U.S. chip production. After the Gun Ruling"
570,2022-06-23,The streaming service is reportedly talking to Comcast and Google as it seeks to create an ad-supported offering. Netflix Needs Some Help With Ads
571,2022-06-01,The court blocks a Texas law after an emergency request from groups representing major tech companies like Facebook and Twitter. A Win for Big Tech at the Supreme Court
572,2022-06-27,Dozens of companies have committed to helping their employees get access to reproductive care. These Companies Will Cover Travel Expenses for Employee Abortions
573,2022-07-25,"Tesla said it expected capital expenditures to be $6 billion to $8 billion in 2022, up from an April forecast of $5 billion to $7 billion. Tesla will spend more to increase production at two new factories."
574,2022-07-20,The world’s largest maker of electric cars struggled with production problems in China. Tesla Profit Falls in Second Quarter as Supply Chain Problems Hurt
575,2022-07-02,The decline in deliveries by the electric carmaker in the second quarter was the first drop since the beginning of 2020. The main culprit was factory shutdowns in China. Tesla Sales Slow as the Pandemic Hobbles Production
576,2022-07-21,And a SoftBank-backed start up that wants to save your 401(k). Decision Day for the E.C.B.
577,2022-07-14,"A scarcity of semiconductors and raw materials held back production, but buyers remain enthusiastic. U.S. Electric Car Sales Climb Sharply Despite Shortages"
578,2022-07-21,"The automaker said it had reached deals to acquire more battery packs in its push to produce 600,000 electric vehicles a year by the end of 2023. Ford increases its battery supply to meet its electric-vehicle goals."
579,2022-07-26,An escalation from Beijing would have far-reaching economic consequences. Will China Move on Taiwan?
580,2022-07-14,The agency questioned whether a tweet Mr. Musk sent in May about the acquisition of Twitter should have been disclosed to the agency and investors. The S.E.C. broadens its inquiry into Elon Musk’s disclosures about Twitter.
581,2022-07-22,"Mr. Diess, who had vowed to rebuild the company after the diesel emissions scandal, led its move into electric cars. Herbert Diess, Volkswagen’s C.E.O., is stepping down."
582,2022-07-12,"Makers of batteries that could charge in a few minutes are setting up assembly lines, bringing the technology a big step closer to auto showrooms. Advanced E.V. Batteries Move From Labs to Mass Production"
583,2022-07-22,The social media company swung to a loss in the second quarter and cited “uncertainty” over its pending takeover by the billionaire Tesla chief executive as a factor. Twitter’s earnings falter as it fights with Elon Musk.
584,2022-07-11,"Twitter has sued Mr. Musk to force a sale of the company, and the case will be determined by a 230-year-old court in Delaware. What Is Delaware’s Court of Chancery and Its Role in Elon Musk’s Twitter Deal?"
585,2022-07-26,"The e-commerce platform made the “wrong” bet on the continued boom in online shopping, the chief executive said in a memo to employees. Shopify is laying off 10 percent of its workers."
586,2022-07-09,Most legal experts say Twitter has the upper hand. But Musk revels in brinkmanship. What’s Next in the Elon Musk-Twitter Saga? A Court Battle
587,2022-07-25,"The loan will help the automaker and its supplier build electric vehicle battery factories in Ohio, Tennessee and Michigan. Energy Department will lend G.M. and LG $2.5 billion to build battery factories."
588,2022-07-29,The Senate’s proposal aims to accelerate electric car sales and promote domestic battery manufacturing at China’s expense. Climate Bill ‘Transformative’ for Auto and Energy Industries
589,2022-07-01,"General Motors, Toyota and Honda reported substantial declines in second-quarter sales, but not for lack of demand. Chip Shortage Puts a Big Dent in U.S. Auto Sales"
590,2022-07-12,"The question of whether Elon Musk must buy Twitter, as he agreed to do in April, is headed to a court in Delaware. Twitter Sues Musk After He Tries Backing Out of $44 Billion Deal"
591,2022-07-15,"Mr. Musk formally responded to Twitter’s attempt to force him to buy the company, arguing that there was no reason to hurry the case. Elon Musk Claps Back at Twitter’s Lawsuit Over $44 Billion Deal"
592,2022-07-05,"Twitter’s lawsuit is part of a broadening battle between the biggest tech companies and governments around the world over who gets to control information and how. Twitter, Challenging Orders to Remove Content, Sues India’s Government"
593,2022-07-21,"Amazon has ordered 100,000 trucks to cut its carbon dioxide emissions, but Rivian will take years to deliver. Amazon Wants 100,000 Electric Vans. Can Rivian Deliver?"
594,2022-07-08,"In a regulatory filing on Friday, Mr. Musk said Twitter was in “material breach” of the acquisition agreement. Elon Musk Moves to End $44 Billion Deal to Buy Twitter"
595,2022-07-20,"Judge Kathaleen McCormick granted the social media giant’s request for an expedited hearing. Now, the two sides are gearing up for a trial in October. Twitter Takes Round 1"
596,2022-07-19,"Britain this morning recorded its highest temperature ever, bringing parts of the country to a standstill and testing infrastructure. The Cost of Extreme Heat"
597,2022-07-13,"The company contends that Musk breached his agreement to buy it by not using “reasonable best efforts” to close the deal, and so has no right to bail out. Twitter Unloads on Musk"
598,2022-07-27,"Some tech companies’ earnings are flagging, in what could be a positive sign for the Federal Reserve. Big Tech and the Fed"
599,2022-08-18,Data and video recorded by Tesla and other automakers to hone driver-assistance systems can also be an investigative tool for regulators and lawyers. Can Tesla Data Help Us Understand Car Crashes?
600,2022-08-10,The billionaire entrepreneur said he wanted “to avoid an emergency sale of Tesla stock” if he was forced to complete the buyout of the social media company. Elon Musk sells nearly $7 billion in Tesla shares to finance his Twitter deal.
601,2022-08-04,One proposal from investors that would allow investors to nominate directors to the electric car company’s board was approved. Tesla Prevails Over Most Activist Shareholder Proposals
602,2022-08-06,A state agency said the electric carmaker had misled the public in describing its driver-assistance service as autonomous. California Regulator Accuses Tesla of Falsely Advertising Autopilot
603,2022-08-30,There's a dirty side to creating clean cars. By the Numbers: Electric Vehicle Minerals
604,2022-08-30,Hiding a thousand feet below the earth’s surface in this patch of northern Minnesota wetlands are ancient mineral deposits that some view as critical to fueling America’s clean energy future. This Remote Mine Could Foretell the Future of America’s Electric Car Industry
605,2022-08-18,"The new climate, tax and health law signed by President Biden extends a credit for electric vehicle buyers. But there are new strings attached that kick in at different times. Why Buying an Electric Car Just Became More Complicated"
606,2022-08-16,Owners of battery-powered cars sometimes struggle to refuel on longer trips because public chargers don’t work or malfunction while cars are plugged in. A Frustrating Hassle Holding Electric Cars Back: Broken Chargers
607,2022-08-12,"Carmakers may need several years to revamp their supply chains to meet new rules, but the legislation is still seen as a win for electric vehicles. For Electric Vehicle Makers, Winners and Losers in Climate Bill"
608,2022-08-08,"Battery-powered vehicles are considered essential to the fight against climate change, but most models are aimed at the affluent. Electric Cars Too Costly for Many, Even With Aid in Climate Bill"
609,2022-08-05,"There has been a surge in the sales of cars that can travel short distances on just electricity and have a gasoline engine for longer trips. After Losing Favor to Electric Cars, Plug-In Hybrids Gain Ground"
610,2022-08-03,"The maker of luxury electric cars that hopes to challenge Tesla struggled to get parts and build vehicles in the second quarter. Lucid Motors slashes production forecast, blaming supply chain chaos."
611,2022-08-04,"Elon Musk subpoenaed the banks advising Twitter in its deal, and Twitter sent subpoenas to several people close to Mr. Musk. Another subpoena blitz in Twitter vs. Musk."
612,2022-08-04,Twitter called the claims false and irrelevant in a high-profile legal fight over whether the billionaire can back out of a $44 billion deal to acquire the company. Musk Says Twitter Committed Fraud in Dispute Over Fake Accounts
613,2022-08-11,"The maker of electric pickup trucks, vans and sport utility vehicles affirmed its production forecast for the year. Rivian Reports $1.7 Billion Quarterly Loss as Supply Chain Problems Persist"
614,2022-08-29,The announcement comes as the auto industry ramps up its efforts to switch to electric vehicles. Honda and LG will jointly build a U.S. battery plant.
615,2022-08-25,"The dream was to sell directly to customers. Now Peloton is on Amazon, Casper is in a furniture shop, and it’s awkward. Why Peloton Is Selling on Amazon"
616,2022-08-02,"Twitter has sent out requests for information from the banks that are backing the billionaire’s purchase, which he is trying to walk away from. What Twitter’s Subpoenas Say About Its Plan to Fight Elon Musk in Court"
617,2022-08-25,"The move to phase out gasoline-powered cars, with other states expected to follow, matches automakers’ plans. The challenge will be making it happen. California E.V. Mandate Finds a Receptive Auto Industry"
618,2022-08-01,"The closing of a meatpacking plant near downtown Los Angeles has left its workers reeling and amplified questions about doing business in the state. Who’s to Blame for a Factory Shutdown: A Company, or California?"
619,2022-08-09,"Demand for electric vehicles has been far stronger than the supply of battery materials like lithium, nickel and cobalt. Ford Raises Prices of F-150 Lightning Electric Truck, Citing Rising Material Costs"
620,2022-08-03,"A cottage industry is persuading people to spend thousands to create video businesses on YouTube. Disclaimer: It is harder than it looks. You, Too, Can Strike It Rich on YouTube!"
621,2022-08-22,"The automaker said the move was needed to be competitive and reallocate resources. Ford to Cut 3,000 Jobs to Reduce Costs in Transition to Electric Vehicles"
622,2022-08-04,A climate and tax bill could give a lot of power to an organization called the Financial Accounting Standards Board. The New Deciders on Corporate Taxes
623,2022-08-11,Sometimes it’s better to be safe than first. Driverless Cars Shouldn’t Be a Race
624,2022-08-23,"Platforms like TikTok and Facebook are planning anti-misinformation strategies that resemble those used in 2020. To Fight Election Falsehoods, Social Media Companies Ready a Familiar Playbook"
625,2022-08-22,The bill President Biden signed into law recently will greatly expand government loans and loan guarantees for clean energy and automotive projects and businesses. Expansion of Clean Energy Loans Is ‘Sleeping Giant’ of Climate Bill
626,2022-08-31,"Brands like Fashion Fair and Madam, founded with the goal of serving Black communities, faded at the end of the last century. Now, they’re being revived with similar missions in mind. To Meet a New Generation, Legacy Black-Owned Businesses Get a Reboot"
627,2022-08-01,"Visa faces questions about whether it enabled a porn site to profit from images of child sexual abuse, and both Mastercard and Visa face a new antitrust suit from Disney. The Legal Onslaught Facing Credit Card Companies"
628,2022-08-19,"A federal judge blocked a key provision of the state’s law aimed at private businesses, calling it something you might find in an alternate universe. Florida’s ‘Stop WOKE’ Act Gets Pushback in Court"
629,2022-08-29,Twitter’s former security chief could loom large in Mr. Musk’s legal efforts to undo his $44 billion acquisition of the social network. How a Whistleblower Could Help Elon Musk in His Case Against Twitter
630,2022-08-30,"The bill, which would create a state council to establish minimum pay and safety conditions, was the subject of a giant lobbying battle. California Bids for Tighter Rein on Fast-Food Chains"
631,2022-08-22,The restaurant chain has made the first big change to its board in three years after seeing off a campaign by the activist investor Carl Icahn. McDonald’s Orders a Board Shake-Up
632,2022-09-30,"The losses in tech stocks and bonds is wrecking investor portfolios, and analysts warn of more sell-offs. The Markets Face a Rare Double Decline"
633,2022-09-04,"The country’s success with two- and three-wheeled vehicles that sell for as little as $1,000 could be a template for other developing countries. India’s Electric Vehicle Push Is Riding on Mopeds and Rickshaws"
634,2022-09-26,"More electric cars will be sold in the country this year than in the rest of the world combined, as its domestic market accelerates ahead of the global competition. For China’s Auto Market, Electric Isn’t the Future. It’s the Present."
635,2022-09-12,"Prosecutors say Trevor Milton, former chief executive of Nikola, lured retail investors with lies about the electric truck company’s technology. Trial Begins for Truck Maker Accused of Duping Investors"
636,2022-09-22,A network of fast charging stations in the Canadian province could serve as a template for how to make road trips easier for drivers of electric cars. Into the Wilds of Quebec in an Electric Car
637,2022-09-08,The agreement is a rare example of cooperation between a traditional carmaker and an upstart. Mercedes and Rivian Plan to Make Vans Together in Europe
638,2022-09-01,"After the Supreme Court overturned Roe v. Wade, Alinea, an investing app geared toward young adults, saw a new focus on companies that support reproductive health. Abortion rights loom larger in investment decisions."
639,2022-09-20,The project also illustrates how difficult it is to get lithium out of the ground and break China’s dominance in processing the metal and turning it into batteries. How a Quebec Lithium Mine May Help Make Electric Cars Affordable
640,2022-09-10,"Since 2020, four dozen pilot programs have started, with Los Angeles running one of the largest to provide cash assistance. Guaranteed Income Programs Spread, City by City"
641,2022-09-13,"At a Senate hearing, Peiter Zatko, Twitter’s former head of security, told lawmakers that the company lied about its data practices. Whistle-Blower Says Twitter ‘Chose to Mislead’ on Security Flaws"
642,2022-09-07,"As tech companies slow hiring and lay off workers, once-busy recruiters are shifting to other roles and cutting their rates. From Boom to Gloom: Tech Recruiters Struggle to Find Work"
643,2022-09-27,"The rising cost of land in city centers, an increased interest in walkable neighborhoods and growth in online car shopping have made urban dealerships tempting targets for redevelopment. At Car Lots, the Best Deal May Be the Real Estate"
644,2022-09-17,"In recent years, financial firms have revamped dozens of mutual funds into E.S.G. dedicated funds — seeking to cash in on growing demand for such investments. Cracking Down on a Wall Street Trend: E.S.G. Makeovers"
645,2022-09-16,"Patagonia founder Yvon Chouinard’s decision to give away billions to fight climate change was made possible by an increasingly popular tax maneuver. Philanthropy, the Billionaires’ Way"
646,2022-09-01,"Apple, Google and Microsoft are among the technology firms looking to shift some of their manufacturing out of China. Big Tech Reconsiders the “Made in China” Way"
647,2022-10-20,Investors sent the electric vehicle maker’s shares down sharply in after-hours trading after the company warned about uncertain customer demand. Tesla Optimists Are in Retreat
648,2022-10-24,Shares of the company slumped as investors worried about increasing competition. Tesla Cuts Prices in China in Sign of Slowing Demand
649,2022-10-19,The electric carmaker is growing fast but investors are worried that sales are starting to slow because of higher prices and interest rates. Tesla Reports Strong Profit in Third Quarter on Soaring Sales
650,2022-10-02,"The increase from the same period last year comes as competition grows among automakers producing electric vehicles in the United States. Tesla Sold Record 343,000 Vehicles in Third Quarter"
651,2022-10-29,"A decade ago, the social media platform was a tool for rebels and those challenging authority. But over time, the powerful learned how to use it for their own goals. Twitter, Once a Threat to Titans, Now Belongs to One"
652,2022-10-26,The world’s richest man has inserted himself in some of the world’s most combustible conflicts. How Elon Musk Became a Geopolitical Chaos Agent
653,2022-10-26,"Kathaleen St. J. McCormick, the chief judge of Delaware’s Chancery Court, gave Mr. Musk until Friday to acquire Twitter. She is also judging at least one other case involving the billionaire. Elon Musk Seems to Answer to No One. Except for a Judge in Delaware."
654,2022-10-19,"A strong batch of earnings have propelled bank stocks in recent days, but investors remain more cautious on the outlook of Goldman Sachs and Morgan Stanley. What the Banks Stock Rally Says About Wall Street"
655,2022-10-17,The British pound and government bonds rose after the country’s new finance minister overturned nearly all the proposals by Prime Minister Liz Truss. Markets Approve of U.K.’s Reversal of Tax Cuts
656,2022-10-06,"The letter X has had significance in the billionaire’s life, from his early days as an entrepreneur to his personal life and now to his pursuit of Twitter. What Does X Mean to Elon Musk?"
657,2022-10-04,The billionaire’s surprise move came months after he tried to back out of a $44 billion deal to acquire the company. Elon Musk Suggests Buying Twitter at His Original Price
658,2022-10-03,General Motors reported a 24 percent increase in U.S. sales in the third quarter. Several other carmakers also posted gains. U.S. Auto Sales Point to Continued Demand
659,2022-10-14,"Trevor Milton was accused of boasting about nonexistent technology to inflate the stock price of Nikola, a maker of electric trucks. Founder of Electric Truck Maker Is Convicted of Fraud"
660,2022-10-28,"The Twitter account for the rapper formerly known as Kanye West was never banned to begin with. No, the ban on Ye’s Twitter account was not lifted."
661,2022-10-21,"The 10-year U.S. Treasury yield, which underpins everything from mortgages to credit cards, rose for a 12th consecutive week, matching the longest streak since 1984. Relentless Rise in Interest Rates Looms Over Another Volatile Week for Markets"
662,2022-10-28,The social media company went public in 2013. But Elon Musk is taking it private as part of his acquisition of the firm. Here’s what that means. How Twitter Will Change as a Private Company
663,2022-10-08,"The announcement covers nearly all of the vehicles the company has delivered to date, though it said the problem had affected only a small number. Rivian Recalls 13,000 Electric Vehicles Over a Steering Issue"
664,2022-10-28,"The social network’s new owner has just a few days to determine whether to pay millions to employees, or get rid of them. Elon Musk Faces Another Big Decision at Twitter"
665,2022-10-31,The social network’s new owner wants to cut costs and make money from more aspects of tweeting. But some advertisers and celebrities remain cautious. Sparks Fly as Musk Moves Fast to Remake Twitter
666,2022-10-28,The campaign appeared to start after Mr. Musk had officially taken control of the company. Antisemitic campaign tries to capitalize on Elon Musk’s Twitter takeover.
667,2022-10-27,The billionaire posted a note to advertisers saying he wanted the service to be “the most respected advertising platform.” Elon Musk Reaches Out to Advertisers Ahead of Deadline for Twitter Deal
668,2022-10-21,"With Mr. Musk’s $44 billion deal to buy Twitter set to close no later than Oct. 28, the company is trying to reassure workers about their employment and compensation. Twitter Tries Calming Employees as Deal With Elon Musk Looms"
669,2022-10-03,Shares in the troubled Swiss banking giant sunk on Monday as investors worry it may not pull off a risky turnaround plan. Credit Suisse Takes a Hit Over Investor Fears
670,2022-10-05,Looming in the background of Mr. Musk’s $44 billion offer to buy the company is whether financing challenges will provide him with an escape hatch from a deal. Elon Musk’s Renewed Twitter Bid Puts Pressure on Wall St. Banks Backing Him
671,2022-10-28,"Silicon Valley moguls used to buy yachts and islands. Now they are rich enough, and perhaps arrogant enough, to acquire companies they fancy. Elon Musk Takes Twitter, and Tech Deals, to Another Level"
672,2022-10-25,General Motors sold more cars in the third quarter after struggling with a shortage of computer chips earlier in the year. G.M. Reports Jump in Profit on Strong Sales
673,2022-10-06,"Before Mr. Musk renewed his $44 billion proposal, he and the company haggled in discussions that ultimately did not advance. Elon Musk Offered to Buy Twitter at a Lower Price in Recent Talks"
674,2022-10-09,"The rapper, who now goes by Ye, made antisemitic remarks on Instagram and Twitter that were widely criticized. They came after he wore a “White Lives Matter” shirt at Paris Fashion Week. Kanye West’s Posts Land Him in Trouble on Social Media"
675,2022-10-28,"The billionaire began as Twitter’s new owner by announcing a content moderation council and meeting employees, as some of the social media service’s users celebrated. Elon Musk Starts Putting His Imprint on Twitter"
676,2022-10-28,"Mr. Musk once said he hated them, but ad sales are the engine that powers the company he now owns. Will Elon Musk be able to keep Twitter’s advertisers happy?"
677,2022-10-26,The world’s richest man arrived at Twitter’s San Francisco offices on Wednesday ahead of a Friday deadline to complete the acquisition of the social media service. Elon Musk Visits Twitter as $44 Billion Deal Nears Completion
678,2022-10-13,Higher-than-expected inflation data gave cold comfort to policymakers and investors alike. What’s at Stake in the Latest Consumer Prices Report
679,2022-10-07,A court decision to delay a trial over the billionaire’s takeover bid for Twitter works in his favor as he plots his next steps. ‘Plot Twist!’ as Elon Musk Wins Partial Victory
680,2022-10-29,"The billionaire planned to begin layoffs as soon as Saturday, people with knowledge of the matter said. Elon Musk Is Said to Have Ordered Job Cuts Across Twitter"
681,2022-10-27,Shares in the Swiss banking giant tumbled after its executive team laid out the details of a long-awaited restructuring plan. Credit Suisse Plans a Big Retreat From Wall Street
682,2022-10-06,"A judge in Delaware gave Mr. Musk until Oct. 28 to complete the deal. The trial, which was set to start in a little more than a week, could still happen in November. Judge Grants Elon Musk’s Request to Delay Trial With Twitter"
683,2022-10-30,Mr. Musk faces financial challenges in owning Twitter. The site frequently loses money and took on $13 billion in debt for the blockbuster deal. Can Elon Musk Make the Math Work on Owning Twitter? It’s Dicey.
684,2022-10-31,"The billionaire and a group of his friends and advisers are working on layoff plans and how to swiftly change Twitter’s product, said people with knowledge of the matter. Elon Musk, Plus a Circle of Confidants, Tightens Control Over Twitter"
685,2022-10-28,"The world’s richest man closed his blockbuster purchase of the social media service, thrusting Twitter into a new era. Elon Musk Completes $44 Billion Deal to Own Twitter"
686,2022-10-12,"Investors, weary of guessing where the Fed’s battle on inflation will take the economy, hope that third-quarter company earnings will bring clarity. Wall Street Braces for an Earnings Season of Mixed Signals"
687,2022-10-14,"The world’s richest man, whose Starlink internet service is critical to the Ukrainian Army, said he could not “indefinitely” fund the system’s use in Ukraine. Elon Musk Foments More Geopolitical Controversy With Ukraine Internet Dispute"
688,2022-10-19,No Republican in Congress voted for the Inflation Reduction Act. But their districts and states will greatly benefit from the investments spurred by the law. E.V. Bonanza Flows to Red States That Denounce Biden Climate Policies
689,2022-10-14,"Companies are flocking to the Nevada city, but the rising cost of housing, gas and groceries is making daily life a struggle for many who work there. Reno Is Booming. Some Workers Feel Left Behind."
690,2022-10-11,"After winning the Nobel prize for economics, the former Federal Reserve chairman’s record on the economy is getting further scrutiny. Reassessing Ben Bernanke’s Record"
691,2022-10-24,"Investors appeared heartened by the prospect of Rishi Sunak, Britain’s former chancellor, becoming prime minister — but he must still solve huge economic problems. Markets Are Ready for Stability in U.K. Government"
692,2022-10-25,The sportswear brand calculates it will incur a $246 million cost for its decision to terminate its partnership with the hip-hop mogul. Adidas Cuts Ties With Kanye West
693,2022-11-22,"Corporate governance experts say the electric-car maker’s directors may need to rein in the chief executive, with whom many have personal ties. Elon Musk’s Twitter Role Puts Tesla Board Under New Scrutiny"
694,2022-11-15,"We took a ride with Tesla’s experimental self-driving system. It was by turns intriguing, impressive and scary. What Riding in a Self-Driving Tesla Tells Us About the Future of Autonomy"
695,2022-11-16,A shareholder is asking the court to void a 2018 compensation package that has paid the chief executive nearly $50 billion. Elon Musk Heads to Court to Defend His Billions in Tesla Pay
696,2022-11-21,Firing people. Talking of bankruptcy. Telling workers to be “hard core.” Mr. Musk has repeatedly used those tactics at many of his companies. What Elon Musk Is Doing to Twitter Is What He Did at Tesla and SpaceX
697,2022-11-16,The billionaire chief executive testified about a multibillion-dollar compensation package the electric car company’s board put in place in 2018. Elon Musk Tells a Court He Had Little Say in His Giant Tesla Pay
698,2022-11-17,"The crypto exchange’s collapse is stoking fears of contagion across the industry. Meanwhile, FTX’s founder, Sam Bankman-Fried, is still speaking out. Investor Losses From FTX’s Implosion Are Growing"
699,2022-11-13,"While sales are still skewed toward affluent buyers, more people are choosing electric vehicles to save money. Electric Vehicles Start to Enter the Car-Buying Mainstream"
700,2022-11-11,"Authorities worldwide are intensifying their scrutiny of the embattled cryptocurrency exchange, amid concern about improper use of customer money. Regulators Begin Cracking Down on FTX"
701,2022-11-10,"In his first communications with Twitter’s staff, the company’s new owner painted a bleak picture as more executives resigned. ‘Economic Picture Ahead Is Dire,’ Elon Musk Tells Twitter Employees"
702,2022-11-08,The new owner of Twitter has urged his followers to vote Republican. Elon Musk Puts His Own Politics on Display on Election Day
703,2022-11-16,Mr. Musk said that workers would need to answer through an online form by late Thursday and that those who stayed would be “working long hours at high intensity.” Elon Musk Gives Twitter Employees a Deadline to Stay or Leave
704,2022-11-14,"With the collapse of the giant cryptocurrency exchange, investors are asking whether regulators or the venture capitalists who funded FTX, are at fault. Who Bears Blame for FTX’s Failure?"
705,2022-11-09,The electric truck maker said it had enough cash to fund its operations through 2025. Rivian Lost $1.7 Billion in the Third Quarter
706,2022-11-07,"People who study disinformation are warning that far-right influencers will seize on ballot-counting delays and other routine issues as evidence of fraud. Biggest Surge of Misinformation May Arrive After Election Day, Researchers Say"
707,2022-11-11,"Mr. Musk ordered immediate layoffs, fired executives by email and laid down product deadlines, transforming the company. Two Weeks of Chaos: Inside Elon Musk’s Takeover of Twitter"
708,2022-11-08,The electric carmaker made the announcement on the same day it reported losing $670 million in the third quarter. Lucid Said It Will Raise Up to $1.5 Billion in Capital
709,2022-11-09,New data about inflation in the United States due on Thursday will steer expectations over how aggressively the Federal Reserve could be in raising interest rates. Stocks Fall Amid Unclear Midterm Outcome and Crypto Meltdown
710,2022-11-02,Markets expect another big interest rate increase on Wednesday. But investors are also anxious about the central bank’s coming moves. Investors Await the Fed’s Next Move
711,2022-11-28,"Growing protests in the world’s biggest manufacturing nation add a new element of uncertainty atop the Ukraine war, an energy crisis and inflation. Chinese Unrest Over Lockdown Upends Global Economic Outlook"
712,2022-11-01,"At least five Twitter executives have left in recent days, as one of the world’s largest ad companies said clients should pause spending on the social media platform. Elon Musk’s Twitter Faces Exodus of Advertisers and Executives"
713,2022-11-22,"Mr. Musk and his advisers are examining all types of expenses at Twitter. Some of the social media company’s vendors have gotten stiffed. As Elon Musk Cuts Costs at Twitter, Some Bills Are Going Unpaid"
714,2022-11-03,"The billionaire and his advisers have discussed adding paid direct messages, fees to watch videos and other features to the service. Elon Musk, Under Financial Pressure, Pushes to Make Money From Twitter"
715,2022-11-17,"Naver, a South Korean internet firm, is trying to introduce robots into the world of cubicles and conference rooms without making employees uncomfortable. Meet Your New Corporate Office Mate: A ‘Brainless’ Robot"
716,2022-11-04,"The social media company’s 7,500 employees have been bracing for job cuts since Mr. Musk took it over last week. Elon Musk Begins Layoffs at Twitter"
717,2022-11-11,"The social media service, which is undergoing changes from its new owner Elon Musk, has descended into a messy swirl of spoof messages and parody accounts. A Verifiable Mess: Twitter Users Create Havoc by Impersonating Brands"
718,2022-11-17,"Mr. Musk, Twitter’s new owner, had given employees a Thursday deadline to decide whether to leave or stay “to build a breakthrough Twitter 2.0.” Resignations Roil Twitter as Elon Musk Tries Persuading Some Workers to Stay"
719,2022-11-01,"Disputes over compensation and firings, and potentially over layoffs, could push both sides into fresh legal battles. Elon Musk May Yet Meet Twitter Executives in Court"
720,2022-11-17,Charges filed with federal regulators accuse the company of retaliating against eight workers over an open letter critical of the chief executive. SpaceX Employees Say They Were Fired for Speaking Up About Elon Musk
721,2022-11-08,"Stocks tend to rally after midterm elections, historical data shows. They perform even better when voters deliver divided government. Why Wall Street Loves Gridlock in Washington"
722,2022-11-09,"Prices of digital currencies have tumbled even after the exchange FTX announced a provisional lifeline by a top rival, Binance. Crypto Investors Grapple With the Collapse of a Giant"
723,2022-11-15,"Stocks rallied in Asia on Tuesday following a historic meeting between President Biden and his Chinese counterpart, Xi Jinping. Why the G20 Summit Matters to Investors"
724,2022-11-28,"Stock markets in Asia and Europe fell on Monday, as did U.S. futures and crude prices, as investors worried about the fallout of social unrest in China. China’s Covid Contagion"
725,2022-11-28,Social justice joins discounted cash flows on the syllabus as essential knowledge for aspiring corporate leaders. Have the Anticapitalists Reached Harvard Business School?
726,2022-11-23,"The crypto exchange’s founder, Sam Bankman-Fried, says the company suffered a $51 billon collapse in collateral, but he thinks filing for Chapter 11 was a mistake. Losses Pile Up in FTX Bankruptcy Turmoil"
727,2022-12-30,"Investors blame Elon Musk and wonder how much more the stock will fall. In a Bad Year for Stocks, Tesla Plunged 65%"
728,2022-12-21,"The maker of electric cars faces sharp competition, plummeting shares and production woes while its chief executive is preoccupied with Twitter. Elon Musk’s Distraction Is Just One of Tesla’s Problems"
729,2022-12-19,Sales contracts prevent buyers of the company’s electric cars from pursuing class-action suits if something goes wrong. Tesla’s Direct Sales Model Helps It Thwart Customer Lawsuits
730,2022-12-19,"In a letter to board, the Democratic senator asks whether the carmaker’s investors have been harmed by the billionaire tech mogul’s time running the social network. Elizabeth Warren Prods Tesla About Elon Musk and Twitter"
731,2022-12-15,"Twitter’s owner has now sold $23 billion worth of Tesla stock this year, much of it after he pledged in April to stop selling shares to finance his deal to acquire the social media company. Elon Musk Sells Another Big Chunk of Tesla Stock"
732,2022-12-29,Foreign-made cars no longer qualify. General Motors should become eligible again. But officials are still working on the fine print. Tax Credits for Electric Vehicles Are About to Get Confusing
733,2022-12-23,"The disgraced crypto entrepreneur was freed on $250 million bond, but is due back in court in early January on federal fraud charges. Bankman-Fried’s ‘Epic’ Legal Battle"
734,2022-12-21,"Mr. Musk, who asked his Twitter followers on Sunday if he should step down as head of the service, will remain the company’s owner. Elon Musk Says He Will Resign as Twitter C.E.O. When He Finds Successor"
735,2022-12-21,"The Twitter owner has said he will resign as chief executive, but it’s far from certain whether he would actually step down as the boss. Elon Musk’s Succession Plan Comes with Strings Attached"
736,2022-12-19,"Mr. Musk had surveyed Twitter about whether he should remain in charge, and had said he would abide by the result. Elon Musk Keeps Silent After Twitter Users Say He Should Quit as Boss"
737,2022-12-20,"The bankrupt crypto exchange owes billions to creditors. Getting their money back could prove difficult, given the unique nature of cryptocurrency assets. Why This Is No Madoff Moment for FTX Creditors"
738,2022-12-16,"The National Highway Traffic Safety Administration is looking into unexpected braking by cars operated by Cruise, a part of General Motors. G.M. Unit’s Self-Driving Taxis Are Subject of U.S. Safety Investigation"
739,2022-12-16,"After Elon Musk’s Twitter suspends journalists, lawmakers and press freedom advocates fire back, threatening sanctions and fines. Twitter Suspensions Draw International Outrage"
740,2022-12-15,The Federal Reserve’s commitment to vanquish inflation is continuing to add volatility to the stock market. Wall Street Fears the Fed Could Cause ‘Some Damage’
741,2022-12-14,The fallen crypto mogul Sam Bankman-Fried plans to fight extradition as charges pile up in what prosecutors called a record financial fraud. FTX’s Founder Faces Growing Legal Troubles
742,2022-12-29,"Say hello to new-and-improved A.I. assistants, and move over to brands like Twitter and Tesla. The Tech That Will Invade Our Lives in 2023"
743,2022-12-02,"Under Elon Musk, the company has cut its financial expectations as some advertisers request discounts and are offered incentives. Twitter Keeps Missing Its Advertising Targets as Woes Mount"
744,2022-12-29,"Elon Musk has reduced the company to a bare-bones operation, and employees are under a “zero-based budgeting” mandate to justify any spending. What’s Gone at Twitter? A Data Center, Janitors, Some Toilet Paper."
745,2022-12-29,Here is a partial list of electric and plug-in hybrid vehicles that will qualify for federal tax credits in 2023. Which Electric Vehicles Qualify for Federal Tax Credits?
746,2022-12-30,How fast inflation and high interest rates upended markets across the globe. The Year the Long Stock Market Rally Ended
747,2022-12-10,"Elon Musk has tweeted about political topics regularly since taking over Twitter, often belittling some liberal causes. But what he stands for remains largely unclear. Critics Say Musk Has Revealed Himself as a Conservative. It’s Not So Simple."
748,2022-12-21,"Many companies and investors are eager to recycle batteries, but it could take a decade or more before enough used lithium-ion batteries become available. Electric Cars Are Taking Off, but When Will Battery Recycling Follow?"
749,2022-12-16,"The suspensions, which were criticized by U.S. and European lawmakers, could raise the regulatory heat on the social media platform — and Elon Musk’s other companies. Musk Faces Growing Anger Over Twitter Ban of Journalists"
750,2022-12-13,"Wall Street is expecting the Federal Reserve to slow down its interest rate increases, but the central bank’s meeting on Wednesday offers investors a reason to be cautious. Stocks edge higher as early rally fades."
751,2022-12-17,"The brief bans, which came after Elon Musk had suggested the journalists were violating Twitter’s rules on personal privacy, had alarmed free-speech advocates. Twitter Reinstates Suspended Accounts of Several Journalists"
752,2022-12-01,"Crypto, the economy, China, streaming wars, Elon Musk and other big topics dominated this year’s DealBook Summit. What We Learned From Sam Bankman-Fried, Mark Zuckerberg, Reed Hastings and More"
753,2022-12-22,"Decisions by two senior associates to cooperate with government prosecutors raise the legal heat on the fallen crypto mogul. Sam Bankman-Fried, FTX’s Co-Founder, Is Increasingly Alone"
754,2022-12-17,"Elon Musk’s moves this week set off a heated debate about complex issues of free speech and online censorship. In Suspending Journalists on Twitter, Musk Flexes His Media Muscle"
755,2022-12-13,"Twitter has stopped paying rent on offices and is considering not paying severance packages to former employees, among other measures. Musk Shakes Up Twitter’s Legal Team as He Looks to Cut More Costs"
756,2022-12-16,"Why the Twitter owner’s ruthless, unsparing style has made him a hero to many bosses in Silicon Valley. Elon Musk, Management Guru?"
757,2022-12-23,"Stellantis plans to idle the factory, which makes the Cherokee, as it shifts to electric vehicles. Labor talks and a union election may be affected. Jeep Plant Shutdown Imperils Illinois Town and 1,350 Workers"
758,2022-12-09,"The result, at a plant owned by General Motors and a South Korean company, is a milestone for the auto union in organizing electric vehicle workers. Workers at E.V. Battery Plant in Ohio Vote to Unionize"
759,2022-12-07,"Chamath Palihapitiya, once a relentless cheerleader of special purpose acquisition companies, blames the Federal Reserve for the end of SPAC mania. The ‘SPAC King’ Is Over It"
760,2022-12-05,Energy traders pushed crude prices higher on Monday following Europe’s embargo of seaborne Russian crude and a price cap by Group of 7 nations went into effect. Oil Climbs as Western Nations Single Out Russia
761,2022-12-02,"Florida lawmakers are reportedly working to resolve their political fight with Disney, just days after Mr. Iger returned as the entertainment giant’s chief executive. Has Bob Iger Brokered a Truce With Florida?"
762,2022-12-12,"The Twitter owner has taken shots at targets like Dr. Anthony Fauci, the nation’s chief immunologist, in moves that may appeal to the right, but not advertisers. Elon Musk’s Latest Jab from the Right"
763,2022-12-13,"Now under arrest, the fallen crypto mogul faces a barrage of charges, including defrauding investors out of billions. Sam Bankman-Fried’s ‘House of Cards’ Teeters"
764,2023-01-26,"Shares in the electric carmaker continued to rally after the company reported strong profits, even amid growing competition and economic pressures. Tesla Bulls Are Back at the Wheel"
765,2023-01-30,"The automaker reduced the price of the Mustang Mach-E by up to $5,900 after Tesla slashed prices of its cars by as much as 20 percent. Ford Follows Tesla in Cutting Electric Vehicle Prices"
766,2023-01-24,"The $3.6 billion investment, which also includes a new battery factory, presents a challenge to traditional truck makers that have been slow to sell electric vehicles. Tesla Will Build Heavy Trucks at a New Factory in Nevada"
767,2023-01-31,"A regulatory filing says officials have asked about software that Elon Musk, the chief executive, has said would allow cars to operate autonomously. Tesla’s Self-Driving Technology Comes Under Justice Dept. Scrutiny"
768,2023-01-25,"The electric car company is facing intensifying competition, supply chain disruptions and concerns about the behavior of Elon Musk. Tesla’s Profit Jumped 12% in Fourth Quarter"
769,2023-01-23,Mr. Musk testified in a lawsuit filed by investors who claim his 2018 statements about a plan to buy up the carmaker’s stock cost them billions. Elon Musk Says He Could Have Raised Funds to Take Tesla Private
770,2023-01-20,The chief executive of Tesla testified in a federal civil trial about a 2018 plan to take the automaker private that fizzled out. Elon Musk Says His Social Media Posts Did Not Drive Tesla’s Stock Price
771,2023-01-24,"Under questioning, Mr. Musk said he hadn’t discussed how much money investors would put in to help him take his car company private. Elon Musk Said Tesla Buyout Plan Didn’t Involve ‘a Specific Number’"
772,2023-01-17,Investors are seeking billions of dollars in damages for their losses after Mr. Musk posted a proposal on Twitter that never materialized. Elon Musk Goes to Trial Over His 2018 Plan to Take Tesla Private
773,2023-01-13,The price reductions in the United States will make more of the company’s electric vehicles eligible for a federal tax credit. Tesla Cuts Prices Sharply as It Moves to Bolster Demand
774,2023-01-05,Worry about the carmaker’s sales in the world’s largest car market is one reason the shares have plunged. Tesla Sales in China Slump as Competition Intensifies
775,2023-01-04,A huge sell-off wiped billions of dollars from the electric carmaker’s market capitalization on Tuesday. Analysts see more trouble ahead. Tesla Bulls Brace for a Rough Year Ahead
776,2023-01-02,"Wall Street has grown decidedly pessimistic about Tesla, fearful that Elon Musk, its chief executive, is too focused on Twitter. Tesla Car Sales Grow Slower Than Expected, Amplifying Concerns"
777,2023-01-18,"At the World Economic Forum, the provocative filmmaker received a warm reception for his film promoting nuclear power. Oliver Stone Goes Nuclear at Davos"
778,2023-01-17,So many global troubles have arisen that the political and business leaders at the World Economic Forum in Switzerland have adopted a buzzword to capture the moment. Davos Worries About a ‘Polycrisis’
779,2023-01-05,"The network could help increase the low number of charging stations, encouraging more people to buy electric vehicles. Mercedes-Benz Plans to Build U.S. Electric Car Charging Network"
780,2023-01-04,"A global semiconductor shortage is easing, which could allow carmakers to lift production this year. But higher interest rates could keep sales low. Supply Problems Hurt Auto Sales in 2022. Now Demand Is Weakening."
781,2023-01-31,"Aiming to make a million electric vehicles a year by 2025, General Motors is investing in a Nevada lithium mine to help with battery production. G.M. Posts Solid Profit as It Pushes to Take On Tesla in E.V.s"
782,2023-01-03,Analysts are more cautious about 2023 after their overly optimistic forecasts for last year. Markets Slip in First Session of the Year
783,2023-01-11,"The company has discussed selling some user names through online auctions, people with knowledge of the plans said. Twitter Said to Consider Selling User Names to Boost Revenue"
784,2023-01-30,The automakers said they would resolve a yearslong dispute that became the backdrop to Carlos Ghosn’s downfall as head of the alliance. Nissan and Renault Rebalance Power in Race for Electric Cars
785,2023-01-06,"Dreary holiday season sales failed to help solve the struggling retailer’s financial woes, leaving the company with few options. Why Bed Bath & Beyond Is Weighing Bankruptcy"
786,2023-01-30,"The Adani Group, the Indian conglomerate run by Asia’s wealthiest man, has gone on the offensive to fight fraud allegations by an American investor. A Short Seller Costs an Indian Giant Billions"
787,2023-01-31,Stripe’s plan to raise billions at a lower valuation underlines the challenges facing start-ups seeking money as the market for new listings stays shut. A Tech Giant Closes In on a Pricey Funding Round
788,2023-01-25,"Hindenburg Research accused the Adani Group of orchestrating the “largest con in corporate history,”  sending shares of its companies tumbling on Wednesday. A Short Seller Takes Aim at an Indian Corporate Giant"
789,2023-01-03,Intense legal wrangling led to the disgraced crypto mogul paying virtually nothing to live with his parents ahead of his upcoming trial. He returns to court on Tuesday. How Sam Bankman-Fried Negotiated His Way Out of Jail
790,2023-01-13,The agency has charged the crypto trading firms Genesis Global Capital and Gemini with operating an illegal lending service that lost customers millions. The S.E.C.’s Crypto Crackdown Intensifies
791,2023-01-05,"To land the House speaker position, the California Republican will have to win over opponents who question his ties to Silicon Valley and his commitment to right wing causes. Kevin McCarthy’s Business Ties Complicate His Rise to Power"
792,2023-01-26,"Akio Toyoda, who has been reluctant to embrace all-electric vehicles, will be succeeded as C.E.O. by a Lexus executive. Toyota Makes a Change at the Top as a Toyoda Steps Aside"
793,2023-01-23,"The tech giant aims to remain at the forefront of generative artificial intelligence with its partnership with OpenAI. Microsoft to Invest $10 Billion in OpenAI, the Creator of ChatGPT"
794,2023-01-30,Tech workers and investors are flocking to start-ups that aim to combat climate change. ‘Recession Resilient’ Climate Start-Ups Shine in Tech Downturn
795,2023-01-31,Gautam Adani is facing perhaps his biggest challenge yet as a small U.S. investment firm accuses his Indian conglomerate of fraud and stock manipulation. This Mogul Lost Tens of Billions of Dollars in Days. What Happened?
796,2023-01-02,"Years of lockdowns took a brutal toll on businesses. Now, the rapid spread of Covid after a chaotic reopening has deprived them of workers and customers. Why China’s Economy Faces a Perilous Road to Recovery"
797,2023-01-19,"The environmental, social and corporate governance investment trend is booming, but it has also become a big distraction for business leaders. Why Some Executives Wish E.S.G. ‘Just Goes Away’"
798,2023-01-05,"Laredo, across from Mexico on the Rio Grande, is primed to become one of the world’s most important land ports as American companies reduce their reliance on factories in Asia. How a Texas Border City Is Shaping the Future of Global Trade"
799,2023-01-24,"The company’s grip on ticket sales, and its move last year to cancel sales for Taylor Swift’s upcoming tour, will be a big focus of an antitrust-focused hearing. Live Nation Faces a Skeptical Senate"
800,2023-01-27,"Elon Musk, the billionaire owner of Twitter, met with House Speaker Kevin McCarthy, stoking speculation about what the two had discussed. Mr. Musk Goes to Washington"
801,2023-01-09,"Earnings season kicks off this week, and analysts expect a big drop in corporate profits and more announcements about layoffs. Wall Street Is Down on Corporate America"
802,2023-01-23,"Elliott Management, the $55 billion hedge fund, has taken a big stake in the struggling tech giant, putting more pressure on its co-founder, Marc Benioff. Activist Investors Are Circling Salesforce"
803,2023-01-11,"The firm’s chief executive, David Solomon, has given the task of determining which divisions will be affected to a chief lieutenant. Big Cuts Are Coming to Goldman Sachs"
804,2023-02-16,"A filing to the National Labor Relations Board called the dismissals retaliatory. The carmaker denied the allegation, saying they were based on performance. Tesla Fired Buffalo Workers Seeking to Organize, Union Says"
805,2023-02-21,Shareholders’ lawyers challenged the board’s contention that Elon Musk’s record-setting compensation was deserved and an effective tool of motivation. Judge Hears Arguments in Suit Over Musk’s Tesla Pay
806,2023-02-16,"A federal auto safety agency said the technology can cause crashes, but said the company was unaware of any deaths or injuries caused by the flaws. Tesla to Recall 362,000 Cars With Its ‘Full Self Driving’ System"
807,2023-02-14,"If successful, the workers who help develop Tesla’s Autopilot driver-assistance system will be the first group at the company to organize. Tesla Workers in Buffalo Begin Union Drive"
808,2023-02-15,An agreement with the White House to allow electric cars made by other automakers is part of a broad effort to improve charging and increase sales of battery-powered vehicles. Tesla Will Open Some Chargers to All Electric Vehicles
809,2023-02-06,"Already two years behind schedule, the Cybertruck has experts wondering how the company will manufacture its unusual stainless steel “exoskeleton.” Tesla’s Pickup Truck Is Coming Soon. Maybe."
810,2023-02-03,The case centered on whether investors lost money because they believed Mr. Musk’s social media posts about taking Tesla private in 2018. Jury Rules for Elon Musk and Tesla in Investor Lawsuit Over Tweets
811,2023-02-21,BYD is a powerhouse in China and sells the most electric vehicles of any company in the world. Now it has a plan to attract buyers in Europe’s largest economy. China’s Leading Electric Carmaker Has Arrived in Germany
812,2023-02-17,"A string of enforcement actions, the latest involving the multibillion-dollar collapse of Terraform Labs, has put the chill on a recent Bitcoin rally. Authorities Step Up Their Crypto Crackdown"
813,2023-02-15,"Missy Cummings, who spent more than a year at the federal auto safety agency, said that drivers were putting too much trust in systems like Tesla’s Autopilot and that regulators needed to restrict their use. Carmakers Are Pushing Autonomous Tech. This Engineer Wants Limits."
814,2023-02-15,A second Republican commissioner has resigned as the agency gears up for a big showdown on noncompete agreements and the Microsoft-Activision merger. A Big Breakup at the Federal Trade Commission
815,2023-02-14,Tuesday’s Consumer Price Index data could hold big clues about the Federal Reserve’s future policy moves. Investors Await a Momentous Inflation Report
816,2023-02-10,"Competition, government incentives and falling raw material prices are making battery-powered cars more affordable sooner than expected. Electric Vehicles Could Match Gasoline Cars on Price This Year"
817,2023-02-09,The loan will help accelerate Redwood Materials’ plans to produce components for electric car batteries from new and recycled sources. Energy Dept. Will Lend $2 Billion to a Battery Component Maker
818,2023-02-22,"The maker of electric luxury sedans said it made more than 7,000 cars in 2022, achieving a scaled-down target. Lucid Steps Up Production as Supply Chain Problems Ease"
819,2023-02-01,"As he fights for free speech online and promotes his companies, the new owner of Twitter spends a lot of time replying to his fans. Dissecting Elon Musk’s Tweets: Memes, Rants, Private Parts and an Echo Chamber"
820,2023-02-28,The maker of electric trucks said it expected to double production in 2023 as the supply of parts became more reliable. Rivian Lost $6.8 Billion Last Year as Production Fell Short
821,2023-02-14,The automaker cited a potential problem with the battery pack of the F-150 Lightning but said it was unaware of any incidents “in the field.” Ford Halts Production of Electric Pickup Over Battery Issue
822,2023-02-16,"Microsoft’s investment in the technology has been a boon for the company’s stock, even as early users find the A.I.-powered system erratic. Revenge of the Chatbots"
823,2023-02-13,"Ford’s $3.5 billion plant in Michigan will draw on technology from CATL, a Chinese company that is the world’s No. 1 maker of electric-car batteries. Ford Will Build a U.S. Battery Factory With Technology From China"
824,2023-02-27,"The Twitter chief waded into a scandal involving the cartoonist Scott Adams, as Twitter undergoes layoffs and struggles to lure back advertisers. Musk Claims Media Bias in Debate Over ‘Dilbert’ Creator’s Racist Rant"
825,2023-02-28,Elon Musk’s repeated job cuts are stoking new fears that there aren’t enough people to triage Twitter’s problems. ‘Sometimes Things Break’: Twitter Outages Are on the Rise
826,2023-02-07,"Google and Baidu are set to introduce their own A.I.-powered chatbots to challenge OpenAI, Microsoft and the rising popularity of ChatGPT. ChatGPT Gets Fresh Competition"
827,2023-02-13,There were surprises on-field and off — from Rihanna’s halftime performance to Disney’s controversial ad splash. The Winners and Losers from Super Bowl LVII
828,2023-02-22,A number of Republican lawmakers have taken money from the companies they vilified. But some of the party’s presidential hopefuls are still on the attack. Republican Bashing of E.S.G. Gets More Complicated
829,2023-02-06,"The private equity giant has fallen behind rivals in fundraising in recent months, and its stock has underperformed the broader market. Carlyle Taps a Former Goldman Executive to Fill Its Leadership Void"
830,2023-03-31,A court upheld a finding that Tesla wrongly fired a worker involved in labor organizing and that a Twitter post by Elon Musk was illegally anti-union. Tesla and Musk Lose Ruling on Factory Union Issues
831,2023-03-03,"The governor of Nuevo León said a Tesla official had told him that the company’s plant there would be among its biggest and go up in record time. Tesla Could Start Making Cars in Mexico Next Year, Governor Says"
832,2023-03-01,"Elon Musk confirmed his car company would build a factory in Mexico and said it was working on more affordable vehicles. But he did not reveal a new model, disappointing some investors. Tesla Offers a New ‘Master Plan’ but Few Big Revelations"
833,2023-03-20,"An unexpected decline in the price of an essential battery material, along with those of other commodities, is good news for buyers. But experts disagree on how long low prices will last. Falling Lithium Prices Are Making Electric Cars More Affordable"
834,2023-03-02,"President Biden is expected to use his first veto to protect environmental, social and corporate governance investment considerations in retirement plans. The Battle Over E.S.G. Heads to the White House"
835,2023-03-24,Investment plans for U.S. battery production have increased since President Biden signed a law that offers generous incentives for electric cars and green energy. LG Will Spend $5.5 Billion on a Battery Factory in Arizona
836,2023-03-26,"The company is expected to unveil an augmented reality headset in a few months. Some employees wonder if the device makes sense for Apple. At Apple, Rare Dissent Over a New Product: Interactive Goggles"
837,2023-03-17,"Twitter didn’t move forward with the music licensing deals because of costs, people with knowledge of the matter said. Twitter’s Talks Over Licensing Music Are Said to Stall Under Musk"
838,2023-03-31,"The Biden administration hopes its guidelines for up to $7,500 in tax credits will encourage automakers to reduce their reliance on China for batteries and raw materials. New Rules Will Make Many Electric Cars Ineligible for Tax Credits"
839,2023-03-01,The software giant faces mounting pressure from activist investors and pushback from employees unhappy about a wave of firings and the scaling back of office perks. The Heat on Salesforce Grows Ahead of a Big Earnings Call
840,2023-03-08,"The commission is seeking an interview with Elon Musk, who has made major cuts at the company since acquiring it last year. F.T.C. Intensifies Investigation of Twitter’s Privacy Practices"
841,2023-03-13,Li Qiang’s business-friendly reputation could bolster confidence in China’s economy. But he is stepping into a role with diminished power under Xi Jinping. China’s New Premier Needs to Revive Growth. How Far Will Loyalty Get Him?
842,2023-03-03,"Tech innovations are again racing ahead of Washington’s ability to regulate them, lawmakers and A.I. experts said. As A.I. Booms, Lawmakers Struggle to Understand the Technology"
843,2023-03-06,"Binance, the world’s biggest cryptocurrency exchange, faces a fresh wave of scrutiny from regulators and lawmakers. Pressure Grows on Another Crypto Giant"
844,2023-03-30,"Ike Perlmutter, the chairman of Marvel Entertainment who’s had a volatile tenure at Disney, was among the latest round of job cuts at the entertainment giant. Bob Iger Ousts a Marvel Antagonist"
845,2023-03-20,"Investors are still spooked after UBS bought its Swiss peer, with confidence in the banking sector in short supply. Why More Deals Are Likely After the Fall of Credit Suisse"
846,2023-04-19,The electric carmaker has reduced prices by thousands of dollars this year to bolster demand and fend off competition. Tesla’s Profit Dropped Sharply in First Quarter as It Cut Prices
847,2023-04-10,The facility will produce large batteries that will help electric utilities stabilize grids and use more renewable energy. Elon Musk Says Tesla Will Build Shanghai Battery Factory
848,2023-04-02,The electric car company’s decision to slash prices appears to have offset the effect of higher interest rates. Tesla Sales Rose in the First Quarter
849,2023-04-03,"A former Tesla factory worker, who is Black, challenged a judge’s earlier award of $15 million, but came away with less in a new trial. Jury Says Tesla Must Pay Worker $3.2 Million Over Racist Treatment"
850,2023-04-27,"The billionaire plans to compete with OpenAI, the ChatGPT developer he helped found, while calling out the potential harms of artificial intelligence. Elon Musk Ramps Up A.I. Efforts, Even as He Warns of Dangers"
851,2023-04-20,"Buying an electric car has become much more complicated because of restrictions on which models qualify for a federal tax credit of up to $7,500. Electric Vehicle Tax Credit Rules Create ‘Chaos for Consumers’"
852,2023-04-19,An owner of Dominion Voting Systems spoke about the company’s strategy that led Fox to agree to a $787.5 million defamation settlement. The Plan to Get Rupert Murdoch to Pay Up
853,2023-04-17,"Rules that take effect on Tuesday will limit the $7,500 credits to electric cars made domestically with minerals from the U.S. or trade allies. U.S. Car Brands Will Benefit Most From Electric Car Tax Breaks"
854,2023-04-17,The intense competition among the country’s huge number of start-up carmakers has unsettled what had been a pillar of the economy in the last few years. Buy Now and Save! Price War Over Electric Cars Erupts in China.
855,2023-04-17,"Dominion Voting Systems’ lawsuit against Fox News won’t start on Monday, as Rupert Murdoch’s media colossus reportedly pushes for an out-of-court settlement. The Defamation Trial of the Century Is Delayed"
856,2023-04-11,The decision by a Texas judge to overturn F.D.A. approval for the abortion pill mifepristone could upend the pharmaceutical industry. Why Drugmakers’ Battle in Texas Is Such a Big Deal
857,2023-04-12,Here is what car buyers need to know about the Biden administration’s proposal to push the auto industry to sell more electric cars. Confused About Electric Cars? We Have Some Answers.
858,2023-04-14,"Domestic companies are now selling more vehicles than their multinational rivals, which have failed to keep up with Chinese consumers’ demand for electric cars and S.U.V.s. China’s Car Buyers Have Fallen Out of Love With Foreign Brands"
859,2023-04-07,"The lawyer had been closely involved in the company’s talks with the Federal Trade Commission over promises it had made on privacy. Senior Twitter Lawyer Resigns, the Latest in a Series of Executive Departures"
860,2023-04-05,"G.M. is ending production of the classic American sports car, but executives say an electric version is likely. Corvette is already planning one. End of the Gas-Engine Camaro Opens a New Door for Muscle Cars"
861,2023-04-03,The promised changes to the platform’s verification program have been slow. Attention has focused instead on the image of a doge in place of the blue Twitter bird. Twitter Users Are Still Waiting for a Check-Mark Reckoning
862,2023-04-20,The payout by Rupert Murdoch’s media empire to settle defamation claims by the voting machine company may be less costly than first thought. The Tax Break That Could Save Fox Millions in Its Dominion Settlement
863,2023-04-03,Ari Emanuel’s Endeavor acquires World Wrestling Entertainment to create a live event and combat sport giant. A Hollywood Superagent Buys a Pro Wrestling Heavyweight
864,2023-04-05,"Two French business titans, Bernard Arnault of the LVMH empire and Françoise Bettencourt-Meyers of L’Oréal, are named the world’s wealthiest man and woman. France, Guardian of Égalité, Leads the List of Ultrarich"
865,2023-04-12,"China is far ahead of the rest of the world in the development of batteries that use sodium, which are starting to compete with ubiquitous lithium power cells. Why China Could Dominate the Next Big Advance in Batteries"
866,2023-04-25,"Automakers are pouring money into research and development facilities, creating spaces intended for creativity and collaboration among design and engineering teams. Shift to Electric Cars Gives Design Centers a New Look, Too"
867,2023-04-10,"The wider reverberations from the collapse of Silicon Valley Bank will be felt for some time, and investors are watching for new signs of trouble. What Next for Banks?"
868,2023-04-05,"The state, heavily dependent on the auto industry, is a case study in whether electric vehicles will create or destroy jobs. In Ohio, Electric Cars Are Starting to Reshape Jobs and Companies"
869,2023-04-14,"JPMorgan Chase and Wells Fargo reported solid earnings on Friday, but big questions remain about the sector’s health and a potential recession. What Bank Earnings Reveal About the Health of the Economy"
870,2023-05-16,"Tesla will not escape the effects of a global economic downturn, Mr. Musk said at the carmaker’s annual meeting. But he insisted Tesla would emerge stronger. Musk Warns Tesla Shareholders to Expect “Challenging” Year"
871,2023-05-31,"As investors press the oil giant on climate issues, activists say that a hedge fund’s eco-focused victory over the company two years ago has achieved little. Reassessing the Board Fight That Was Meant to Transform Exxon"
872,2023-05-17,"Lawmakers and Sam Altman, the chief executive of OpenAI, agreed that artificial intelligence should be regulated. How to do that remains an open question. Washington Confronts the Challenge of Policing A.I."
873,2023-05-16,"Passenger cars dominate the electric vehicle market, but light delivery trucks could benefit from the cost savings and range E.V.s offer. Electric Vans, Delayed by Production Problems, Find Eager Buyers"
874,2023-05-12,Jamie Dimon is the latest to urge action against the traders who have targeted the regional lenders and made huge profits. Calls to Investigate Short Sellers Intensify as Bank Crisis Deepens
875,2023-05-08,"About 80 percent of new cars sold in Norway are battery-powered. As a result, the air is cleaner, the streets are quieter and the grid hasn’t collapsed. But problems with unreliable chargers persist. In Norway, the Electric Vehicle Future Has Already Arrived"
876,2023-05-16,"Sam Altman, who leads ChatGPT’s parent company, is expected to call for some regulation of artificial intelligence as Washington weighs its next steps. The C.E.O. of OpenAI Heads to Congress to Discuss Rules for A.I."
877,2023-05-31,The Transportation Department wants new cars to automatically stop when they detect an accident is likely. U.S. Proposes Requiring New Cars to Have Automatic Braking Systems
878,2023-05-11,"Mr. Musk is in talks about the role with Linda Yaccarino, chairman of global advertising and partnerships at NBCUniversal, two people with knowledge of the matter said. Elon Musk Says He Has a New C.E.O. for Twitter"
879,2023-05-24,"To manage its risks, “superintelligent” artificial intelligence should be governed by a body similar to the International Atomic Energy Agency, the lab’s leadership said in note on its website. A.I. Needs an International Watchdog, ChatGPT Creators Say"
880,2023-05-18,"Mr. Thiel apparently had several meetings with Mr. Epstein in 2014, according to records of the disgraced financier reviewed by The New York Times. Peter Thiel Is Latest Billionaire Said to Have Met With Jeffrey Epstein"
881,2023-05-02,"Sales increased from a year earlier, when the automaker was hampered by parts shortages. Ford Reports $1.8 Billion Profit in Quarter"
882,2023-05-31,"The European Union is trying to assemble the building blocks to produce electric cars, but subsidies are luring companies to the United States. As U.S. Races Ahead, Europe Frets About Battery Factory Subsidies"
883,2023-05-01,A recent letter calling for a moratorium on A.I. development blends real threats with speculation. But concern is growing among experts. What Exactly Are the Dangers Posed by A.I.?
884,2023-05-12,Mr. Musk said Ms. Yaccarino would focus on business operations and he would work on product design and technology at the social media platform. Elon Musk Appoints Linda Yaccarino Twitter’s New Chief
885,2023-05-11,"Chiplets, a way to design chips for higher performance, has become a key prong of U.S. industrial policy. But pushing for more of this activity domestically is challenging. U.S. Focuses on Invigorating ‘Chiplets’ to Stay Cutting-Edge in Tech"
886,2023-05-06,"Extreme weather linked to climate change is causing more blackouts. But generators and batteries are still out of reach for many. Backup Power: A Growing Need, if You Can Afford It"
887,2023-05-26,Stock and bond trading suggest that investors see an imminent deal to raise the debt limit and prevent the federal government from defaulting. Is a Debt Deal Nigh? The Market Sees Signs of Optimism.
888,2023-06-27,Deals with Ford and G.M. will make it easier to find a charger but could give Elon Musk control of critical infrastructure. Tesla May Have Already Won the Charging Wars
889,2023-06-08,"The electric car company, which operates the country’s most extensive charging network, struck a similar deal with Ford Motor recently. Tesla Will Open Its Charging Network to G.M.’s Electric Vehicles"
890,2023-06-21,"India’s fast-growing economy is drawing American corporate giants, even as the country faces scrutiny over ties to Russia and limits on political freedoms. Business Leaders Join Biden in Welcoming Modi to the U.S."
891,2023-06-17,"Chief executives in the U.S. have long pushed for closer ties between the two countries. Now they just hope a rocky situation won’t get worse. As U.S. and Chinese Officials Meet, Businesses Temper Their Hopes"
892,2023-06-05,Brent crude rose on Monday after the world’s biggest oil producer announced it would be the lone OPEC Plus member to cut production next month. Saudi Arabia’s ‘Whatever It Takes’ Strategy Boosts Oil Prices
893,2023-06-27,"The company bought a shuttered General Motors plant in Ohio but struggled to produce its pickup truck. Lordstown Motors, an Electric Truck Maker, Files for Bankruptcy"
894,2023-06-22,"The money will help finance three plants the automaker and its partner, SK On, are building in Kentucky and Tennessee. Ford’s Battery Joint Venture to Get $9.2 Billion Government Loan"
895,2023-06-16,"China’s president, Xi Jinping, called Mr. Gates “the first American friend I met in Beijing this year.” Bill Gates, in First Visit to China Since 2019, Meets With Xi"
896,2023-06-29,"Gernot Döllner, who is considered close to Volkswagen’s chief, Oliver Blume, will take over at Audi starting Sept. 1. Volkswagen Replaces Audi Chief Amid Pressure to Electrify"
897,2023-06-09,"The former president, who faces seven criminal charges for mishandling classified documents, is expected to surrender to authorities next week. What Trump’s Latest Indictment Means for the 2024 Race"
898,2023-06-03,Tools like ChatGPT could open a new line of questions around tech products and harmful content. Who Is Liable for A.I. Creations?
899,2023-06-05,"The S&P 500 ended the day nearly 20 percent above its low last year, within a hair of a milestone for some market watchers. But assessing a bona fide bull market is not so simple. Is the Bear Market Over? It Depends."
900,2023-06-28,No country has had more export success than China. But Beijing faces risks in turning to the tested method of selling more abroad. Can China Export Its Way Out of Its Economic Slump?
901,2023-06-07,"The chief executive of OpenAI, which makes ChatGPT, has met with at least 100 U.S. lawmakers in recent months. He has also taken his show abroad. How Sam Altman Stormed Washington to Set the A.I. Agenda"
902,2023-06-11,The frenzy over artificial intelligence may be ushering in the long-awaited moment when technology goes wild. Or maybe it’s the hype that is out of control. Silicon Valley Confronts the Idea That the ‘Singularity’ Is Here
903,2023-06-07,An agreement to merge LIV Golf with the PGA Tour is the latest step in the kingdom’s push to become a global force beyond oil. Saudi Arabia’s Golf Deal Bolsters Its Geopolitical Ambitions
904,2023-07-20,"The electric automaker wants to produce a million cars a year at its plant near Berlin, a step that would make it Europe’s largest car factory. Tesla Wants to Double the Size of Its European Assembly Plant"
905,2023-07-19,Elon Musk’s electric car company is facing intensifying competition from newer Chinese automakers and established Western car companies. Tesla’s Profit Rose in the Second Quarter as Price Cuts Spurred Demand
906,2023-07-02,"Incentives and price cuts made Tesla electric cars cheaper than comparable gasoline models. But the company faces growing competition in China, a key market. Tesla Sales Surge as Tax Credits Fuel Demand"
907,2023-07-28,"G.M. and other automakers will jointly spend at least $1 billion to build a North American network of electric vehicle chargers. The Big Number: 30,000"
908,2023-07-26,"The companies will jointly spend at least $1 billion to build a North American network in an effort to persuade more people to buy battery-powered cars and trucks. G.M. and Other Automakers Will Build 30,000 Electric Vehicle Chargers"
909,2023-07-25,The company is earning big profits on gasoline cars and trucks but is struggling to catch up to Tesla in the fastest-growing segment of the auto market. G.M.’s Electric Vehicle Rollout Delayed by Slow Battery Production
910,2023-07-24,"Rebranding the social network as X marks the billionaire’s latest gamble to reinvent the company, after buying it last year for $44 billion. Why Elon Musk Bid Twitter Goodbye"
911,2023-07-17,"Ford, Tesla and other automakers are having to lower prices to lure buyers as the supply of battery-powered models begins to exceed demand. Electric Vehicle Prices Fall as Automakers Raise Production"
912,2023-07-13,"Both Musk, who once backed OpenAI, and Facebook’s parent company are set to unveil new services aimed at getting a piece of the artificial intelligence boom. The A.I. Wars Heat Up as Elon Musk and Meta Enter the Ring"
913,2023-07-05,"General Motors, Toyota and other automakers sold more trucks and sport utility vehicles as supply chain problems eased and demand remained strong despite rising interest rates. New Car Sales Jumped in the Second Quarter"
914,2023-07-03,"More technology and creature comforts, as well as a parade of new electric vehicles, have complicated the job after accidents. Why Car Repairs Have Become So Expensive"
915,2023-07-02,"Ford, General Motors and others are striking deals with mining companies to avoid raw material shortages that could thwart their electric vehicle ambitions. Lithium Scarcity Pushes Carmakers Into the Mining Business"
916,2023-07-19,"New guidelines show that despite legal setbacks, top competition officials intend to maintain a tough approach to takeovers and technology giants. Biden’s Antitrust Team Isn’t Backing Down From a Fight on Deals"
917,2023-07-07,"The lawsuit targeted Wachtell, Lipton, Rosen & Katz, a well-known Wall Street law firm, for “unjust enrichment” related to Mr. Musk’s $44 billion purchase of Twitter. Twitter Sues Law Firm Over $90 Million Payment in Elon Musk Deal"
918,2023-07-27,The German automaker lowered its outlook for deliveries and announced changes to its China strategy as it struggles to regain ground lost to other automakers. Volkswagen Seeks to Regain Edge in China as It Cuts Delivery Forecast
919,2023-07-15,Countries and companies are in a fight between those that want to excavate minerals used in electric vehicles and others that warn the cost is too high. Why Deep-Sea Mining Is the Next Battleground in the Energy Transition
920,2023-07-20,The company is best suited among media giants to cope with the Hollywood shutdown. But a lengthy strike by writers and actors will eventually cause damage. Netflix’s Strike Defense Is Strong. It May Have Some Cracks Anyway.
921,2023-07-18,"The financial giant, which has embraced including climate concerns in investment decisions, named the chief executive of Saudi Aramco to its board. BlackRock Forges a New Bond With Big Oil"
922,2023-07-24,The tech billionaire started removing the bird logo that has been part of Twitter’s identity since 2006. From Twitter to X: Elon Musk Begins Erasing an Iconic Internet Brand
923,2023-07-16,"Some energy experts say battery-powered vehicles will increasingly help keep the lights on and support electric grids, rather than straining them. A New Job for Electric Vehicles: Powering Homes During Blackouts"
924,2023-07-06,"Instagram’s new app was downloaded more than 30 million times in 16 hours. Twitter threatened legal action against its rival. Threads Becomes Most Rapidly Downloaded App, Raising Twitter’s Ire"
925,2023-07-01,Talks over a matchup between the two tech billionaires have progressed and the parameters of an event are taking shape. A ‘Cage Match’ Between Elon Musk and Mark Zuckerberg May Be No Joke
926,2023-07-28,The tech billionaire has become the dominant power in satellite internet technology. The ways he is wielding that influence are raising global alarms. Elon Musk’s Unmatched Power in the Stars
927,2023-07-14,"The U.A.W., with a more confrontational leader, aims to win back wage and benefit concessions and insulate jobs from the rise of electric vehicles. Autoworkers Open Contract Talks in a Fighting Mood"
928,2023-07-17,"New data published on Monday shows a post-pandemic recovery has not materialized after restrictions were lifted last year. China’s Economy Is Sputtering, Posing a Challenge for Global Growth"
929,2023-07-12,"Corporate leaders are feeling emboldened by another legal defeat for the Federal Trade Commission, though the agency may still fight to block the takeover. What the Microsoft-Activision Ruling Means for the Future of Deal-Making"
930,2023-07-07,"Economists have forecast that employers created 225,000 jobs last month. A bigger-than-expected number could complicate the Federal Reserve’s efforts to tame inflation. Why a Strong Jobs Report Could Rattle the Markets"
931,2023-08-28,"Many carmakers and charging companies are switching to the Tesla plug for electric vehicles. Why are they doing that, and what will it mean? Electric Vehicle Charging Can Be Confusing. Here’s What to Know."
932,2023-08-28,"The leaders of Google, OpenAI, Microsoft and others are meeting with lawmakers on Sept. 13 to kick off listening sessions that may shape A.I. rules in the United States. Tech Chiefs to Gather in Washington Next Month on A.I. Regulations"
933,2023-08-18,"Apple, Nvidia, Tesla and Microsoft are among the giants that have tumbled by at least 10 percent in the past month after powering a market rally earlier this year. Interest Rate Jitters Sink the Heavyweights of Tech"
934,2023-08-08,"As extreme weather events lead to more power outages, the carmaker said it would equip all its electric vehicles to act as sources of emergency power. G.M. Will Add Backup Power Function to Its Electric Vehicles"
935,2023-08-13,"A broad, and sometimes quixotic, retail effort to win the fight against global warming is playing out one person at a time, with nary a mention of climate change. The Clean Energy Future Is a Battle for Hearts and Minds"
936,2023-08-18,The fate of Indonesia’s unrivaled stocks of nickel — a critical mineral used to make batteries for electric vehicles — is caught in the conflict between the United States and China. How Geopolitics Is Complicating the Move to Clean Energy
937,2023-08-25,"Absent for more than two years, former President Donald J. Trump posted his mug shot on the site, now called X. Trump Returns to the Service Formerly Known as Twitter"
938,2023-08-31,"Lavoie, which makes high-end scooters based on McLaren’s Formula 1 technology, acquired the trendy e-bike brand that had gained a zealous following. Dutch E-Bike Brand VanMoof Bought Out of Bankruptcy by Scooter Maker"
939,2023-08-31,The Swiss bank’s sharply discounted takeover of Credit Suisse led to a paper gain that gave it the biggest quarterly profit by a bank in history. UBS Gets a $29 Billion Bump From M.&A. Accounting
940,2023-08-08,"John Rogers, one of the Wall Street firm’s most influential executives, will hand over his chief of staff role to Russell Horwitz, a onetime deputy. Goldman Sachs’s C.E.O. Whisperer Takes a Step Back"
941,2023-08-25,"The United Auto Workers union is seeking big raises and other gains in contract talks with General Motors, Ford and Stellantis. Autoworkers Vote to Authorize Strikes if Negotiations Fail"
942,2023-08-03,"VanMoof’s sleek electric bikes attracted fans, but the Dutch company’s demise has left owners unable to get repairs and worried that app-enabled functions may stop working. ‘A Nice Bike, When It Works’: Riders Fret After E-Bike Maker Goes Bust"
943,2023-08-06,The United Auto Workers leader vowed to be tougher than his predecessors in contract talks. His initial demands attach big numbers to that promise. Automakers Face a Labor Showdown as the E.V. Era Looms
944,2023-08-26,The fallout is probably limited — and there may be some upside for American interests. What China’s Economic Woes May Mean for the U.S.
945,2023-08-04,Nevada has the highest unemployment rate in the country at 5.4 percent as officials insist the economy must move away from its focus on gambling. The Recovery Left Nevada Behind. Can the State Change Its Luck?
946,2023-08-15,"Beijing stopped releasing youth unemployment figures in its latest attempt to play down negative trends as growth stalls, and global concerns grow. What China Isn’t Telling the World About Its Economy"
947,2023-08-29,"More than 120 business leaders, including Jamie Dimon of JPMorgan Chase, are urging President Biden and congressional leaders to provide aid to the city. C.E.O.s Side With New York in the Migrant Crisis"
948,2023-09-28,The Equal Employment Opportunity Commission filed a lawsuit accusing the carmaker of mistreating Black employees at its factory in California. Federal Lawsuit Accuses Tesla of Racial Discrimination
949,2023-09-21,"Elon Musk, the Tesla chief executive, may be able to exploit his rivals’ weaknesses, but the United Automobile Workers union also has the electric carmaker in its sights. For Tesla and Musk, Auto Strike Carries Benefits and Risks"
950,2023-09-28,"The S&P 500 is trading at a three-month low as surging oil prices, rising bond yields and concerns about economic growth send investors to the exits. What’s Driving the September Stock Swoon"
951,2023-09-16,"Carmakers are anxious to keep costs down as they ramp up electric vehicle manufacturing, while striking workers want to preserve jobs as the industry shifts to batteries. Battle Over Electric Vehicles Is Central to Auto Strike"
952,2023-09-15,"The walkout by thousands of factory workers presents economic and political risks for the Big Three automakers, Midwestern states and President Biden. The High Stakes Behind the U.A.W.’s Strike"
953,2023-09-13,A looming auto industry strike could test the president’s commitment to making electric vehicles a source of well-paying union jobs. Standoff Over Electric Vehicle Workers Poses Risk for Biden
954,2023-09-13,"Elon Musk, Sam Altman, Mark Zuckerberg, Sundar Pichai and others discussed artificial intelligence with lawmakers, as tech companies strive to influence potential regulations. In Show of Force, Silicon Valley Titans Pledge ‘Getting This Right’ With A.I."
955,2023-09-11,Walter Isaacson said he wrestled with the competing identities of a brilliant but “mercurial” entrepreneur. A Q&A With Elon Musk’s Biographer
956,2023-09-09,"The biography, by Walter Isaacson, portrays Mr. Musk as a complex, tortured figure. ‘I’m Not Trump’s Fan’ and Other Takeaways From a New Book on Elon Musk"
957,2023-09-28,"The Canadian government matched financial incentives available in the U.S. to attract the investment from Northvolt, a Swedish company. Quebec Lures $5 Billion Battery Factory for Electric Cars"
958,2023-09-25,The company cited concerns about operating the factory competitively. It’s not clear if the pause is linked to its dispute with the United Auto Workers. Ford Halts Work on E.V. Battery Plant in Michigan
959,2023-09-08,"Doing business in China, once seen as a can’t-miss opportunity, poses a troubling quandary: Reasons to stay can be as compelling as the reasons to retreat. China Is Full of Risks. So Why Can’t Corporate America Leave?"
960,2023-09-19,"The United Auto Workers union said workers would walk out of more plants on Friday if it didn’t make progress in talks with General Motors, Ford and Stellantis. U.A.W. Threatens Strikes at More Plants"
961,2023-09-11,"The move is a boost for Britain’s car industry, but uncertainty remains about the sector’s future in the country. BMW Says It Will Invest $750 Million to Build Electric Minis in Oxford"
962,2023-09-17,"The U.A.W. returned to the bargaining table on Sunday after its president warned, “We’re going to amp this thing up” if the car companies don’t improve their offers. Little Progress in Talks to End Strike Against 3 Detroit Automakers"
963,2023-09-16,The United Auto Workers said it had “reasonably productive conversations with Ford” but did not mention G.M. or Stellantis. Union and 3 Detroit Automakers Resume Talks
964,2023-09-15,"The union targeted three factories: one run by General Motors, one by Ford and one by Stellantis. Prolonged walkouts could hurt the U.S. economy and President Biden. U.A.W. Starts Strike Small, but Repercussions Could Prove Far-Reaching"
965,2023-09-14,The three established U.S. automakers could struggle to get new cars and trucks to dealerships and customers if the walkouts drag on. U.A.W. Strike Looms Over Detroit Auto Show
966,2023-09-13,The union and the carmakers remain far apart on wages. The U.A.W. Could Go on Strike on Friday. Here’s What to Know.
967,2023-09-05,The action covers airbags made by two companies and used by 12 automakers from 2000 to 2018. The parts were linked to seven injuries and one death. U.S. Seeks to Recall 52 Million Airbag Inflaters
968,2023-09-29,"A series of potential problems, including rising oil prices and labor strikes, have prompted a much warier mood among investors. Wall Street on Edge After Worst Month of the Year"
969,2023-09-15,"The walkouts, which began on Sept. 15, were extended at two Detroit automakers, but not at Stellantis, which the union said had gone further in meeting its demands. U.A.W. Expands Strikes at Automakers: Here’s What to Know."
970,2023-09-08,"The United Auto Workers has said it is prepared to strike at General Motors, Ford and Stellantis if a deal is not reached before current contracts end on Thursday. Automakers and U.A.W. Remain Far Apart as Contract Deadline Nears"
971,2023-09-22,"The 92-year-old media tycoon is set to become chairman emeritus of Fox and News Corporation, but he still wields considerable power over the empire he built. Is Rupert Murdoch Really Moving on?"
972,2023-09-29,"The United Automobile Workers union said 7,000 more of its members would walk off the job two weeks after it began strikes at the Big Three automakers. U.A.W. Expands Strikes at Ford and G.M."
973,2023-09-27,"The chair of the Federal Trade Commission wants to disrupt Amazon, whose founder built a trillion-dollar firm by disrupting retail. Lina Khan vs. Jeff Bezos: This Is Big Tech’s Real Cage Match"
974,2023-09-26,"The president and his leading Republican rival are heading to Michigan to address members of the U.A.W., whose political clout is growing. Why Biden and Trump Are Courting Striking Autoworkers"
975,2023-09-16,What’s being called the “summer of strikes” comes at a time when workers increasingly fear new technologies will threaten their jobs. Tech Fears Are Showing Up on Picket Lines
976,2023-09-19,"With the central bank set update its interest rate forecast, economists see elevated borrowing costs lasting through 2024. Wall Street’s Fed Watchers Brace for ‘Higher-for-Longer’"
977,2023-09-07,Shares in the tech giant fell for a second day following reports that Beijing would bar government workers from using iPhones. Apple’s Market Value Falls By Billions On Worries About China Crackdown
978,2023-09-29,"Important economic data could be delayed, as could regulators’ decisions on mergers and new public listings. From I.P.O.s to Inflation Data: What’s at Risk in a Shutdown"
979,2023-09-20,"Goldman Sachs and others are predicting that crude will hit triple-digit prices, a scenario that could impact global economic growth. How $100 Oil Could Scramble the Fed’s Fight Against Inflation"
980,2023-10-23,"The Department of Justice has sought documents related to vehicle range and “personal benefits,” Tesla said. Federal Investigators Widen Tesla Inquiry, Company Says"
981,2023-10-31,The decision by a California jury is the first involving a fatal accident that lawyers representing the victims said was the fault of Tesla’s self-driving technology. Tesla Wins Suit That Blamed Its Software for Deadly Crash
982,2023-10-18,The automaker reported a sharp drop in profits in the third quarter after slashing car prices by around 25 percent in an attempt to compete. Tesla’s Profits Plunge 44% After Big Price Cuts
983,2023-10-16,"Mr. Ford, the executive chairman of Ford Motor, said nonunion automakers would make gains against Michigan automakers because of strikes by the United Automobile Workers union. Bill Ford Says U.A.W. Strike Is Helping Tesla and Toyota"
984,2023-10-30,"President Biden’s support for autoworkers helped them make big wage gains, and labor organizers are looking to bring about similar gains elsewhere as carmakers transition to electric vehicles. Union Victories May Lift Biden, as U.A.W. Targets Tesla and Others"
985,2023-10-02,"Analysts expected a decline in sales for the quarter. Still, the dip may raise concerns about flagging demand. Tesla’s Sales Slip as It Readies Factories for New Models"
986,2023-10-30,"Tentative accords at Ford Motor, General Motors and Stellantis are the most generous in decades, raising costs as the industry shifts to electric vehicles. Autoworkers Score Big Wins in New Contracts With Carmakers"
987,2023-10-30,"After outlining gains for Ford workers in a live-streamed speech, Shawn Fain, the union president, said he was setting his sights on other automakers. U.A.W. Says It Aims to Organize Nonunion Auto Plants"
988,2023-10-26,A tentative agreement gives union members at the carmaker their best terms in decades but could complicate Ford’s electric vehicle plans. Ford’s U.A.W. Deal Will Raise Costs While Easing Labor Strife
989,2023-10-27,Car manufacturers must now raise labor costs as they confront slower-than-expected demand for electric vehicles. What Ford’s Labor Deal Might Mean for the Auto Industry
990,2023-10-23,The three U.S. automakers say they are already at a disadvantage to nonunion rivals while labor leaders hope that big gains in negotiations will inspire workers in Southern states to unionize. Nonunion Workers Are Playing a Big Role in the Autoworkers’ Strike
991,2023-10-12,"The conference on Nov. 29 will bring together the biggest newsmakers in business, politics and culture. Elon Musk, Kamala Harris, Jamie Dimon Will Speak at the DealBook Summit"
992,2023-10-07,"The prices of used battery-powered models have fallen sharply, as the supply of cars and trucks has improved. Interested in an Electric Vehicle? Consider Buying Used."
993,2023-10-25,"The deal, subject to approval by union members, could ease the way for deals with General Motors and Stellantis and end a growing wave of walkouts. U.A.W. and Ford Reach Tentative Contract Agreement"
994,2023-10-30,"With tentative agreements in place, a six-week strike against Ford, General Motors and Stellantis could soon come to an end. But the union’s rank-and-file members still need to approve the deals. What to Know About the Automakers’ Deals With the U.A.W."
995,2023-10-28,"The United Automobile Workers union announced the deal with Stellantis, the parent of Chrysler, Jeep and Ram. It also expanded its strike against G.M. U.A.W. Reaches Tentative Deal With Stellantis, Following Ford"
996,2023-10-02,"Sam Bankman-Fried, the founder of the failed crypto exchange FTX, gets his day in court on Tuesday. The trial will shine a harsh glare on the wider sector. Crypto’s Trial of the Century Is Set to Begin"
997,2023-10-23,First it was college campuses. Now the corporate world is increasingly feeling pressure to find a balance in responding to the war. Companies Are Caught in the Israel-Hamas War’s Crossfire
998,2023-10-06,"Exxon Mobil is reportedly in talks to buy Pioneer Natural Resources, a major shale driller, in what would be the biggest takeover of the year. A Mega-Deal May Await in the Oil Patch"
999,2023-10-24,"Chevron’s $53 billion bid for Hess may drive consolidation in the oil patch. Meanwhile, investors are pulling back from climate-focused investment products. Is E.S.G. Falling Out of Favor?"
1000,2023-10-06,"Exxon Mobil is reportedly in talks to buy Pioneer Natural Resources, a major shale driller, in what would be the biggest takeover of the year. A Mega-Deal May Await in the Oil Patch"
1001,2023-10-06,The United Automobile Workers reported improved wage offers from the automakers and a concession from General Motors on workers at battery factories. U.A.W. Cites Progress in Talks and Holds Off Expanding Strikes
1002,2023-10-27,"Twitter was a deeply personal source of conversation, news and community for many people. One year after Mr. Musk took over, users say that has shifted — for better and for worse. How Elon Musk Changed the Meaning of Twitter for Users"
1003,2023-10-31,Experts said the union’s new contracts could set precedents that give labor advantages when bargaining contracts and organizing workers. U.A.W. Strike Gains Could Reverberate Far Beyond Autos
1004,2023-10-09,"Green Mountain Power is asking state regulators to let it buy batteries it will install at customers’ homes, saying doing so will be cheaper than putting up more power lines. Vermont Utility Plans to End Outages by Giving Customers Batteries"
1005,2023-10-05,"Alto is trying to fill a more expensive niche, especially as politicians and labor groups argue that the contractor model exploits drivers. A Start-Up’s Alternative to Uber: Employing Its Own Drivers"
1006,2023-10-24,The United Automobile Workers on Tuesday expanded its strike to General Motors’ largest U.S. plant a day after striking at a Ram truck plant. U.A.W.’s Expanding Strikes Could Signal an Endgame or a Long Struggle
1007,2023-10-05,"Chinese electric vehicle companies like Nio are pulling ever further ahead, partly through government support but also through rapid technological advances. China’s E.V. Threat: A Carmaker That Loses $35,000 a Car"
1008,2023-10-26,Shawn Fain owes his rise within the United Automobile Workers to a group determined to make the union far more confrontational toward automakers. Why the U.A.W.’s President Has Taken a Hard Line
1009,2023-10-30,"President Biden is set to issue new rules on the technology, days ahead of an international summit on A.I. safety. The Global Race to Regulate Artificial Intelligence Is Heating Up"
1010,2023-10-25,"The latest quarterly results from Microsoft and Alphabet show that their big investments in artificial intelligence are on different trajectories. Long on Hype, A.I. Is No Guarantee for Profits"
1011,2023-10-31,The fallen crypto mogul’s decision to take the stand was long seen as a gamble. That risk will come into focus again on Tuesday as his testimony continues. Bankman-Fried’s Risky Defense Strategy Faces Another Big Test
1012,2023-10-03,Matt Gaetz’s move to unseat Kevin McCarthy is adding volatility to equity and bond markets. A Plot to Oust the House Speaker Hits Weary Investors
1013,2023-10-18,Oil prices rose as President Biden arrived in Israel for high-stakes diplomatic talks in the wake of a deadly blast at a Gaza hospital. Fresh Turmoil in the Middle East Puts Markets on Edge
1014,2023-10-27,Dozens of studies of posts on X from multiple organizations have shown a similar trend: an increase in harmful content during Mr. Musk’s tenure. The Consequences of Elon Musk’s Ownership of X
1015,2023-10-19,"Investors will listen to the Federal Reserve chair’s speech on Thursday for clues on interest-rate moves, as the Israel-Hamas conflict drives up oil prices. Markets Look to Powell Amid Rising Tensions in the Middle East"
1016,2023-10-17,"The Future Investment Initiative kicks off in Riyadh next week, with questions swirling over who will attend and who will drop out of the event. Business Leaders Confront a Dilemma Over ‘Davos in the Desert’"
1017,2023-11-30,"Two years behind schedule, the electric model has an unusual design that sets it apart from rival pickups, which could limit its sales. Pickup or Lunar Lander? Tesla’s Cybertruck Enters a Crowded Market."
1018,2023-11-28,"The electric carmaker sued the agency to deliver license plates for its cars, the latest escalation as a labor fight enters its second month. Tesla Sues Swedish Transport Agency in Dispute Over License Plates"
1019,2023-11-17,"In sympathy with striking mechanics, unions representing dockworkers, electricians and others in the country are refusing to do work for the electric carmaker. Unions in Sweden Expand Blockade Against Tesla"
1020,2023-11-07,Swedish unions are joining in blockades and targeted strikes against the U.S. automaker over its refusal to sign a collective bargaining agreement with its mechanics. Workers in Sweden Will Expand Strike Against Tesla
1021,2023-11-05,"The automaker’s mechanics in Sweden are striking for a collective agreement, and dockworkers say they will support the battle. Tesla is expected to join the talks on Monday. Job Action Against Tesla Puts Sweden’s Unions in Spotlight"
1022,2023-11-10,An employee who was fired after expressing safety concerns leaked personnel records and sensitive data about driver-assistance software. Man vs. Musk: A Whistleblower Creates Headaches for Tesla
1023,2023-11-29,"The United Automobile Workers’ effort, with a long-elusive goal, follows its success in securing big raises in contracts with the Detroit automakers. U.A.W. Announces Drive to Organize Nonunion Plants"
1024,2023-11-29,"Vice President Kamala Harris, Elon Musk, Bob Iger, Jamie Dimon and Tsai Ing-wen, the president of Taiwan, are among the big names speaking. What to Expect at Today’s DealBook Summit"
1025,2023-11-30,"Artificial intelligence, antisemitism, the 2024 presidential election, war in the Middle East and other big topics that made headlines at this year’s DealBook Summit. Musk’s Bombshell Warning to Advertisers, and Other Summit Highlights"
1026,2023-11-17,"Companies, celebrities and influencers have taken TikTok and X  — and Elon Musk himself — to task for the rise of hate speech on their platforms since the Oct. 7 Hamas attacks on Israel. Advertisers Push Back at Social Media Firms over Antisemitism"
1027,2023-11-08,"President Biden’s 2022 climate act spurred big investments in U.S. battery factories, but it has not similarly boosted E.V. sales. A New Law Supercharged Electric Car Manufacturing, but Not Sales"
1028,2023-11-07,"Growth is brisk but slower than expected, causing automakers to question their multibillion-dollar investments in new factories and raising doubts about the effectiveness of federal incentives. Automakers Delay Electric Vehicle Spending as Demand Slows"
1029,2023-11-17,"The company’s interim C.E.O. has been managing the development and distribution of ChatGPT and DALL-E for years. Meet Mira Murati, the Engineer Now Leading OpenAI"
1030,2023-11-29,"Vice President Kamala Harris, President Tsai Ing-wen of Taiwan, and Elon Musk are among those being interviewed Wednesday by The Times’s Andrew Ross Sorkin. Here’s the Lineup for the 2023 DealBook Summit, and When to Watch"
1031,2023-11-29,Some firms argue that a law aimed at popularizing electric vehicles risks turning the United States into an assembly shop for Chinese-made technology. U.S. Debates How Much to Sever Electric Car Industry’s Ties to China
1032,2023-11-02,The prime minister’s conversation with the tech billionaire was part of an effort this week to present Britain as a leader in artificial intelligence. Elon Musk Discusses Perils and Benefits of A.I. With Rishi Sunak
1033,2023-11-21,"A battery plant in Michigan will be smaller than planned, Ford said, citing slower E.V. demand than expected, as well as labor costs. Ford Resumes Work on E.V. Battery Plant in Michigan, at Reduced Scale"
1034,2023-11-01,"The central bank is expected to leave interest rates unchanged on Wednesday, but Wall Street is growing increasingly anxious over its next move. Investors on Edge as They Await the Fed’s Decision on Rates"
1035,2023-11-10,The age of autonomous A.I. assistants could have huge implications. Personalized A.I. Agents Are Here. Is the World Ready for Them?
1036,2023-11-16,"IBM, a major advertiser on X, has pulled its spending from the social media platform, whose employees are grappling with what to tell its other advertisers, according to internal messages. X Races to Contain Damage After Elon Musk Endorses Antisemitic Post"
1037,2023-11-16,Wednesday’s four-hour meeting in San Francisco resulted in few breakthroughs. But C.E.O.s gave the Chinese leader a standing ovation at a banquet afterward. What the Biden-Xi Talks Accomplished (and Didn't)
1038,2023-11-02,Two dozen major Wall Street firms sent a letter to top law schools to crack down on discrimination and harassment amid an escalation in incidents targeting Jewish students. Law Firms Warn Universities About Antisemitism on Campus
1039,2023-11-15,"Many longstanding General Motors workers have been voting against the tentative accord, which they feel insufficiently improves retirement benefits. G.M.’s Contract Deal With U.A.W. Faces Surprisingly Stiff Opposition"
1040,2023-11-13,The move is the oil giant’s first foray in the production of a metal vital for electric vehicle batteries. Exxon Mobil Plans to Produce Lithium in Arkansas
1041,2023-11-20,"The announcement capped a tumultuous weekend for OpenAI, after Mr. Altman made a push to reclaim his job as C.E.O. of the artificial intelligence company. Microsoft Hires Sam Altman Hours After OpenAI Rejects His Return"
1042,2023-11-12,"The company codes its devices with software that complicates repairs by triggering safety warnings and malfunctions. You Paid $1,000 for an iPhone, but Apple Still Controls It"
1043,2023-11-18,The departure of the high-profile boss of the San Francisco company drew attention to a philosophical rift among the people building new A.I. systems. The Fear and Tension That Led to Sam Altman’s Ouster at OpenAI
1044,2023-11-10,A disappointing Treasury auction and hawkish comments by the Federal Reserve’s chair underscored investor fears about inflation. What Ended the Market Rally
1045,2023-11-15,"A better-than-expected Consumer Price Index report triggered a big surge in stocks and bonds, as investors bet that interest rates will begin to fall. The Inflation Rally Goes Global"
1046,2023-11-14,"The latest Consumer Price Index report, due out on Tuesday, is expected to show that progress in bringing down inflation is slowing. A High-Stakes Inflation Report for Washington and Wall Street"
1047,2023-11-09,"An end to the monthslong labor fight is in sight, but the industry’s changing economics could temper some of the actors’ gains. New Contract May Not Solve Hollywood Actors’ Troubles"
1048,2023-11-20,"Big Tech is reeling from the ouster of Sam Altman at a leading A.I. start-up and his subsequent jump to Microsoft, moves that reset the power dynamic underpinning the sector. The Shake-up at OpenAI Reshapes the Industry’s Global Order"
1049,2023-12-27,"Workers seeking a collective agreement from the automaker say they are pushing for their rights, but car owners see them as taking the fight too far. Tesla Strike Is a Culture Clash: Swedish Labor vs. American Management"
1050,2023-12-13,"Federal regulators pressed the automaker to make updates to ensure drivers are paying attention while using Autopilot, a system that can steer, accelerate and brake on its own. Tesla Recalls Autopilot Software in 2 Million Vehicles"
1051,2023-12-13,"Under pressure from federal regulators, the company has agreed to recall two million cars to update its driver-assistance system. The cars will be updated over cellular networks. What Car Owners Should Know About the Tesla Autopilot Recall"
1052,2023-12-07,"The action began with a walkout by mechanics in October, but has spread to include blockades by other unions. Tesla has pushed back through the courts. Tesla Is Fighting With Sweden’s Unions. Here’s What to Know."
1053,2023-12-16,Purchases of popular models like the Tesla Model 3 and the Ford Mustang Mach-E may no longer entitle buyers to tax savings because the cars do not meet tougher sourcing requirements. Fewer Electric Vehicles Will Qualify for Federal Tax Credits in 2024
1054,2023-12-15,Federal regulators said the automaker had not done enough to make sure that drivers were paying attention while using Autopilot. The Big Number: 2 Million
1055,2023-12-12,Ford and other automakers have had to readjust their electric vehicle production plans because sales have been weaker than they had expected. Ford Will Cut Planned Electric F-150 Production as Demand Slows
1056,2023-12-01,"Shares in Tesla fell despite the release of the Cybertruck pickup on Thursday, and some brands are still steering clear of X. The Fallout From Musk’s Profanity-Laden Attack on Advertisers Isn’t Over"
1057,2023-12-22,"The announcement underscores the threat to European and U.S. automakers posed by Chinese electric-vehicle manufacturers. BYD, a Chinese Powerhouse in Electric Cars, Will Build a Plant in Hungary"
1058,2023-12-26,Regional bank failures and the conviction of Sam Bankman-Fried were among the big news events this year. A Look Back at the Top Business Stories of 2023
1059,2023-12-11,"A week after declaring a drive to organize nonunion automakers, the United Automobile Workers union filed charges against three foreign manufacturers. U.A.W. Accuses Honda, Hyundai and Volkswagen of Labor Violations"
1060,2023-12-12,"Volkswagen is shifting more operations to China, tapping the country’s electric vehicle capacity and building factories. Why Volkswagen Is Building a Team of 3,000 Engineers in China"
1061,2023-12-14,"The Federal Reserve’s surprise projection that it may cut interest rate three times next year has triggered a global rally in stocks and bonds. Powell, Fed’s Chair, Unleashes the Bulls"
1062,2023-12-03,"The people who were most afraid of the risks of artificial intelligence decided they should be the ones to build it. Then distrust fueled a spiraling competition. Ego, Fear and Money: How the A.I. Fuse Was Lit"
1063,2023-12-03,"Before chatbots exploded in popularity, a group of researchers, tech executives and venture capitalists had worked for more than a decade to fuel A.I. Who’s Who Behind the Dawn of the Modern Artificial Intelligence Movement"
1064,2023-12-26,"Analysts bullish on 2023 were largely right and expect more of the same in 2024. Bears caution that the Fed’s impact is yet to be determined. Downturn or Not? At Year’s End, Wall St. Is Split on What’s Ahead."
1065,2023-12-22,False claims and risky trades at the Silicon Valley start-up HeadSpin were part of a pattern of trouble emerging at young companies that lacked controls. No Oversight: Inside a Boom-Time Start-Up Fraud and Its Unraveling
1066,2023-12-18,"Trevor Milton, who founded the truck company Nikola, was sentenced on Monday in a fraud case that exposed the excesses in the electric vehicle business. E.V. Start-Up Founders Made Big Claims. One Was Just Sentenced to Prison."
1067,2023-12-08,"The heads of Harvard, M.I.T. and the University of Pennsylvania are under pressure after testifying to Congress about antisemitism on campus. Corporate Bosses Turn Up the Heat on University Presidents"
1068,2023-12-22,Investors await Friday’s inflation report for clues on what the Fed will do next on rates. But it is not the only data point Wall Street is watching. The Eye-Popping Numbers Driving the Markets
1069,2023-12-13,The agreement calls for phasing out fossil fuels. But it also lets oil producers keep drilling and gives few specifics on how to fund a shift to greener energy. What’s Missing From the COP28 Climate Deal
1070,2023-12-20,Democrats and Republicans alike are questioning the wisdom of allowing an American industrial icon to fall into foreign hands. Washington Comes for the U.S. Steel Deal
1071,2024-01-25,Shares in Elon Musk’s electric vehicle maker fell sharply after the company delivered lackluster quarterly results and declined to give full-year guidance. Tesla Tumbles as Growth Slows
1072,2024-01-31,"The company’s board will now decide whether to appeal the decision, change where Tesla is incorporated or negotiate a new pay package. Elon Musk’s $50 Billion Tesla Pay Was Struck Down. What Happens Next?"
1073,2024-01-24,"A tax benefit boosted quarterly earnings, but that masked a decline in earnings from carmaking caused by intensifying competition. Tesla Profit From Car Sales Falls as Price Cuts Hurt"
1074,2024-01-30,"Shareholders had sued, arguing that Mr. Musk’s compensation — which helped make him the world’s richest person — was excessive. Elon Musk’s Tesla Pay Package Is Voided by Judge"
1075,2024-01-16,"Elon Musk, the electric car company’s chief executive, said he would “build products outside of Tesla” unless the board raises his stake to 25 percent. Musk Demands Bigger Stake in Tesla as Price for A.I. Work"
1076,2024-01-05,The recall follows a similar move by the company in the United States to upgrade the cars’ Autopilot feature. Tesla Recalls 1.6 Million Cars in China to Fix Self-Driving Systems
1077,2024-01-11,"The rental car company blamed the sharp drop in the value of electric vehicles and higher repair costs for its decision to sell 20,000 cars. Hertz Will Shrink Electric Fleet After Being Burned by Tesla’s Price Cuts"
1078,2024-01-02,The leading U.S. electric-vehicle maker also drew buyers eager to take advantage of government incentives that will be harder to get in 2024. Tesla Sales Rebound After Steep Price Cuts
1079,2024-01-31,A Delaware court ruling on his $50 billion compensation plan at Tesla raises questions about corporate governance and more. What Elon Musk Could Lose After His Big Pay Deal Is Blocked
1080,2024-01-27,"Hefei has led the country in making electric vehicles and other tech products, but it still has not escaped a nationwide housing crisis. What China’s E.V. City Says About the State of the Economy"
1081,2024-01-03,"The National Labor Relations Board said the rocket company had wrongly dismissed eight people for a letter raising concerns about the chief executive. SpaceX Illegally Fired Workers Critical of Musk, Federal Agency Says"
1082,2024-01-01,"Sales by BYD, the country’s dominant automaker, topped 3 million last year, including 1.6 million fully battery-powered cars. It’s a sign of China’s rapid growth in EVs. China Auto Giant BYD Sells More Electric Vehicles Than Ever"
1083,2024-01-30,"Daimler, Navistar and Volvo have been criticized for not selling many electric heavy trucks, but the companies say the country first needs many more chargers. Truck Makers Team Up to Push for Electric Vehicle Chargers"
1084,2024-01-12,"The Wall Street giant agreed to buy Global Infrastructure Partners, whose assets include airports and oil pipelines, in its biggest takeover in 15 years. BlackRock’s Giant Bet on Infrastructure"
1085,2024-01-03,The resignation of Claudine Gay as Harvard’s president reopens the debate over who should run America’s elite universities. Harvard’s Governance Dilemma
1086,2024-01-08,The jet maker’s share price fell sharply in premarket trading on Monday after hundreds of flights were canceled and safety inspections resumed. Investors Bail on Boeing Following Max 9 Grounding
1087,2024-01-30,"The billionaire said his company’s first product, called Telepathy, would let a person control a phone or computer “just by thinking.” Neuralink Implanted a Device in a Patient’s Brain, Elon Musk Says"
1088,2024-01-23,"The 20 best-performing hedge funds made $67 billion in gains last year, a big jump from the year before. Rising Markets Lift Hedge Funds to Huge Gains"
1089,2024-01-11,The Federal Communications Commission is concerned about abusive partners using connected car apps to harass and track their victims. Federal Regulator Questions Carmakers About Unwanted Tracking via Their Apps
1090,2024-01-27,"Seven tech stocks, including Meta, Nvidia and Apple, have accounted for roughly 90 percent of the S&P’s gains over the past 12 months. The S&P 500 Through the Prism of a ‘Magnificent 7’"
1091,2024-01-17,"Automakers like Ford, Kia and Toyota are offering more hybrid options to appeal to buyers who aren’t ready for fully electric vehicles. Hybrid Cars Enjoy a Renaissance as All-Electric Sales Slow"
1092,2024-01-30,"The automaker has placed a bet on electric vehicles, but it has struggled to produce and sell the vehicles in large numbers. G.M. Profits Hurt by Electric Car Business and Strike"
1093,2024-01-22,"His remarks, part of an effort to atone for comments many called antisemitic, came after a visit to the Auschwitz death camp site. Elon Musk, on Rehabilitation Tour, Calls Himself ‘Aspirationally Jewish’"
1094,2024-01-22,"Ron DeSantis’s exit, and Nikki Haley’s struggle to make headway against Donald Trump, are forcing Republicans to make a tough choice. G.O.P. Donors Face a Dilemma as Another Trump Rival Falls"
1095,2024-01-03,"Automakers sold more cars in 2023 than a year ago as supply chain chaos ended, but sales are now under pressure from higher interest rates. Auto Sales Are Expected to Slow After a Strong 2023"
1096,2024-01-05,"The S&P 500 logged its first weekly decline since October, ending Wall Street’s longest winning streak in nearly 20 years. Wall Street Sobers Up After December’s Rally"
1097,2024-01-19,"The S&P 500 crossed above its January 2022 peak after weeks of wavering. Investors have been buying stocks after homing in on signals that the Fed’s campaign of raising interest rates is over. Stocks Climb to Record, Lifted by Big Tech and Rate Cut Hopes"
1098,2024-01-10,"Amid U.S.-China tensions, the company has faced questions over whether operating an advanced research lab in Beijing is politically tenable. Microsoft Debates What to Do With A.I. Lab in China"
1099,2024-01-15,"Worries are growing in Washington that a flood of Chinese products could put new American investments in clean energy and high-tech factories at risk. Flush With Investment, New U.S. Factories Face a Familiar Challenge"
1100,2024-01-16,"C.E.O.s and world leaders gather in the Swiss Alps this year as war, trade risks and disruptive new technologies loom large. The Big Buzz at Davos: A.I., Ukraine, China, and the Middle East"
1101,2024-02-21,"A local town’s vote against the U.S. automaker’s proposed expansion is nonbinding, but citizens expect it to be honored. Let Tesla Expand? Germans Vote No."
1102,2024-02-15,"Robyn Denholm, who has led the electric car company’s board for more than five years, has been criticized for not serving as a check on Mr. Musk. Tesla’s Chair Under Scrutiny for Oversight of Elon Musk"
1103,2024-02-19,The U.S. automaker’s plan to enlarge its operations outside Berlin has divided local residents. Some worry about the environmental costs; others see job prospects. Let Tesla Expand? Three German Teens Have a Few Thoughts.
1104,2024-02-12,"The leading Chinese electric vehicle company, with origins as a battery maker, has posted two years of million-car growth in sales. How China Built BYD, Its Tesla Killer"
1105,2024-02-28,Internal disagreements over the direction of the Apple car led the effort to sputter for years before it was canceled this week. Behind Apple’s Doomed Car Project: False Starts and Wrong Turns
1106,2024-02-28,"The tech giant has dropped its plans to develop an electric vehicle, but some of the development at the heart of the effort has helped power other products and services. How Apple Used its Car Project to Drive Wider Innovation"
1107,2024-02-15,"The billionaire said his private rocket company was reincorporating from Delaware, where he recently lost a case over his pay package as head of Tesla. SpaceX Is Now Incorporated in Texas, Elon Musk Says"
1108,2024-02-15,The billionaire moved SpaceX’s incorporation out of the state. Wall Street is wondering if Tesla will follow suit. Elon Musk Extends His Anywhere-but-Delaware Campaign
1109,2024-02-07,"Some buyers said the electric Lightning did not meet expectations, and Ford has slashed its production plans for the pickup because sales are lagging. How Ford’s F-150 Lightning, Once in Hot Demand, Lost Its Luster"
1110,2024-02-05,"Chastened by a series of economic downturns that punished the hospitality industry, state leaders are working to broaden the economy. How Nevada Is Pushing to Generate Jobs Beyond the Casinos"
1111,2024-02-02,"After a judge struck down Elon Musk's pay package, Tesla's board must now decide whether to appeal the decision or come up with a new pay plan. The Big Number: $50 Billion"
1112,2024-02-12,"An overtime classic, featuring appearances by Usher and Taylor Swift, could make this year’s Super Bowl a hugely profitable money-maker for the N.F.L. How Big Was the Big Game?"
1113,2024-02-05,"The latest data on jobs and wages are positive on the surface, but a large group of voters are still downbeat about the state of the economy. The Other Side of Soaring Employment Numbers"
1114,2024-02-06,Ford Motor attributed the loss in the fourth quarter to charges related to pension plans and a restructuring of overseas operations. Ford Reports Quarterly Loss but Says Sales Grew
1115,2024-02-27,"The car, which Apple spent billions of dollars researching, had been intended as a rival to Tesla’s E.V.s, which include autonomous driving features. Apple Kills Its Electric Car Project"
1116,2024-02-20,It and other foreign automakers are trying to exploit upheaval caused by new technology to gain market share from their dominant rivals. Volkswagen Leans on Electric Vehicles and Nostalgia to Grow in U.S.
1117,2024-02-17,"Doha Mekki, one of President Biden’s key antitrust enforcers, talks about the Justice Department’s big wins and losses, and what could be in store if President Biden gets another four years. On the Ground of Biden’s Antitrust Agenda"
1118,2024-02-29,"The high-flying A.I. start-up and its C.E.O. are under regulatory scrutiny, and that could stall their ambitions. Unpacking the Investigations Into OpenAI"
1119,2024-02-05,"The Houthi attacks on commercial ships are driving up freight costs and adding delays to journeys, with some companies affected more than others. What Business Leaders Are Saying About the Red Sea Attacks"
1120,2024-02-29,"The president ordered an investigation into auto technology that could track U.S. drivers, part of a broader effort to stop E.V. and other smart-car imports from China. Biden Calls Chinese Electric Vehicles a Security Threat"
1121,2024-02-19,The Times was honored for its coverage of the Israel-Hamas war. And ProPublica won a prize for revealing the lavish gifts and luxury trips given to Justice Clarence Thomas. The New York Times Wins 3 Polk Awards
1122,2024-02-12,"With sports betting illegal in California and daunting prices in the Super Bowl host city, some San Francisco fans embraced an alternative. Leaving Las Vegas to High Rollers, Some 49ers Fans Chose Reno"
1123,2024-02-09,"The Super Bowl will be played at Allegiant Stadium, which received $750 million in public subsidies even as the city’s schools and other services have gone wanting. Pro Sports in Las Vegas Aren’t Cheered by Everyone"
1124,2024-02-16,"BlackRock, JPMorgan Chase and State Street are quitting or scaling back their ties to an influential global investment coalition. Wall Street’s Climate Retreat"
1125,2024-02-02,Companies like Meta that could tout their work in the fast-growing field saw a benefit in their fourth-quarter results — and won praise from eager investors. A.I. Promises Give Tech Earnings a Jolt
1126,2024-02-20,"Regulators have been tough on big financial mergers, though there are nuances in Capital One’s $35.3 billion takeover bid for Discover. Unpacking the Washington Math for a Big Payment Deal"
1127,2024-02-01,"Tech leaders faced a grilling in the Senate, and one offered an apology. But skeptics fear little will change this time. Will Congress Move on New Rules for Online Children’s Safety?"
1128,2024-03-18,"As the share price plunges, investors wonder whether the company, led by Elon Musk, can withstand intensifying competition. Tesla’s Troubles Raise Questions About Its Invincibility"
1129,2024-03-15,The carmaker and energy company settled with a Black man who had worked at its California factory and had won a $3 million judgment against the company. Tesla Settles Discrimination Suit With Former Factory Worker
1130,2024-03-19,Federal prosecutors said the pair tried to sell technology to manufacture batteries for electric cars that belonged to the company. U.S. Accuses Two Men of Stealing Tesla Trade Secrets
1131,2024-03-05,"Police believe the blaze at a high-voltage power pylon had been deliberately set, amid turmoil over the automaker’s plans to expand its assembly plant near Berlin. Tesla Halts Production in Germany After Suspected Arson"
1132,2024-03-06,"In its first public comment since Mr. Musk sued the artificial intelligence lab, OpenAI claims he tried to commercialize its operations years ago. OpenAI Says Elon Musk Tried to Merge It With Tesla"
1133,2024-03-09,"Once considered a laggard, the German luxury carmaker is one of only a few established automakers that has been able to compete effectively against Tesla. BMW Is a Surprise Winner in Electric Vehicles"
1134,2024-03-09,"Toyota, the world’s largest automaker, has been criticized for selling few electric vehicles, but its decision to focus on hybrids is paying off financially. Toyota’s Hybrid-First Strategy Is Delivering Big Profits"
1135,2024-03-20,New Biden administration auto rules are less forceful than an earlier proposal but will still add to market pressure for cheaper electric vehicles. New Rules Will Still Push Carmakers to Sell More Electric Cars
1136,2024-03-06,"Lawmakers on Capitol Hill are set to grill Jay Powell, the Fed chair, about interest rates and the economy, topics that are top of mind for voters and investors alike. Inflation Fears Stalk Presidential Politics and the Markets"
1137,2024-03-11,"The former president targeted the platform while in office, but has now come out against a bill that could ban the short video app in the U.S. Could Trump Save TikTok?"
1138,2024-04-26,The National Highway Safety Administration also released an analysis of crashes involving the system that showed at least 29 fatal accidents over five and a half years. Auto Safety Regulator Investigating Tesla Recall of Autopilot
1139,2024-04-19,"A federal auto safety agency said the accelerator pedal on the pickup truck, sales of which began in late 2023, could become stuck, increasing the risk of accidents. Tesla Will Recall Cybertruck in Latest Setback"
1140,2024-04-29,"Elon Musk met with the country’s premier, a longtime Tesla ally, and secured regulatory nods and a necessary partnership with a Chinese tech company. Tesla Reaches Deals in China on Self-Driving Cars"
1141,2024-04-30,"The carmaker dismissed 500 employees in a unit that was critical to its success and seen as important to the future of electric vehicle sales in the United States. Tesla Fires Many on Charger Team, Raising Doubts About Expansion"
1142,2024-04-15,More competition and flagging demand for electric vehicles has led to declining sales at Tesla. E.V. Sales Are Slowing. Tesla’s Are Slumping.
1143,2024-04-23,"The first-quarter results are likely to fuel worries that competitors will continue grabbing a bigger slice of a market dealing with slowing electric car sales. Tesla’s Profit Fell 55%, Adding to Concerns About Its Strategy"
1144,2024-04-15,"Along with the departure of two senior executives, the cuts added to signs of turmoil at the electric car company. Tesla Will Lay Off More Than 10% of Workers"
1145,2024-04-17,"The company’s directors are asking shareholders to again approve the multibillion-dollar compensation plan and to move the company’s registration to Texas, from Delaware. Tesla Seeks to Revive Musk’s $47 Billion Pay Deal After Judge Says No"
1146,2024-04-09,"A Tesla driver’s family had sought damages for the 2018 crash, which happened while the carmaker’s driver-assistance software was in use. Tesla Settles Lawsuit Over a Fatal Crash Involving Autopilot"
1147,2024-04-12,"Mr. Musk, the chief executive of Tesla, has turned off many people with polarizing remarks on social media, and it may be affecting the automaker’s sales. Tell Us: Has Elon Musk’s Behavior Affected How You View Tesla?"
1148,2024-04-03,The carmaker’s disappointing results point to slowing demand and a “sharp deterioration in growth” that extends beyond Elon Musk’s company. What Tesla’s Troubles Signal for the E.V. Revolution
1149,2024-04-02,"Sales of the company’s electric cars dropped in the first three months of the year, even as other automakers sold more battery-powered vehicles. Tesla’s Sales Drop, a Sign That Its Grip on the E.V. Market Is Slipping"
1150,2024-04-23,"Manufacturers like BYD, Tesla and Li Auto are cutting prices to move their electric cars. For gasoline-powered vehicles, the surplus of factories is even worse. ‘It Is Desolate’: China’s Glut of Unused Car Factories"
1151,2024-04-01,"The latest proposal comes from Luca de Meo, the C.E.O. of Renault Group, who is pushing for an Airbus-inspired alliance that would help European automakers fend off competition from cheaper Chinese-made electric vehicles. Auto Execs Call for New Measures as E.V. Wars Heat Up"
1152,2024-04-22,The electric vehicle maker has announced price cuts and a Cybertruck recall ahead of Tuesday’s pivotal earnings report. How Can Elon Musk Reassure Tesla Investors?
1153,2024-04-17,The electric vehicle maker will ask shareholders to vote again on a multibillion-dollar compensation package that was voided by a judge in January. Tesla Sets Up a New Showdown Over Elon Musk’s Pay
1154,2024-04-29,Tesla’s C.E.O. appears to have landed a deal that moves the company closer to bringing fully autonomous driving to a giant market. But Beijing is keen to exploit the visit for its own purposes. Who Gains From Elon Musk’s Visit to China?
1155,2024-04-24,"The Senate has finally passed a law that could bar the  video-sharing app in the U.S., leaving some tech giants in pole position to profit — or pounce. Who Stands to Gain from a TikTok Ban"
1156,2024-04-18,"A legislative maneuver in the House may help an effort to force the divestment of the video platform by its Chinese owner, which would squeeze U.S. investors. Congress Ramps Up the Pressure on TikTok"
1157,2024-04-09,"Volkswagen’s plant in Zwickau stopped producing Golfs and switched to electric vehicles, illuminating the risks and opportunities for factory towns and cities. What Happened When a German Car Factory Went All Electric"
1158,2024-04-04,"The automaker said it would delay new battery-powered models and shift its focus to hybrid cars, sales of which are rising fast. Ford Slows Its Push Into Electric Vehicles"
1159,2024-04-27,"Business executives who are concerned about antisemitism on college campuses have other options for influencing the schools’ actions, Andrew Ross Sorkin writes. Beyond Pulling Donations"
1160,2024-04-06,"Employers have been adding jobs since Joe Biden took office, but will the good news translate into votes? The Economic Paradox of the Biden Presidency"
1161,2024-04-17,"The United Automobile Workers hopes contract gains at the Big Three carmakers will provide momentum in a broad effort to organize nonunion plants. VW Workers in Tennessee Start Vote on U.A.W., Testing Union Ambitions"
1162,2024-04-30,Modern cars are internet-connected and have hundreds of sensors. Lawmakers and regulators have concerns about what’s happening with all that data. ‘Smartphones on Wheels’ Draw Attention From Regulators
1163,2024-04-26,The United Automobile Workers reached an agreement involving workers who make Freightliner trucks and Thomas Built buses. The deal comes as the union seeks to expand in Southern states. Daimler Truck Workers Reach Deal and Avert Threatened Strike in North Carolina
1164,2024-04-20,A wave of star power has lifted hopes that viewership will pick up for the women’s league. Can the W.N.B.A. Make Money?
1165,2024-04-25,"The Japanese automaker, which has been slow to sell electric vehicles, said it would invest $11 billion to make batteries and cars in Ontario. Honda Commits to E.V.s With Big Investment in Canada"
1166,2024-04-11,"Hotter-than-expected inflation has upended bets on when the Fed will start lowering interest rates, and could complicate President Biden’s re-election bid. The Odds for a Summertime Rate Cut Are Dwindling"
1167,2024-04-15,"Katherine Maher, who took over the public network last month, posted years ago on Twitter that “Donald Trump is a racist.” NPR C.E.O. Faces Criticism Over Tweets Supporting Progressive Causes"
1168,2024-04-15,"Global equities and oil prices were stable following Iran’s missile and drone attack on Israel, but analysts warn that the calm may not last. Markets Brace for Israel’s Next Move"
1169,2024-04-20,"The Volkswagen plant in Chattanooga is set to become the first unionized auto factory in the South not owned by one of Detroit’s Big Three. VW Workers in Tennessee Vote for Union, a Labor Milestone"
1170,2024-04-04,"New voting rules made for sharper attacks, while a bold defense kept the activist investor at bay. But pressure remains on the company’s chief, Bob Iger. The Takeaways From Disney’s Board Fight with Nelson Peltz"
1171,2024-04-09,Investors see Wednesday’s Consumer Price Index report as a pivotal report card on inflation and the Federal Reserve’s next move. How Low Will They Go? Wall Street’s Big Rethink on Interest Rate Cuts
1172,2024-04-23,"Robert Kraft, an alumnus of Columbia, suggested he would withhold donations to the school. Other alumni are keeping quiet. Donors Stay Largely Silent Amid New Wave of Campus Protests"
1173,2024-04-16,"The White House laid the ground work for Microsoft’s $1.5 billion investment in an Emirati artificial intelligence start-up, a deal meant to box out Beijing. How Washington Played A.I. Matchmaker"
1174,2024-04-25,A sell-off in Meta’s stock after the company disclosed huge investments in the technology may be a sign of investor fears about tech giants’ spending. Wall Street’s Patience for a Costly A.I. Arms Race Is Waning
1175,2024-04-30,"Bob Bakish, the media giant’s chief executive, is out, removing an obstacle to a deal with David Ellison's Skydance. But the company’s future is no clearer as a key deadline approaches. Paramount Faces a Mountain of Questions"
1176,2024-04-19,"If workers at a plant in Tennessee agree to unionize, it would reflect the growing power of groups like the U.A.W. at a crucial political moment. A Union Vote at Volkswagen Is a Big Test for Organized Labor"
1177,2024-05-31,The Tesla chief executive is taking to his social media company to press shareholders to vote for a critical pay package on June 13. Elon Musk Lobbies on X for His $46.5 Billion Tesla Pay Package
1178,2024-05-04,The automaker led by Elon Musk is no longer planning to take the lead in expanding the number of places to fuel electric vehicles. It’s not clear how quickly other companies will fill the gap. Tesla Pullback Puts Onus on Others to Build Electric Vehicle Chargers
1179,2024-05-15,"Automakers in the United States and their supporters welcomed President Biden’s tariffs, saying they would protect domestic manufacturing and jobs from cheap Chinese vehicles. Few Chinese Electric Cars Are Sold in U.S., but Industry Fears a Flood"
1180,2024-05-12,Mr. Musk has built a constellation of like-minded heads of state — including Argentina’s Javier Milei and India’s Narendra Modi — to push his own politics and expand his business empire. Elon Musk’s Diplomacy: Woo Right-Wing World Leaders. Then Benefit.
1181,2024-05-01,"More capable autonomous driving is just one way Chinese automakers are threatening to pull ahead — their E.V.s are also becoming bigger and roomier. China’s Electric Cars Keep Improving, a Worry for Rivals Elsewhere"
1182,2024-05-21,"The actress, who criticized the use of a soundalike voice for ChatGPT, is the latest to raise concerns about the artificial intelligence start-up’s practices. Scarlett Johansson and OpenAI’s Trust Issues"
1183,2024-05-13,The pivotal Consumer Price Index report is set to be published on Wednesday as the window for interest-rate cuts before November is closing. An Inflation Test Looms Over the Economy and the Election
1184,2024-05-31,"Elon Musk’s artificial intelligence company, xAI, announced last Sunday that it had raised $6 billion, which would go toward developing new products and research and development efforts. The Big Number: $6 Billion"
1185,2024-05-14,"The White House has imposed $18 billion in new duties on Chinese imports, but it’s unclear how much that will help his economic agenda. Will Biden’s Trade War With China Get Results?"
1186,2024-05-25,Executive communications experts say the gig is becoming a harder sell for business leaders. Who’d Want to Give a Commencement Speech Anymore?
1187,2024-05-01,The Justice Department’s recommendation that restrictions on marijuana be lifted have revived expectations for a business that has waited years for such a change. The Cannabis Industry Hopes for New Highs
1188,2024-05-27,"Elon Musk, who founded xAI last year, has said the business “still has a lot of catching up to do” as it looks to compete with well-funded companies like OpenAI. Musk’s A.I. Firm Raises $6 Billion in Race With Rivals"
1189,2024-05-24,"The billionaire owner of X has increasingly been using his social media platform to criticize President Biden for his health and immigration policies, according to a New York Times analysis. Elon Musk Ramps Up Anti-Biden Posts on X"
1190,2024-05-06,"The London-based developer of artificial intelligence systems for self-driving vehicles raised the funding from SoftBank, Nvidia, Microsoft and others. Wayve, an A.I. Start-Up for Autonomous Driving, Raises $1 Billion"
1191,2024-05-15,Their plan is the culmination of a yearlong listening tour on the dangers of the new technology. Senators Propose $32 Billion in Annual A.I. Spending but Defer Regulation
1192,2024-05-17,"A win for the Consumer Financial Protection Bureau removed the existential threat hanging over the agency, but opponents have vowed to keep on fighting. A Supreme Court Victory Won’t End a War on Regulators"
1193,2024-05-22,"The Silicon Valley company was again lifted by sales of its artificial intelligence chips, but it faces growing competition and heightened expectations. Nvidia, Powered by A.I. Boom, Reports Soaring Revenue and Profits"
1194,2024-05-17,"The election, fiercely opposed by the state’s political leaders, was seen as a test of the United Automobile Workers’ ability to unionize factories in the South. Mercedes Workers in Alabama Reject Union"
1195,2024-05-06,The prize for public service went to ProPublica for coverage of the Supreme Court. The Pulitzer board also issued a special citation for journalists covering the Middle East. The New York Times and The Washington Post Win 3 Pulitzers Each
1196,2024-05-16,Southern political leaders say a win for the United Automobile Workers would threaten their economies. Activists want to strike a blow against a system they say exploits the poor. U.A.W. Effort to Organize Mercedes Workers in Alabama Has High Stakes
1197,2024-05-18,"After Mercedes workers voted against joining the United Automobile Workers, the union will have less momentum as it campaigns to organize Southern factories. A Loss at Mercedes-Benz Slows U.A.W.’s Southern Campaign"
1198,2024-05-07,Wall Street has been debating how the investment giant’s $59 billion real estate fund has managed to outperform virtually all its rivals. The Big Questions Hanging Over a Blackstone Fund
1199,2024-05-11,A little-known financial tool was the talk of the Milken Institute’s Global Conference. All the Rage in Private Equity: Mortgaging the Fund
1200,2024-05-30,"The Republican is courting the mogul to bolster his re-election fight, but  the Biden campaign sees a political opportunity to exploit. What’s Behind Elon Musk’s Bromance with Donald Trump"
1201,2024-05-09,"If Sony and Apollo Global win the fight to buy the media company, they plan to keep the studio business and sell everything else. A Plan to Break up Paramount"
1202,2024-05-03,"Berkshire Hathaway shareholders will gather in Omaha for the conglomerate’s annual meeting on Saturday, with questions about the company’s future. What Will Warren Buffett Bet on Next?"
1203,2024-05-02,Stubbornly high inflation has scrambled the central bank’s outlook. Wall Street is now shifting focus to Friday’s jobs report for clues on its next move. What Will It Take for the Fed to Lower Rates?
1204,2024-06-13,Tesla mechanics in Sweden have been striking for six months with little movement from their employer. Nordic shareholders hope to change that. Tesla’s Nordic Shareholders Seek to Promote Workers’ Rights in Vote
1205,2024-06-14,"Investors voted overwhelmingly to reinstate the C.E.O.’s multibillion-dollar compensation package, inextricably tying the car maker’s future to the tech billionaire. What Elon Musk’s Convincing Win Means for Tesla"
1206,2024-06-13,The vote was seen as a referendum on his management of the electric car maker and on the limits of executive pay. Tesla Shareholders Approve Big Stock Package for Musk
1207,2024-06-12,The vote is seen as a referendum on the limits of executive pay and the accountability of Silicon Valley billionaires. Tesla Investors to Decide if Musk Deserves $45 Billion Payday
1208,2024-06-14,About 72 percent of shares in the balloting affirmed the chief executive’s lucrative stock award. The company hopes to get a court to reinstate it. Musk’s Tesla Pay Package Got Big Margin in Shareholder Vote
1209,2024-06-13,A huge run-up in the stock’s value followed a 2018 vote on Elon Musk’s compensation package. But investors have recently become less enamored. Tesla Share Price Is Its Own Referendum on Musk
1210,2024-06-14,"On the social media platform X, which Mr. Musk owns, reactions to a vote that reaffirmed Mr. Musk’s $45 billion package were buoyant. Musk’s Friends and Fans Applaud Shareholder Vote on His Payday"
1211,2024-06-03,"More efficient manufacturing, falling battery costs and intense competition are lowering sticker prices for battery-powered models to within striking distance of gasoline cars. Electric Cars Are Suddenly Becoming Affordable"
1212,2024-06-03,"Automakers and dealers are starting to offer discounts, low-interest loans and other incentives to lure buyers as the supply of cars grows. Car Deals Vanished During the Pandemic. They’re Coming Back."
1213,2024-06-08,The company has lobbied to reinstate the package awarded to Musk six years ago — now worth about $56 billion — after a Delaware judge voided it. Tesla Shareholders Will Vote on Elon Musk’s Big Payday. What Happens Then?
1214,2024-06-13,"Assisted driving systems and robot taxis are becoming more popular with government help, as cities designate large areas for testing on public roads. China Is Testing More Driverless Cars Than Any Other Country"
1215,2024-06-24,"The iPhone maker is the first U.S. tech giant charged with breaching the European Union’s Digital Markets Act, potentially exposing it to huge fines. Apple’s European Headache"
1216,2024-06-12,"After months of negotiations, Shari Redstone walked away from a tie-up with SkyDance. Here’s how a plan to reshape the media conglomerate broke apart. Why the Paramount Deal Talks Failed"
1217,2024-06-25,"VW and Rivian, a maker of electric trucks that has struggled to increase sales and break even, will work together on software and other technologies. Volkswagen Will Invest Up to $5 Billion in Rivian"
1218,2024-06-21,"Even with more fast-charging stations available, having a smooth electric vehicle experience still takes planning, our columnist found. Tips for Renting an E.V. for Your Summer Vacation"
1219,2024-06-03,"The technology company MicroStrategy and its founder, Michael Saylor, agreed to a $40 million deal to end a lawsuit accusing him of evading income tax. A Crypto Bull’s Big Tax Settlement"
1220,2024-06-13,"Still, Elon Musk, who owns the platform, and his chief executive Linda Yaccarino, have work to do to grow the business, leaders told employees. At X Staff Meetings, Executives Talk Up Return of Advertisers"
1221,2024-06-11,The Tesla chief executive had claimed that the A.I. start-up put profits and commercial interests ahead of benefiting humanity. Elon Musk Withdraws His Lawsuit Against OpenAI and Sam Altman
1222,2024-06-05,"The Texas Stock Exchange, based in Dallas, has the backing of BlackRock and Citadel Securities. But challengers to the dominant New York markets have gained little traction. New Stock Exchange in Texas Takes Aim at N.Y.S.E. and Nasdaq"
1223,2024-06-12,The eight workers say they were wrongfully fired after circulating a memo raising concerns about sexual harassment at the rocket company led by Elon Musk. SpaceX Is Sued by Employees Fired After Criticizing Musk
1224,2024-06-18,The company became the latest electric vehicle start-up to fail to meet investors’ expectations after a high-profile public debut. E.V. Maker Fisker Files for Bankruptcy as Cash Runs Short
1225,2024-06-12,"Leaders in Brussels, Washington and beyond are trying to curb China’s automobile ambitions amid rising trade tensions and fears of a glut of Chinese cars flooding global markets. European Union Hits E.V.s From China With Extra Tariffs Up to 38%"
1226,2024-06-11,"The tech giant announced a slew of artificial intelligence-focused features, but also signaled it will be patient in rolling out the technology to users. Apple’s Go-Slow A.I. Approach"
1227,2024-06-10,Wall Street and Silicon Valley will be watching the company’s developers conference closely for signs of whether the iPhone maker can finally catch up on artificial intelligence. Can Apple Think Different on A.I.?
1228,2024-06-13,"Markets appear to be dismissing the central bank’s more pessimistic take on inflation, as the S&P 500 nears a new high. Why Investors Don’t Believe the Fed"
1229,2024-06-12,"The tariffs had been expected for months, but many European automakers warned that they would drive up prices for consumers and set off a trade war with China. What to Know About Europe’s Extra Tariffs on Chinese Electric Cars"
1230,2024-06-13,"Computer-aided driving has official support and public acceptance, but state media seldom reports crashes or safety incidents, and online posts are censored. How Safe Are Driverless Cars in China? I Rode in Some to See."
1231,2024-06-28,"The S&P 500 has climbed sharply this year, with few big swings. Below the surface, though, there’s a great deal of turmoil Wall Street Seems Calm. A Closer Look Shows Something Else."
1232,2024-06-10,California legislators have made the biggest push to pass new laws to rein in the technology. Colorado passed one protecting consumers. States Take Up A.I. Regulation Amid Federal Standstill
1233,2024-06-25,"The chipmaker’s stock has tumbled in recent days, a reminder that the artificial intelligence stock boom could be tough to sustain. Inside Nvidia’s $500 Billion Wipeout"
1234,2024-06-01,"“The consumer was a fat pig — now there’s nothing left, and they need to feed the pig again,” one banker told DealBook. Companies Counter Pushback on Price Increases With Promotions"
1235,2024-06-05,The European Central Bank is widely expected to cut interest rates on Thursday. But how low it can go may ultimately depend on the Federal Reserve. Europe’s Fed Problem
1236,2020-01-29,"Faith in Elon Musk’s company has driven its stock to new heights. But detractors think their skepticism will be vindicated in the end. As Tesla Earnings Arrive, Bulls and Bears Continue to Spar"
1237,2020-01-29,"The electric-car maker and its chief, Elon Musk, head into a potentially crucial year on a positive note. Tesla Posts $105 Million Profit for Quarter, Extending Rebound"
1238,2020-01-22,The chief executive could get a stock award worth hundreds of millions if the carmaker’s market capitalization is sustained in the months ahead. Tesla Value Hits $100 Billion. Will Elon Musk Get a Big Bonus?
1239,2020-01-03,"The electric-car maker ended a volatile year with a 50 percent jump in deliveries, sending its shares to a new high. Tesla Reports Record Output as Elon Musk Achieves Goal"
1240,2020-01-30,"Tesla reported a $105 million quarterly profit yesterday, convincing backers that the company has solved its problems — while doubters aren’t convinced. Elon Musk Hits Back at Critics"
1241,2020-01-01,"Sales doubled in 2019, but the industry’s tipping point — severing ties to the gas pump — still lies ahead. These cars will help make that happen. 10 Electric Vehicles to Watch"
1242,2020-01-23,"As China closes off cities affected by the growing viral outbreak, business leaders at the World Economic Forum fear a replay of the SARS epidemic. Fears Over New Coronavirus Grip Davos"
1243,2020-01-23,"Like other central banks, the E.C.B., which met on Thursday, is scrambling to prepare for what a report warns could be a coming economic upheaval. Climate Change Could Blow Up the Economy. Banks Aren’t Ready."
1244,2020-01-09,"The tech giant said it would not impose limits on such advertising, despite pressure from liberal and conservative critics. Facebook Won’t Take Down Misleading Political Ads"
1245,2020-01-28,"Companies have gotten skilled at producing topical ads. But after bungling other recent celebrity deaths, they are showing some tact this time around. Kobe Bryant’s Death and the Pitfalls for Big Brands"
1246,2020-01-04,"Americans are also continuing to buy ever bigger cars, at prices escalating faster than the overall inflation rate. Low Rates, Cheap Gas and Deeper Debt Sustain Car Buying Boom"
1247,2020-01-21,"The police raided offices in the latest diesel investigation of a major carmaker, adding to the troubles of the Renault-Nissan-Mitsubishi alliance. Mitsubishi Is Target of Emissions-Cheating Inquiry in Germany"
1248,2020-01-22,"The futuristic Origin, which seats six passengers and lacks a steering wheel, will require intensive testing and regulatory scrutiny before it can hit the streets. G.M.’s Cruise Unveils a Self-Driving Car. Don’t Look for It on Roads."
1249,2020-01-31,"American, Delta and United will halt service to the Chinese mainland, widening the impact of the outbreak on business and travel. 3 Major U.S. Airlines Suspend China Flights Over Coronavirus"
1250,2020-01-24,An analysis of a phone belonging to Jeff Bezos found malicious code was hidden in a video sent from a WhatsApp account belonging to Crown Prince Mohammed bin Salman. The Week in Tech: A Tech Mogul’s Phone and the Saudi Crown Prince
1251,2020-01-10,Boeing released more than 100 pages of internal messages about the 737 Max to Congress. It didn’t make for comfortable reading. ‘This Airplane Is Designed by Clowns’
1252,2020-01-14,"Aventura Mall, near Miami, isn’t shy about investing in its infrastructure and is widely considered one of the most successful malls in the country. Dying Malls? This One Has Found a Way to Thrive"
1253,2020-01-27,The N.B.A. great was known for his feats on the court. But he had also been building a reputation as an investor and entrepreneur. Kobe Bryant’s Death Cuts Short a Budding Business Career
1254,2020-02-25,The National Transportation Safety Board called for improvements in the electric-car company’s driver-assistance feature and cited failures by other agencies. Tesla Autopilot System Found Probably at Fault in 2018 Crash
1255,2020-02-13,The electric-car maker said the agency was also looking into contracts and “regular financing arrangements.” Tesla Faces a New S.E.C. Investigation
1256,2020-02-04,Traders who bet against Tesla’s success could be the ones now pushing the share price higher. Tesla’s Stock Is Up 36% in Two Days. What’s Going On?
1257,2020-02-03,News about its battery suppliers and optimistic analyses helped lift the electric-vehicle maker’s share price Monday. Tesla Stock Soars by More Than $100
1258,2020-02-14,"The airline pledges to spend at least $1 billion to buy emission offsets and invest in more efficient planes, new fuel sources and carbon-capture technologies. Delta Plans to Go Carbon Neutral. Yes, You Read That Right."
1259,2020-02-06,The tech giant is reportedly weighing whether to divest its third-party ad business to assuage antitrust regulators. Should Google Shrink to Save Itself?
1260,2020-02-05,"The social network, which Facebook bought for $1 billion in 2012, reportedly collected $20 billion in ad revenue last year — surpassing YouTube’s ad sales. Was Instagram the Steal of the Century?"
1261,2020-02-26,The Fed’s vice chair warned that the disruptions “could spill over to the rest of the global economy.” Another Rocky Day in the Markets as the Coronavirus Spreads
1262,2020-02-05,Solid economic reports and corporate earnings bolstered equity and commodity markets. Stocks Shrug Off Outbreak Worries and Reach New Record
1263,2020-02-04,"Hyundai will idle plants in South Korea, pointing to a shortage of components due to the coronavirus outbreak and hinting at trouble for other manufacturers. Virus Exposes Cracks in Carmakers’ Chinese Supply Chains"
1264,2020-02-07,"To invest while supporting animal welfare, socially conscious funds may support Chipotle, but not Burger King and its Impossible Whopper. How a Vegan Ends Up With Leather in Her Portfolio"
1265,2020-02-07,"The virus outbreak has rattled the global economy, disrupting supply chains and closing off access to a lucrative consumer market. From Starbucks to FedEx, Coronavirus Upends Businesses That Depend on China"
1266,2020-03-19,"The electric carmaker had continued making cars in recent days in apparent defiance of a local county order limiting operations of nonessential businesses. After Mounting Criticism, Tesla Will Shut Down California Factory"
1267,2020-03-19,"Tractor-trailer fleets will take time to electrify, and start-ups and established truck makers are racing to get their models on the road. Big Rigs Begin to Trade Diesel for Electric Motors"
1268,2020-03-04,General Motors says it is aiming to sell a million electric cars and trucks annually by 2025 in the United States and China. G.M. Lays Out Ambitions for Electric-Vehicle Lineup to Rival Tesla
1269,2020-03-18,"G.M., Ford Motor and Fiat Chrysler were under pressure from the autoworkers union to shut down plants in response to the coronavirus outbreak. Automakers to Close Factories in North America"
1270,2020-03-04,"Considered a “supermini” in Europe, the Peugeot 208 beat out seven finalists, including Tesla’s Model 3 and the Porsche electric Taycan. No Auto Show in Geneva, but the Car of the Year Must Go On"
1271,2020-03-19,Stocks remained volatile even as governments took steps to offset the sharp decline gripping their economies. Stocks Inch Higher as Wall Street’s Turmoil Continues
1272,2020-03-27,We’re highlighting some of the more heartening things that caught our attention as the world mobilizes against the coronavirus pandemic. It’s Not All Bad. Here’s Proof.
1273,2020-03-03,"On Super Tuesday, moderates are coalescing around Joe Biden in hopes of preventing Bernie Sanders from amassing an insurmountable lead. Capitalists Make Their Case Against Sanders"
1274,2020-03-20,There is little doubt that a severe economic downturn awaits. How bad it gets depends on the nature of the government response. The Coronavirus Bailouts Begin to Take Shape
1275,2020-03-12,"Businesses are adjusting to a new reality in which everyday social interactions are altered, travel is restricted and general economic activity is limited. The Business World Wakes Up to a Pandemic"
1276,2020-03-23,"In an echo of 2008, partisan wrangling caused a giant stimulus bill to stumble, even as the market plunged and businesses buckled. What Will Fill a $4 Trillion Hole in the Economy?"
1277,2020-03-30,Live updates on stock market and business news during the coronavirus outbreak. Ford Joins Effort to Make Ventilators
1278,2020-03-02,"A new study examines YouTube’s efforts to limit the spread of conspiracy theories on its site, from videos claiming the end times are near to those questioning climate change. Can YouTube Quiet Its Conspiracy Theorists?"
1279,2020-04-30,"On earnings calls with investors, executives are addressing the effects of the pandemic in radically different ways. Elon Musk and Mark Zuckerberg Aren’t on the Same Page"
1280,2020-04-16,"For city dwellers who would love an E.V., the biggest hurdle might be keeping it juiced up without a garage or other convenient charging stations. ‘Charger Desert’ in Big Cities Keeps Electric Cars From Mainstream"
1281,2020-04-01,"After a strong first two months of the year, sales tumbled in March as Americans stayed home. Auto Sales Plummet in First Quarter as Coronavirus Keeps Buyers Away"
1282,2020-04-29,The latest on stock market and business news during the coronavirus outbreak. Wall Street Rallies as the Fed Promises to Shore Up the Economy
1283,2020-04-23,"A growing array of specialty shops are turning classics into silent brutes with tire-burning torque and vintage style. A Trip to the Garage, for an Electric Switch"
1284,2020-04-27,"The tire maker’s C.E.O. says the company must be ready for the end of quarantine, but French unions are wary. After Closing for the Virus, Is Michelin Moving Too Quickly?"
1285,2020-04-17,"Faced with closings and plunging sales while more Americans lose their jobs, entrepreneurs are becoming more nimble. ‘I Didn’t Want to Shut My Doors’: Businesses Find Ways to Survive"
1286,2020-04-05,The pandemic has prompted many in the field to focus on ways to address it and anticipate its aftermath. How Economists Are Trying to Answer Coronavirus Questions
1287,2020-04-27,"As the U.S. government’s small-business rescue fund reopens today, outrage remains about bigger companies that tapped the first round of loans. The Loans and the Fury"
1288,2020-05-13,Mr. Musk opened his California factory this week in defiance of local orders. He has also criticized the response to the pandemic as “dumb” and “fascist.” Coronavirus Wrecked Tesla’s Momentum and Elon Musk Is Furious
1289,2020-05-19,A liberal status symbol now has a founder who is moving to the right. Tesla Owners Try to Make Sense of Elon Musk’s ‘Red Pill’ Moment
1290,2020-05-08,"The electric car company told employees to report to work Friday, but a county official said Tesla did not meet the requirements for resuming production. Tesla Tells Workers It Will Reopen California Factory Despite County Order"
1291,2020-05-09,He says he’ll move the headquarters of his electric car company out of California to Texas or Nevada. Elon Musk Lashes Out at Officials Keeping Tesla Plant Closed Over Virus
1292,2020-05-01,The electric car company’s stock fell 10 percent after the chief executive took to Twitter to try to talk down its recent surge. Elon Musk Says Tesla Share Price Is Too High
1293,2020-05-29,"Dealerships have long resisted e-commerce, but with many showrooms closed, the dynamic is changing. Pandemic Forces Car Dealers to Do the Unthinkable: Sell Online"
1294,2020-05-14,"The Microsoft chief says the recovery will be more like a “dial” than a “switch,” and worries about what is lost when everybody works from home. What Satya Nadella Thinks"
1295,2020-05-12,"The central bank will buy corporate bonds for the first time in its history, as part of an eagerly anticipated package of pandemic rescue measures. The Fed Is Buying E.T.F.s Today"
1296,2020-05-11,The Tesla C.E.O.’s dispute with California foreshadows a potential clash between businesses and states over public health measures. Elon Musk Is ‘Not Messing Around’
1297,2020-05-07,"Electric Hummers and Cybertrucks, as well as the next generation of S.U.V.s, will signal the arrival of the E.V. era in America if they start to sell in big numbers. New Breed of Pickups Mixes Horsepower and Battery Power"
1298,2020-05-11,The latest on stock market and business news during the coronavirus outbreak. Tesla to Restart Bay Area Factory in Defiance of Local Order
1299,2020-05-12,The latest on stock market and business news during the coronavirus outbreak. Stocks Fall Amid Concerns Over Recovery
1300,2020-05-08,The latest on stock market and business news during the coronavirus outbreak. U.S. Jobs Report Shows Clearest Data Yet on Economic Toll
1301,2020-05-17,"After being idle for nearly two months, G.M., Ford and Fiat Chrysler will restart assembly plants on Monday with masks, gloves and curtains. Autoworkers Are Returning as Carmakers Gradually Crank Up Factories"
1302,2020-05-27,"Elon Musk’s spacecraft company is scheduled to send two astronauts into orbit today, a major milestone for the commercial space business. One Giant Leap for SpaceX"
1303,2020-05-17,"Businesses start coming back to life, but will it lead to a resurgence of virus cases? The Week in Business: Ready or Not, Here Comes the Reopening"
1304,2020-05-21,"A computer scientist argues that the quest for fully automated robots is misguided, perhaps even dangerous. His decades of warnings are gaining more attention. A Case for Cooperation Between Machines and Humans"
1305,2020-05-27,The latest on stock market and business news during the coronavirus outbreak. Reopening Optimism Helps Wall Street
1306,2020-05-22,Here’s the one question that matters: Does Google rig the system to squash its rivals and hurt us? Why All the Shouting About Google?
1307,2020-05-10,"From the front, the Solo looks like a car, with hood, grille and headlights. Take a peek from behind, however, and it tapers down to just one wheel. Not Quite a Car, Not Quite a Motorcycle: A Vehicle Built for One"
1308,2020-05-29,Fleets of vehicles roaming streets waiting to be hailed are more efficient. But the coronavirus has made people think twice about the future of car ownership even when autonomous tech arrives. Who Will Own the Cars That Drive Themselves?
1309,2020-05-19,"For all the high-minded talk among techies, their new favorite app is an invite-only (so far) social network for mingling with one another. The Hot New Thing in Clubby Silicon Valley? An App Called Clubhouse"
1310,2020-05-04,"Unlike his spending spree during the 2008 financial crisis, the Berkshire Hathaway chief is keeping his wallet closed. Warren Buffett Isn’t Buying Anything"
1311,2020-05-29,President Trump is taking aim at social networks over treatment of his tweets. Twitter responded by putting a warning on another of his posts. It’s Trump vs. Twitter
1312,2020-05-13,"Plunging sales could force factories to close and lead to takeovers and mergers, but also bolster sales of electric cars. The Pandemic Will Permanently Change the Auto Industry"
1313,2020-05-18,"The Alibaba founder stepped down from SoftBank’s board on the day it posted a huge loss, dragged down by its once-vaunted technology investment fund. Jack Ma Quits SoftBank"
1314,2020-05-01,The latest on stock market and business news during the coronavirus outbreak. U.S. Stocks End the Week Lower After Tech Earnings
1315,2020-06-27,Six former employees were recently named in federal charges that were an indication of the lengths some companies will go to hit back at detractors. EBay’s Critics Faced an Extreme Case of an Old Silicon Valley Habit
1316,2020-06-02,The Facebook founder is dealing with an employee revolt over the company’s position to allow inflammatory posts from President Trump on its platform. Mark Zuckerberg’s Biggest Challenge Yet
1317,2020-06-10,The latest on stock market and business news during the coronavirus outbreak. Fed Expects Unemployment Rate to Stay High
1318,2020-06-11,"Facing tepid sales and criticism from environmental groups, the Swiss food giant is looking to exit brands like Poland Spring and Deer Park. Nestlé Weighs Sale of Water Unit in Push Toward Sustainability"
1319,2020-06-26,"The online retailer is taking steps to move people, as well as packages. Amazon to Buy Zoox, in a Move Toward Self-Driving Cars"
1320,2020-06-24,Jeff Ubben is leaving the hedge fund he founded for a new venture focused on “inclusive capitalism.” He thinks traditional finance is played out. The Activist Investor Done With Finance
1321,2020-06-08,"Swarms of accounts are amplifying Beijing’s brash new messaging as the country tries to shape the global narrative about the coronavirus and much else. Behind China’s Twitter Campaign, a Murky Supporting Chorus"
1322,2020-06-22,"Jay Clayton, the nation’s top securities regulator, has been thrust into a political firestorm. Where does that leave the S.E.C.? The Risk of ‘Overnight Ruin’"
1323,2020-07-23,"The result was achieved “despite tremendous difficulties,” said the chief executive, Elon Musk, including a plant shutdown and lower sales. Tesla Turns a Profit in a Pandemic-Squeezed Quarter"
1324,2020-07-22,"Most traditional carmakers are struggling to produce and market electric vehicles even as Tesla sells hundreds of thousands of its luxury models. In Electric Car Market, It’s Tesla and a Jumbled Field of Also-Rans"
1325,2020-07-14,A ruling by a state court contradicts Elon Musk’s bullish view of autonomous driving technology. German Court Says Tesla Self-Driving Claims Are Misleading
1326,2020-07-02,The electric carmaker’s deliveries fell only modestly as sales in China and other overseas markets nearly made up for lost sales in the United States. Tesla Shines During the Pandemic as Other Automakers Struggle
1327,2020-07-27,"Profound changes may result if remote working becomes more widespread and long-term, creating winners and losers. The New World of Work"
1328,2020-07-23,An unexpected profit pushed Tesla’s turbocharged shares even higher. Will the electric-car maker join the S&P 500 soon? Elon Musk Delivers a Big Surprise
1329,2020-07-07,"Sunrun is acquiring Vivint in an all-stock deal, valued at $3.2 billion, leaving Tesla further behind as a provider of residential solar panels and batteries. Solar Deal Would Create a New Industry Giant"
1330,2020-07-23,"The result was achieved “despite tremendous difficulties,” said the chief executive, Elon Musk, including a plant shutdown and lower sales. Tesla turned a surprise profit despite a plant shutdown and lower sales."
1331,2020-07-27,"Tesla has been riding high lately, and so has its billionaire chief executive, Elon Musk. But in recent days, notes today’s DealBook newsletter, Mr. Musk has gotten into a few public scrapes, including briefly with his partner, the musician Grimes. Elon Musk courts more controversy."
1332,2020-07-20,"More than 90 companies listed on the S&P 500 report their latest earnings this week. So far, 73 percent of blue-chip companies that have released second-quarter results beat analyst expectations, according to FactSet. Can they keep it up? Here’s the business news to watch this week."
1333,2020-07-02,"A swell in coronavirus cases is forcing U.S. cities, states and companies to change course, threatening what had appeared to be a fragile economic comeback. The Big U-turn"
1334,2020-07-13,"Daily virus cases are setting records and fears are rising that the economic recovery is fizzling. Investors seem unfazed. Infections Rise, Earnings Fall, Stocks Go ... Up?"
1335,2020-07-08,"Civil rights groups criticized the company’s top executives, Mark Zuckerberg and Sheryl Sandberg, after a meeting about its policies on hate speech. Facebook’s Big Meeting Didn’t Go So Well"
1336,2020-07-22,Congress is scrambling to approve the next round of coronavirus aid — but serious disagreements remain. Racing Toward the Cliff
1337,2020-07-14,"Some workers are calling on the industry to shut down plants in states where virus cases have increased sharply in recent weeks. Automakers Are Making Cars, but Virus Surge Puts That at Risk"
1338,2020-07-15,Big banks say that it could get worse before it gets better. The ‘Moment of Truth’
1339,2020-07-07,We now know the names of many of the businesses that received $521 billion in small-business rescue loans. Some of the recipients will raise eyebrows. Follow the Money
1340,2020-07-14,"The specialized deal structures known as SPACs are having a moment, striking big takeovers and raising huge new funds. Big Blank Checks"
1341,2020-07-20,"Corporate leaders are increasingly gloomy about the economic recovery, citing the fight over masks and the prospect of renewed lockdowns. C.E.O.s Say ‘It’s a Grind’"
1342,2020-07-30,These moments stood out during the congressional hearing about Big Tech’s market power. Congress Versus the ‘Emperors’
1343,2020-07-01,The latest on stock market and business news during the coronavirus outbreak. Stock Markets Edge Higher
1344,2020-07-02,The latest on stock market and business news during the coronavirus outbreak. U.S. Added Nearly 5 Million Jobs in June
1345,2020-07-20,Anger at lockdowns and mask mandates provides fertile ground for arguments about the best way to fight the virus. An Ex-Times Reporter. An Ohio Wedding Provider. Covid Contrarians Go Viral.
1346,2020-08-23,"Special purpose acquisition companies, or SPACs, are helping them and other fledgling companies raise money and gain coveted stock listings. Electric Vehicle Makers Find a Back Door to Wall Street"
1347,2020-08-04,"Jim Hackett, who failed to impress Wall Street, will be replaced by James Farley, an auto industry veteran who started his career at Toyota. Ford, Struggling in a Changing Industry, Replaces Its C.E.O."
1348,2020-08-04,"Ford Motor said its chief executive, Jim Hackett, will retire on Oct. 1, ending a three-year run in which the automaker has worked with mixed results to streamline its operations and focus its business on electric cars, trucks and sport-utility vehicles. Ford’s chief Jim Hackett to retire as company tries to regain momentum."
1349,2020-08-06,"Pineapple “leather,” flax seed instead of plastic: Tarform, based in Brooklyn, aims to set a standard with its retro-futuristic cafe racer. ‘Motorcycle of Tomorrow’ Is Heavy on Flair and Light on the Environment"
1350,2020-08-18,"A new suitor emerges for TikTok and the White House imposes more restrictions on Huawei. The net effect of such moves could be a fracturing of the web. TikTok, Huawei and the ‘Splinternet’"
1351,2020-08-13,A quick spin through the markets. Check Out These Charts
1352,2020-08-27,"With deliveries surging during the pandemic, carriers like UPS and FedEx and companies like Amazon are renewing their push toward electric vehicles. Soon, the Kitty Litter Will Come by Electric Truck"
1353,2020-08-20,"Today, they’re wired and heated, laden with controls. Soon, they could be reserved only for classic cars. Steering Wheels’ Past, Present and (Autonomous) Future"
1354,2020-08-07,The restrictions on the two Chinese-owned apps followed a familiar model for other policy announcements on China from the Trump administration. Trump’s Orders on WeChat and TikTok Are Uncertain. That May Be the Point.
1355,2020-08-26,A tech start-up named for objects in “The Lord of the Rings” has become a major government contractor. But what it does is not easy to understand. What’s a Palantir? The Tech Industry’s Next Big I.P.O.
1356,2020-08-12,Joe Biden’s selection of a relatively moderate vice-presidential running mate seems to have been well received among the executive class. What Kamala Harris Means for Wall Street and Silicon Valley
1357,2020-08-07,"The all-purpose app, which the administration is restricting along with TikTok, is how many Chinese living abroad stay in touch with one another, and with people back home. Targeting WeChat, Trump Takes Aim at China’s Bridge to the World"
1358,2020-08-16,"Millions of children have flocked to the online gaming site Roblox since March. That’s helping game developers, some as young as 16, make a lot of money. Where Has Your Tween Been During the Pandemic? On This Gaming Site"
1359,2020-09-23,"Tesla said it was working on advances that would lower the cost of batteries and increase their capacity to store energy. Elon Musk Promises to Make a $25,000 Tesla (in 3 Years)"
1360,2020-09-20,Battery prices are dropping faster than expected. Analysts are moving up projections of when an electric vehicle won’t need government incentives to be cheaper than a gasoline model. The Age of Electric Cars Is Dawning Ahead of Schedule
1361,2020-09-02,"Defying the pandemic, the German carmaker began producing a new S-Class, one of its biggest moneymakers. But can it catch up to Tesla? Who Needs a $100,000 Car Right Now? Mercedes Thinks You Do"
1362,2020-09-09,A pause of AstraZeneca’s trials over safety concerns raises issues about what life without a Covid-19 vaccine will look like. What if There Isn’t a Vaccine for Years?
1363,2020-09-25,"The editors and reporters for the DealBook newsletter listen to many corporate conference calls, sift through a lot of company reports and otherwise digest all of the most important business news. These are some of the quotes that caught our attention this week: What we heard on earnings calls this week."
1364,2020-09-21,"Trevor Milton, founder and executive chairman of Nikola, resigned after an investment fund accused him of making false assertions about his company’s technology. Head of Nikola, a G.M. Electric Truck Partner, Quits Amid Fraud Claims"
1365,2020-09-28,A major investigation into President Trump’s finances shows that his businesses reported huge losses. That may have been part of the plan. How Much Did Trump Win by Losing?
1366,2020-09-01,"The app is the latest front in an intensifying tech Cold War between the U.S. and China, with collateral damage for companies around the world. Tit for Tat for TikTok"
1367,2020-09-27,Rising jobless claims signal a stalling economic recovery — and a long fall ahead. The Week in Business: The Recovery Hits a Wall
1368,2020-09-24,"Square plans to put $100 million into programs to bolster Black communities, joining the likes of Netflix and others. Another Big Investment in Racial Justice"
1369,2020-09-02,Republicans and Democrats agree that the U.S. economy could use more stimulus. They can’t agree on how to do it. The Economy Needs Help
1370,2020-09-19,"Beijing issued rules that could allow it to halt exports, imports and investments by businesses accused of endangering national security. After Trump’s TikTok Ban, China Readies Blacklist of Foreign Companies"
1371,2020-09-21,Leading candidates to fill her seat on the Supreme Court are likely to rule in favor of conservative causes that could affect Corporate America. How Ginsburg’s Successor Could Remake Business
1372,2020-09-25,"As workers return to the workplace, some will inevitably test positive. There’s a debate about who should be notified. There’s Covid in the Office. Who Should Know?"
1373,2020-09-23,"Tencent, one of China’s most powerful tech companies, is coming into the administration’s sights. Is This Trump’s Next Chinese Target?"
1374,2020-09-18,"They said the administration’s policies were driving away technology talent and could do long-term damage to their industry. Computing Pioneers Endorse Biden, Citing Trump Immigration Crackdown"
1375,2020-09-14,"A court-appointed monitor said in a final report that the carmaker has become more ethical following a devastating emissions cheating scandal, but ‘continued vigilance’ is needed. Volkswagen Has Kept Promises to Reform, U.S. Overseer Says"
1376,2020-09-28,"Big crowds at places like the Beijing auto show are a sign of good news, but China needs its less affluent to spend more before its growth engine can return to full speed. China’s Economy Comes Roaring Back, Led by Wealthy Consumers"
1377,2020-09-21,"While BP and other European companies invest billions in renewable energy, Exxon and Chevron are committed to fossil fuels and betting on moonshots. U.S. and European Oil Giants Go Different Ways on Climate Change"
1378,2020-09-03,"Autos worth $500 or less have competed for 15 years in a circuslike race called 24 Hours of Lemons. Now electric vehicles have been invited, with no limit on spending. Endurance Racing With Cars That Belong in a Demolition Derby"
1379,2020-09-22,When it involves TikTok. When Is a Deal Not a Deal?
1380,2020-10-02,"Tesla reported record deliveries in the third quarter as growing interest in electric vehicles and other cars boosted sales across the industry. Led by Tesla, Auto Industry Rebounds as Car Sales Surge"
1381,2020-10-15,The Tesla Model S and the Porsche Taycan give environmentally conscious speedsters an outlet for their desires. How Green Is That Electric Car? And When It Hits 100 M.P.H.?
1382,2020-10-22,"The Polestar 2 inherits some classic Scandinavian design elements from its Volvo lineage, but aims to be a little more free spirited. An Electric Car With Swedish Roots, and a Rebellious Streak"
1383,2020-10-29,"Muscle cars have fought for decades to be the brawniest. Now electric cars are pushing the envelope, past even 1,000 horsepower. When One Car Has More Horsepower Than Churchill Downs"
1384,2020-10-06,"Spurred by Brexit, London is backing companies that will build satellites and haul them into orbit. Britain Is Getting Ready for Its Space Race"
1385,2020-10-19,Will it help or hurt the economy? Running the Numbers on Biden’s Tax Policy
1386,2020-10-27,The Chinese fintech firm is set to break I.P.O. records. A Mighty Ant
1387,2020-10-22,The start-up’s demise may not be as bad for investors as it seems. Quibi’s Quick End
1388,2020-11-17,"Tesla will join the S&P 500 next month, earning a mark of corporate maturity that may only add to the remarkable rise in its stock price. Tesla is joining the S&P 500, and that could have investors scrambling to buy its shares."
1389,2020-11-19,General Motors says it will increase its investment and model offerings over the next five years “to expedite the transition to E.V.s.” G.M. Accelerates Its Ambitions for Electric Vehicles
1390,2020-11-30,"A new agreement, supplying hydrogen fuel cell technology from General Motors, is narrower than the partnership outlined in September. G.M. Scales Back Alliance With Electric Truck Start-Up Nikola"
1391,2020-11-17,"We have questions for Dr. Anthony Fauci, Masa Son, Senator Elizabeth Warren and more. Here’s the Line-up for Day 1 of the DealBook Online Summit"
1392,2020-11-11,"The fuel could play an important role in fighting climate change, but it has been slow to gain traction because of high costs. California Is Trying to Jump-Start the Hydrogen Economy"
1393,2020-11-09,"Two employees of Virgin Hyperloop traveled on a small system the company has built near Las Vegas, the first such manned test. A Step Forward in the Promise of Ultrafast ‘Hyperloops’"
1394,2020-11-03,"The government hopes to turn Hainan Island into a financial and shopping destination. Matching the former British colony won’t be easy. China Envisions a New Hong Kong, Firmly Under Its Control"
1395,2020-11-23,"Intel and Nvidia chips power a supercomputing center that tracks people in a place where government suppresses minorities, raising questions about the tech industry’s responsibility. China’s Surveillance State Sucks Up Data. U.S. Tech Is Key to Sorting It."
1396,2020-11-05,"A scandal led to a $2.9 billion trust fund for states to put cleaner vehicles on their roads. A lot of the money has gone to more diesel vehicles. How VW’s Diesel Settlement Is Changing Fleets, From Schools to Seaports"
1397,2020-11-24,"The former Fed chief is poised to return to government as Treasury secretary, with big challenges ahead. Janet Yellen’s Next Mission Will Be Tough"
1398,2020-11-16,"Jay Clayton, who has led the securities regulator since 2017, will leave by the end of the year. Trump’s S.E.C. Chairman Is Stepping Down"
1399,2020-11-30,Salesforce’s approach for Slack is a sign of things to come. Companies Bet Big on Working From Home
1400,2020-12-22,Investors are betting that small companies like Workhorse will help popularize electric commercial vehicles. And Tesla aims to extend its reach. A Race to Become the Tesla of Delivery Trucks and Vans
1401,2020-12-31,"As Tesla completes a factory in Berlin, Mercedes-Benz and Audi are introducing electric cars in bids to defend their dominance of the luxury market. German Automakers Are Charged Up and Ready to Take on Tesla"
1402,2020-12-18,"The electric-car maker will be the biggest addition in the history of the benchmark index. Will that settle down its swings? Tesla, Profitable at Last, Bulls Its Way Into the S&P 500"
1403,2020-12-23,"The president threatened to upend a hard-fought compromise, but he may not get what he wants. Trump Threw the Stimulus a Curveball"
1404,2020-12-22,Russian hackers appear to have attacked systems for senior officials of the department. The Big Hack Breaches Treasury’s Top Levels
1405,2020-12-21,"Congress finally reached a stimulus deal. Some worry it’s too little, too late. It’s Finally Here. But Is It Enough?"
1406,2020-12-08,"Mr. Musk said on Tuesday that he had moved to be near a new factory Tesla is building outside Austin. Elon Musk says he has moved to Texas, from California."
1407,2020-12-21,"Financial markets were jolted on Monday after the emergence of a fast-spreading coronavirus variant led to the suspension of some trade and travel with Britain as well as another lockdown in London, a new threat that overshadowed progress in Washington toward a long-awaited economic aid package. Stocks are roiled as a fast-spreading virus strain in Britain overshadows the stimulus deal."
1408,2020-12-03,"Aston Martin and Bentley are the latest to press further into the sport utility market, where Land Rover made its name and is still riding high. The S.U.V.-ification of Everything Comes to Classic British Marques"
1409,2020-12-02,The president-elect’s economic team says that it’s all about workers. The Biden Spin on ‘America First’
1410,2020-12-28,Mike Strizki powers his house and cars with hydrogen he home-brews. He is using his retirement to evangelize for the planet-saving advantages of hydrogen batteries. The Gospel of Hydrogen Power
1411,2020-12-09,A panel of experts debate what post-Covid policy should focus on. Priorities for a Post-Pandemic World
1412,2020-12-26,"Investors of all stripes piled into stocks this year, creating levels of froth reminiscent of the dot-com boom. Analysts say there’s room to go higher, but some worry about a bubble. Market Edges Toward Euphoria, Despite Pandemic’s Toll"
1413,2020-12-01,It will ask the S.E.C. to approve a new rule requiring more diverse corporate directors. Nasdaq Pushes for Diversity in the Boardroom
